2025-10-23 13:43:32:4332 [33mwarn[39m: [33mBody validation failed[39m
2025-10-23 13:43:32:4332 [33mwarn[39m: [33mClient Error Validation failed: Email must be a valid email address[39m
2025-10-23 13:43:37:4337 [33mwarn[39m: [33mBody validation failed[39m
2025-10-23 13:43:37:4337 [33mwarn[39m: [33mClient Error Validation failed: Password must be at least 6 characters long[39m
2025-10-23 13:43:50:4350 [33mwarn[39m: [33mBody validation failed[39m
2025-10-23 13:43:50:4350 [33mwarn[39m: [33mClient Error Validation failed: Email must be a valid email address[39m
2025-10-23 13:43:50:4350 [33mwarn[39m: [33mBody validation failed[39m
2025-10-23 13:43:50:4350 [33mwarn[39m: [33mClient Error Validation failed: Password is required, Password must be a string[39m
2025-10-23 13:43:50:4350 [33mwarn[39m: [33mBody validation failed[39m
2025-10-23 13:43:50:4350 [33mwarn[39m: [33mClient Error Validation failed: Email must be a valid email address[39m
2025-10-23 13:43:50:4350 [33mwarn[39m: [33mBody validation failed[39m
2025-10-23 13:43:50:4350 [33mwarn[39m: [33mClient Error Validation failed: Password must be at least 6 characters long[39m
2025-10-23 13:43:50:4350 [33mwarn[39m: [33mBody validation failed[39m
2025-10-23 13:43:50:4350 [33mwarn[39m: [33mClient Error Validation failed: Password must not exceed 100 characters, Password must be at least 6 characters long, Password must be a string, Name must not exceed 100 characters, Name must be at least 1 character long, Name must be a string[39m
2025-10-23 14:00:06:06 [33mwarn[39m: [33mClient Error Page must be greater than 0[39m
2025-10-23 14:00:06:06 [33mwarn[39m: [33mClient Error Page must be greater than 0[39m
2025-10-23 14:00:06:06 [33mwarn[39m: [33mRequest validation failed: Empty body[39m
2025-10-23 14:00:06:06 [33mwarn[39m: [33mClient Error Request body is required[39m
2025-10-23 14:00:06:06 [33mwarn[39m: [33mRequest validation failed: Empty body[39m
2025-10-23 14:00:06:06 [33mwarn[39m: [33mRequest validation failed: Empty body[39m
2025-10-23 14:00:06:06 [33mwarn[39m: [33mClient Error Request body is required[39m
2025-10-23 14:00:06:06 [33mwarn[39m: [33mRequest validation failed: Empty body[39m
2025-10-23 14:00:06:06 [33mwarn[39m: [33mClient Error Request body is required[39m
2025-10-23 14:00:06:06 [33mwarn[39m: [33mClient Error Request body is required[39m
2025-10-23 14:00:06:06 [33mwarn[39m: [33mRequest validation failed: Empty body[39m
2025-10-23 14:00:06:06 [33mwarn[39m: [33mClient Error Request body is required[39m
2025-10-23 14:00:06:06 [33mwarn[39m: [33mClient Error Page must be greater than 0[39m
2025-10-23 14:00:06:06 [33mwarn[39m: [33mBody validation failed[39m
2025-10-23 14:00:06:06 [33mwarn[39m: [33mClient Error Validation failed: Email must be a valid email address[39m
2025-10-23 14:00:06:06 [33mwarn[39m: [33mBody validation failed[39m
2025-10-23 14:00:06:06 [33mwarn[39m: [33mClient Error Validation failed: Password is required, Password must be a string[39m
2025-10-23 14:00:06:06 [33mwarn[39m: [33mBody validation failed[39m
2025-10-23 14:00:06:06 [33mwarn[39m: [33mClient Error Validation failed: Email must be a valid email address[39m
2025-10-23 14:00:06:06 [33mwarn[39m: [33mBody validation failed[39m
2025-10-23 14:00:06:06 [33mwarn[39m: [33mClient Error Validation failed: Password must be at least 6 characters long[39m
2025-10-23 14:00:06:06 [33mwarn[39m: [33mBody validation failed[39m
2025-10-23 14:00:06:06 [33mwarn[39m: [33mClient Error Validation failed: Password must not exceed 100 characters, Password must be at least 6 characters long, Password must be a string, Name must not exceed 100 characters, Name must be at least 1 character long, Name must be a string[39m
2025-10-23 14:12:50:1250 [33mwarn[39m: [33mBody validation failed[39m
2025-10-23 14:12:50:1250 [33mwarn[39m: [33mClient Error Validation failed: Email must be a valid email address[39m
2025-10-23 14:12:50:1250 [33mwarn[39m: [33mBody validation failed[39m
2025-10-23 14:12:50:1250 [33mwarn[39m: [33mClient Error Validation failed: Password is required, Password must be a string[39m
2025-10-23 14:12:50:1250 [33mwarn[39m: [33mBody validation failed[39m
2025-10-23 14:12:50:1250 [33mwarn[39m: [33mClient Error Validation failed: Email must be a valid email address[39m
2025-10-23 14:12:50:1250 [33mwarn[39m: [33mBody validation failed[39m
2025-10-23 14:12:50:1250 [33mwarn[39m: [33mClient Error Validation failed: Password must be at least 6 characters long[39m
2025-10-23 14:12:50:1250 [33mwarn[39m: [33mBody validation failed[39m
2025-10-23 14:12:50:1250 [33mwarn[39m: [33mClient Error Validation failed: Password must not exceed 100 characters, Password must be at least 6 characters long, Password must be a string, Name must not exceed 100 characters, Name must be at least 1 character long, Name must be a string[39m
2025-10-23 14:12:58:1258 [33mwarn[39m: [33mBody validation failed[39m
2025-10-23 14:12:58:1258 [33mwarn[39m: [33mClient Error Validation failed: Email must be a valid email address[39m
2025-10-23 14:12:58:1258 [33mwarn[39m: [33mBody validation failed[39m
2025-10-23 14:12:58:1258 [33mwarn[39m: [33mClient Error Validation failed: Password is required, Password must be a string[39m
2025-10-23 14:12:58:1258 [33mwarn[39m: [33mBody validation failed[39m
2025-10-23 14:12:58:1258 [33mwarn[39m: [33mClient Error Validation failed: Email must be a valid email address[39m
2025-10-23 14:12:58:1258 [33mwarn[39m: [33mBody validation failed[39m
2025-10-23 14:12:58:1258 [33mwarn[39m: [33mClient Error Validation failed: Password must be at least 6 characters long[39m
2025-10-23 14:12:58:1258 [33mwarn[39m: [33mBody validation failed[39m
2025-10-23 14:12:58:1258 [33mwarn[39m: [33mClient Error Validation failed: Password must not exceed 100 characters, Password must be at least 6 characters long, Password must be a string, Name must not exceed 100 characters, Name must be at least 1 character long, Name must be a string[39m
2025-10-23 14:19:00:190 [33mwarn[39m: [33mBody validation failed[39m
2025-10-23 14:19:00:190 [33mwarn[39m: [33mClient Error Validation failed: Email must be a valid email address[39m
2025-10-23 14:19:00:190 [33mwarn[39m: [33mBody validation failed[39m
2025-10-23 14:19:00:190 [33mwarn[39m: [33mClient Error Validation failed: Password is required, Password must be a string[39m
2025-10-23 14:19:00:190 [33mwarn[39m: [33mBody validation failed[39m
2025-10-23 14:19:00:190 [33mwarn[39m: [33mClient Error Validation failed: Email must be a valid email address[39m
2025-10-23 14:19:00:190 [33mwarn[39m: [33mBody validation failed[39m
2025-10-23 14:19:00:190 [33mwarn[39m: [33mClient Error Validation failed: Password must be at least 6 characters long[39m
2025-10-23 14:19:00:190 [33mwarn[39m: [33mBody validation failed[39m
2025-10-23 14:19:00:190 [33mwarn[39m: [33mClient Error Validation failed: Password must not exceed 100 characters, Password must be at least 6 characters long, Password must be a string, Name must not exceed 100 characters, Name must be at least 1 character long, Name must be a string[39m
2025-10-23 14:19:08:198 [33mwarn[39m: [33mClient Error Page must be greater than 0[39m
2025-10-23 14:23:23:2323 [33mwarn[39m: [33mClient Error Page must be greater than 0[39m
2025-10-23 14:23:23:2323 [33mwarn[39m: [33mBody validation failed[39m
2025-10-23 14:23:23:2323 [33mwarn[39m: [33mClient Error Validation failed: Description must be between 1 and 10000 characters, Description must be a string, Goal cannot exceed $1,000,000, Goal must be at least $0.01, Goal must be a positive number, Goal must be a number, Deadline must be in the future, Deadline must be a valid date string, Category must be one of: TECHNOLOGY, HEALTHCARE, EDUCATION, ENVIRONMENT, ARTS, SPORTS, BUSINESS, OTHER[39m
2025-10-23 14:23:23:2323 [33mwarn[39m: [33mBody validation failed[39m
2025-10-23 14:23:23:2323 [33mwarn[39m: [33mClient Error Validation failed: Goal must be at least $0.01, Goal must be a positive number[39m
2025-10-23 14:23:23:2323 [33mwarn[39m: [33mBody validation failed[39m
2025-10-23 14:23:23:2323 [33mwarn[39m: [33mClient Error Validation failed: Deadline must be in the future[39m
2025-10-23 14:23:23:2323 [33mwarn[39m: [33mClient Error Invalid id format[39m
2025-10-23 14:23:23:2323 [33mwarn[39m: [33mBody validation failed[39m
2025-10-23 14:23:23:2323 [33mwarn[39m: [33mClient Error Validation failed: Amount must be at least $0.01, Amount must be a positive number[39m
2025-10-23 14:23:23:2323 [33mwarn[39m: [33mBody validation failed[39m
2025-10-23 14:23:23:2323 [33mwarn[39m: [33mClient Error Validation failed: Payment method must be one of: CREDIT_CARD, DEBIT_CARD, PAYPAL, BANK_TRANSFER, CRYPTO[39m
2025-10-23 14:23:24:2324 [33mwarn[39m: [33mBody validation failed[39m
2025-10-23 14:23:24:2324 [33mwarn[39m: [33mClient Error Validation failed: Content must be between 1 and 500 characters[39m
2025-10-23 14:23:24:2324 [33mwarn[39m: [33mBody validation failed[39m
2025-10-23 14:23:24:2324 [33mwarn[39m: [33mClient Error Validation failed: Content must be between 1 and 500 characters[39m
2025-10-23 14:23:24:2324 [33mwarn[39m: [33mBody validation failed[39m
2025-10-23 14:23:24:2324 [33mwarn[39m: [33mClient Error Validation failed: Status must be one of: ACTIVE, PAUSED, COMPLETED, CANCELLED[39m
2025-10-23 14:23:24:2324 [33mwarn[39m: [33mBody validation failed[39m
2025-10-23 14:23:24:2324 [33mwarn[39m: [33mClient Error Validation failed: Status must be one of: ACTIVE, PAUSED, COMPLETED, CANCELLED[39m
2025-10-23 14:23:24:2324 [33mwarn[39m: [33mBody validation failed[39m
2025-10-23 14:23:24:2324 [33mwarn[39m: [33mClient Error Validation failed: Status must be one of: ACTIVE, PAUSED, COMPLETED, CANCELLED[39m
2025-10-23 14:23:24:2324 [33mwarn[39m: [33mBody validation failed[39m
2025-10-23 14:23:24:2324 [33mwarn[39m: [33mClient Error Validation failed: Status must be one of: ACTIVE, PAUSED, COMPLETED, CANCELLED, Reason cannot exceed 500 characters[39m
2025-10-23 14:23:24:2324 [33mwarn[39m: [33mBody validation failed[39m
2025-10-23 14:23:24:2324 [33mwarn[39m: [33mClient Error Validation failed: Name must be between 1 and 100 characters[39m
2025-10-23 14:23:24:2324 [33mwarn[39m: [33mBody validation failed[39m
2025-10-23 14:23:24:2324 [33mwarn[39m: [33mClient Error Validation failed: Name must be between 1 and 100 characters[39m
2025-10-23 14:23:24:2324 [33mwarn[39m: [33mBody validation failed[39m
2025-10-23 14:23:24:2324 [33mwarn[39m: [33mClient Error Validation failed: Bio cannot exceed 500 characters[39m
2025-10-23 14:23:24:2324 [33mwarn[39m: [33mBody validation failed[39m
2025-10-23 14:23:24:2324 [33mwarn[39m: [33mClient Error Validation failed: Avatar URL must be a valid URL[39m
2025-10-23 14:23:48:2348 [33mwarn[39m: [33mClient Error [39m
[33mInvalid `this.prisma.campaign.update()` invocation in[39m
[33m/Users/asimsinanyuksel/Desktop/CrowdFunding/src/repositories/CampaignRepository.ts:261:33[39m

[33m  258   throw new Error('Campaign not found');[39m
[33m  259 }[39m
[33m  260 [39m
[33m→ 261 return this.prisma.campaign.update({[39m
[33m        where: {[39m
[33m          id: "3fadd643-3b66-43de-81f3-85fdd6b02361"[39m
[33m        },[39m
[33m        data: {[39m
[33m          status: "PAUSED"[39m
[33m                  ~~~~~~~~[39m
[33m        }[39m
[33m      })[39m

[33mInvalid value for argument `status`. Expected CampaignStatus.[39m
2025-10-23 14:23:48:2348 [33mwarn[39m: [33mBody validation failed[39m
2025-10-23 14:23:48:2348 [33mwarn[39m: [33mClient Error Validation failed: Status must be one of: ACTIVE, PAUSED, COMPLETED, CANCELLED[39m
2025-10-23 14:23:48:2348 [33mwarn[39m: [33mBody validation failed[39m
2025-10-23 14:23:48:2348 [33mwarn[39m: [33mClient Error Validation failed: Status must be one of: ACTIVE, PAUSED, COMPLETED, CANCELLED[39m
2025-10-23 14:23:48:2348 [33mwarn[39m: [33mBody validation failed[39m
2025-10-23 14:23:48:2348 [33mwarn[39m: [33mClient Error Validation failed: Status must be one of: ACTIVE, PAUSED, COMPLETED, CANCELLED, Reason cannot exceed 500 characters[39m
2025-10-23 14:23:49:2349 [33mwarn[39m: [33mClient Error Page must be greater than 0[39m
2025-10-23 14:23:49:2349 [33mwarn[39m: [33mBody validation failed[39m
2025-10-23 14:23:49:2349 [33mwarn[39m: [33mClient Error Validation failed: Description must be between 1 and 10000 characters, Description must be a string, Goal cannot exceed $1,000,000, Goal must be at least $0.01, Goal must be a positive number, Goal must be a number, Deadline must be in the future, Deadline must be a valid date string, Category must be one of: TECHNOLOGY, HEALTHCARE, EDUCATION, ENVIRONMENT, ARTS, SPORTS, BUSINESS, OTHER[39m
2025-10-23 14:23:49:2349 [33mwarn[39m: [33mBody validation failed[39m
2025-10-23 14:23:49:2349 [33mwarn[39m: [33mClient Error Validation failed: Goal must be at least $0.01, Goal must be a positive number[39m
2025-10-23 14:23:49:2349 [33mwarn[39m: [33mBody validation failed[39m
2025-10-23 14:23:49:2349 [33mwarn[39m: [33mClient Error Validation failed: Deadline must be in the future[39m
2025-10-23 14:23:49:2349 [33mwarn[39m: [33mClient Error Invalid id format[39m
2025-10-23 14:23:49:2349 [33mwarn[39m: [33mBody validation failed[39m
2025-10-23 14:23:49:2349 [33mwarn[39m: [33mClient Error Validation failed: Amount must be at least $0.01, Amount must be a positive number[39m
2025-10-23 14:23:49:2349 [33mwarn[39m: [33mBody validation failed[39m
2025-10-23 14:23:49:2349 [33mwarn[39m: [33mClient Error Validation failed: Payment method must be one of: CREDIT_CARD, DEBIT_CARD, PAYPAL, BANK_TRANSFER, CRYPTO[39m
2025-10-23 14:23:49:2349 [33mwarn[39m: [33mBody validation failed[39m
2025-10-23 14:23:49:2349 [33mwarn[39m: [33mClient Error Validation failed: Content must be between 1 and 500 characters[39m
2025-10-23 14:23:49:2349 [33mwarn[39m: [33mBody validation failed[39m
2025-10-23 14:23:49:2349 [33mwarn[39m: [33mClient Error Validation failed: Content must be between 1 and 500 characters[39m
2025-10-23 14:23:49:2349 [33mwarn[39m: [33mBody validation failed[39m
2025-10-23 14:23:49:2349 [33mwarn[39m: [33mClient Error Validation failed: Name must be between 1 and 100 characters[39m
2025-10-23 14:23:49:2349 [33mwarn[39m: [33mBody validation failed[39m
2025-10-23 14:23:49:2349 [33mwarn[39m: [33mClient Error Validation failed: Name must be between 1 and 100 characters[39m
2025-10-23 14:23:49:2349 [33mwarn[39m: [33mBody validation failed[39m
2025-10-23 14:23:49:2349 [33mwarn[39m: [33mClient Error Validation failed: Bio cannot exceed 500 characters[39m
2025-10-23 14:23:49:2349 [33mwarn[39m: [33mBody validation failed[39m
2025-10-23 14:23:49:2349 [33mwarn[39m: [33mClient Error Validation failed: Avatar URL must be a valid URL[39m
2025-10-23 14:24:07:247 [33mwarn[39m: [33mBody validation failed[39m
2025-10-23 14:24:07:247 [33mwarn[39m: [33mClient Error Validation failed: Status must be one of: ACTIVE, SUSPENDED, COMPLETED, CANCELLED[39m
2025-10-23 14:24:07:247 [33mwarn[39m: [33mBody validation failed[39m
2025-10-23 14:24:07:247 [33mwarn[39m: [33mClient Error Validation failed: Status must be one of: ACTIVE, SUSPENDED, COMPLETED, CANCELLED[39m
2025-10-23 14:24:07:247 [33mwarn[39m: [33mBody validation failed[39m
2025-10-23 14:24:07:247 [33mwarn[39m: [33mClient Error Validation failed: Reason cannot exceed 500 characters[39m
2025-10-23 14:24:07:247 [33mwarn[39m: [33mClient Error Page must be greater than 0[39m
2025-10-23 14:24:07:247 [33mwarn[39m: [33mBody validation failed[39m
2025-10-23 14:24:07:247 [33mwarn[39m: [33mClient Error Validation failed: Description must be between 1 and 10000 characters, Description must be a string, Goal cannot exceed $1,000,000, Goal must be at least $0.01, Goal must be a positive number, Goal must be a number, Deadline must be in the future, Deadline must be a valid date string, Category must be one of: TECHNOLOGY, HEALTHCARE, EDUCATION, ENVIRONMENT, ARTS, SPORTS, BUSINESS, OTHER[39m
2025-10-23 14:24:07:247 [33mwarn[39m: [33mBody validation failed[39m
2025-10-23 14:24:07:247 [33mwarn[39m: [33mClient Error Validation failed: Goal must be at least $0.01, Goal must be a positive number[39m
2025-10-23 14:24:07:247 [33mwarn[39m: [33mBody validation failed[39m
2025-10-23 14:24:07:247 [33mwarn[39m: [33mClient Error Validation failed: Deadline must be in the future[39m
2025-10-23 14:24:07:247 [33mwarn[39m: [33mClient Error Invalid id format[39m
2025-10-23 14:24:07:247 [33mwarn[39m: [33mBody validation failed[39m
2025-10-23 14:24:07:247 [33mwarn[39m: [33mClient Error Validation failed: Amount must be at least $0.01, Amount must be a positive number[39m
2025-10-23 14:24:07:247 [33mwarn[39m: [33mBody validation failed[39m
2025-10-23 14:24:07:247 [33mwarn[39m: [33mClient Error Validation failed: Payment method must be one of: CREDIT_CARD, DEBIT_CARD, PAYPAL, BANK_TRANSFER, CRYPTO[39m
2025-10-23 14:24:08:248 [33mwarn[39m: [33mBody validation failed[39m
2025-10-23 14:24:08:248 [33mwarn[39m: [33mClient Error Validation failed: Content must be between 1 and 500 characters[39m
2025-10-23 14:24:08:248 [33mwarn[39m: [33mBody validation failed[39m
2025-10-23 14:24:08:248 [33mwarn[39m: [33mClient Error Validation failed: Content must be between 1 and 500 characters[39m
2025-10-23 14:24:08:248 [33mwarn[39m: [33mBody validation failed[39m
2025-10-23 14:24:08:248 [33mwarn[39m: [33mClient Error Validation failed: Name must be between 1 and 100 characters[39m
2025-10-23 14:24:08:248 [33mwarn[39m: [33mBody validation failed[39m
2025-10-23 14:24:08:248 [33mwarn[39m: [33mClient Error Validation failed: Name must be between 1 and 100 characters[39m
2025-10-23 14:24:08:248 [33mwarn[39m: [33mBody validation failed[39m
2025-10-23 14:24:08:248 [33mwarn[39m: [33mClient Error Validation failed: Bio cannot exceed 500 characters[39m
2025-10-23 14:24:08:248 [33mwarn[39m: [33mBody validation failed[39m
2025-10-23 14:24:08:248 [33mwarn[39m: [33mClient Error Validation failed: Avatar URL must be a valid URL[39m
2025-10-23 14:24:16:2416 [33mwarn[39m: [33mClient Error Page must be greater than 0[39m
2025-10-23 14:24:16:2416 [33mwarn[39m: [33mClient Error Page must be greater than 0[39m
2025-10-23 14:24:16:2416 [33mwarn[39m: [33mClient Error Page must be greater than 0[39m
2025-10-23 14:24:16:2416 [33mwarn[39m: [33mRequest validation failed: Empty body[39m
2025-10-23 14:24:16:2416 [33mwarn[39m: [33mClient Error Request body is required[39m
2025-10-23 14:24:16:2416 [33mwarn[39m: [33mRequest validation failed: Empty body[39m
2025-10-23 14:24:16:2416 [33mwarn[39m: [33mClient Error Request body is required[39m
2025-10-23 14:24:16:2416 [33mwarn[39m: [33mRequest validation failed: Empty body[39m
2025-10-23 14:24:16:2416 [33mwarn[39m: [33mClient Error Request body is required[39m
2025-10-23 14:24:16:2416 [33mwarn[39m: [33mRequest validation failed: Empty body[39m
2025-10-23 14:24:16:2416 [33mwarn[39m: [33mClient Error Request body is required[39m
2025-10-23 14:24:16:2416 [33mwarn[39m: [33mRequest validation failed: Empty body[39m
2025-10-23 14:24:16:2416 [33mwarn[39m: [33mClient Error Request body is required[39m
2025-10-23 14:24:16:2416 [33mwarn[39m: [33mBody validation failed[39m
2025-10-23 14:24:16:2416 [33mwarn[39m: [33mClient Error Validation failed: Email must be a valid email address[39m
2025-10-23 14:24:16:2416 [33mwarn[39m: [33mBody validation failed[39m
2025-10-23 14:24:16:2416 [33mwarn[39m: [33mClient Error Validation failed: Password is required, Password must be a string[39m
2025-10-23 14:24:16:2416 [33mwarn[39m: [33mBody validation failed[39m
2025-10-23 14:24:16:2416 [33mwarn[39m: [33mClient Error Validation failed: Name must be between 1 and 100 characters[39m
2025-10-23 14:24:16:2416 [33mwarn[39m: [33mBody validation failed[39m
2025-10-23 14:24:16:2416 [33mwarn[39m: [33mClient Error Validation failed: Name must be between 1 and 100 characters[39m
2025-10-23 14:24:16:2416 [33mwarn[39m: [33mBody validation failed[39m
2025-10-23 14:24:16:2416 [33mwarn[39m: [33mClient Error Validation failed: Bio cannot exceed 500 characters[39m
2025-10-23 14:24:16:2416 [33mwarn[39m: [33mBody validation failed[39m
2025-10-23 14:24:16:2416 [33mwarn[39m: [33mClient Error Validation failed: Avatar URL must be a valid URL[39m
2025-10-23 14:24:16:2416 [33mwarn[39m: [33mClient Error Page must be greater than 0[39m
2025-10-23 14:24:16:2416 [33mwarn[39m: [33mBody validation failed[39m
2025-10-23 14:24:16:2416 [33mwarn[39m: [33mClient Error Validation failed: Email must be a valid email address[39m
2025-10-23 14:24:16:2416 [33mwarn[39m: [33mBody validation failed[39m
2025-10-23 14:24:16:2416 [33mwarn[39m: [33mClient Error Validation failed: Password must be at least 6 characters long[39m
2025-10-23 14:24:16:2416 [33mwarn[39m: [33mBody validation failed[39m
2025-10-23 14:24:16:2416 [33mwarn[39m: [33mClient Error Validation failed: Password must not exceed 100 characters, Password must be at least 6 characters long, Password must be a string, Name must not exceed 100 characters, Name must be at least 1 character long, Name must be a string[39m
2025-10-23 14:59:23:5923 [32minfo[39m: [32mApplication started[39m
2025-10-23 15:28:23:2823 [32minfo[39m: [32mApplication started[39m
2025-10-23 15:28:31:2831 [35mhttp[39m: [35m::1 - - [23/Oct/2025:12:28:31 +0000] "GET /api/health HTTP/1.1" 404 100 "-" "curl/8.7.1"[39m
2025-10-23 15:28:35:2835 [35mhttp[39m: [35m::1 - - [23/Oct/2025:12:28:35 +0000] "GET /health HTTP/1.1" 200 138 "-" "curl/8.7.1"[39m
2025-10-23 15:28:35:2835 [35mhttp[39m: [35m::1 - - [23/Oct/2025:12:28:35 +0000] "GET / HTTP/1.1" 200 147 "-" "curl/8.7.1"[39m
2025-10-23 15:29:57:2957 [32minfo[39m: [32mApplication started[39m
2025-10-23 15:30:06:306 [35mhttp[39m: [35m::1 - - [23/Oct/2025:12:30:06 +0000] "POST /api/v1/auth/register HTTP/1.1" 201 387 "-" "curl/8.7.1"[39m
2025-10-23 15:30:06:306 [35mhttp[39m: [35m::1 - - [23/Oct/2025:12:30:06 +0000] "POST /api/v1/auth/login HTTP/1.1" 200 387 "-" "curl/8.7.1"[39m
2025-10-23 15:30:12:3012 [35mhttp[39m: [35m::1 - - [23/Oct/2025:12:30:12 +0000] "POST /api/v1/campaigns HTTP/1.1" 201 389 "-" "curl/8.7.1"[39m
2025-10-23 15:30:12:3012 [35mhttp[39m: [35m::1 - - [23/Oct/2025:12:30:12 +0000] "GET /api/v1/campaigns HTTP/1.1" 200 543 "-" "curl/8.7.1"[39m
2025-10-23 15:30:20:3020 [33mwarn[39m: [33mBody validation failed[39m
2025-10-23 15:30:20:3020 [33mwarn[39m: [33mClient Error Validation failed: Payment method must be one of: CREDIT_CARD, DEBIT_CARD, PAYPAL, BANK_TRANSFER, CRYPTO[39m
2025-10-23 15:30:20:3020 [35mhttp[39m: [35m::1 - - [23/Oct/2025:12:30:20 +0000] "POST /api/v1/campaigns/8bf87812-8514-40b9-b02e-f29c549d1530/donations HTTP/1.1" 400 931 "-" "curl/8.7.1"[39m
2025-10-23 15:30:20:3020 [35mhttp[39m: [35m::1 - - [23/Oct/2025:12:30:20 +0000] "GET /api/v1/campaigns/8bf87812-8514-40b9-b02e-f29c549d1530 HTTP/1.1" 200 644 "-" "curl/8.7.1"[39m
2025-10-23 15:30:26:3026 [35mhttp[39m: [35m::1 - - [23/Oct/2025:12:30:26 +0000] "POST /api/v1/campaigns/8bf87812-8514-40b9-b02e-f29c549d1530/comments HTTP/1.1" 201 437 "-" "curl/8.7.1"[39m
2025-10-23 15:30:26:3026 [35mhttp[39m: [35m::1 - - [23/Oct/2025:12:30:26 +0000] "GET /api/v1/campaigns/8bf87812-8514-40b9-b02e-f29c549d1530/comments HTTP/1.1" 200 535 "-" "curl/8.7.1"[39m
2025-10-23 15:30:32:3032 [35mhttp[39m: [35m::1 - - [23/Oct/2025:12:30:32 +0000] "GET /api/v1/admin/campaigns HTTP/1.1" 403 52 "-" "curl/8.7.1"[39m
2025-10-23 15:30:33:3033 [35mhttp[39m: [35m::1 - - [23/Oct/2025:12:30:33 +0000] "GET /api/v1/users/profile HTTP/1.1" 200 316 "-" "curl/8.7.1"[39m
2025-10-23 15:31:24:3124 [32minfo[39m: [32mApplication started[39m
2025-10-23 15:31:44:3144 [35mhttp[39m: [35m::1 - - [23/Oct/2025:12:31:44 +0000] "GET /health HTTP/1.1" 200 138 "-" "curl/8.7.1"[39m
2025-10-23 15:31:44:3144 [35mhttp[39m: [35m::1 - - [23/Oct/2025:12:31:44 +0000] "GET / HTTP/1.1" 200 147 "-" "curl/8.7.1"[39m
2025-10-23 15:31:44:3144 [35mhttp[39m: [35m::1 - - [23/Oct/2025:12:31:44 +0000] "GET /api/v1/campaigns HTTP/1.1" 200 543 "-" "curl/8.7.1"[39m
2025-10-23 15:31:59:3159 [35mhttp[39m: [35m::1 - - [23/Oct/2025:12:31:59 +0000] "GET /health HTTP/1.1" 200 138 "-" "curl/8.7.1"[39m
2025-10-23 15:31:59:3159 [35mhttp[39m: [35m::1 - - [23/Oct/2025:12:31:59 +0000] "GET /health HTTP/1.1" 200 138 "-" "curl/8.7.1"[39m
2025-10-23 15:31:59:3159 [35mhttp[39m: [35m::1 - - [23/Oct/2025:12:31:59 +0000] "GET /health HTTP/1.1" 200 138 "-" "curl/8.7.1"[39m
2025-10-23 15:31:59:3159 [35mhttp[39m: [35m::1 - - [23/Oct/2025:12:31:59 +0000] "GET /health HTTP/1.1" 200 138 "-" "curl/8.7.1"[39m
2025-10-23 15:31:59:3159 [35mhttp[39m: [35m::1 - - [23/Oct/2025:12:31:59 +0000] "GET /health HTTP/1.1" 200 138 "-" "curl/8.7.1"[39m
2025-10-23 15:31:59:3159 [35mhttp[39m: [35m::1 - - [23/Oct/2025:12:31:59 +0000] "GET /health HTTP/1.1" 200 138 "-" "curl/8.7.1"[39m
2025-10-23 15:31:59:3159 [35mhttp[39m: [35m::1 - - [23/Oct/2025:12:31:59 +0000] "GET /health HTTP/1.1" 200 138 "-" "curl/8.7.1"[39m
2025-10-23 15:31:59:3159 [35mhttp[39m: [35m::1 - - [23/Oct/2025:12:31:59 +0000] "GET /health HTTP/1.1" 200 138 "-" "curl/8.7.1"[39m
2025-10-23 15:31:59:3159 [35mhttp[39m: [35m::1 - - [23/Oct/2025:12:31:59 +0000] "GET /health HTTP/1.1" 200 138 "-" "curl/8.7.1"[39m
2025-10-23 15:31:59:3159 [35mhttp[39m: [35m::1 - - [23/Oct/2025:12:31:59 +0000] "GET /health HTTP/1.1" 200 138 "-" "curl/8.7.1"[39m
2025-10-23 15:31:59:3159 [35mhttp[39m: [35m::1 - - [23/Oct/2025:12:31:59 +0000] "GET /api/v1/campaigns HTTP/1.1" 200 543 "-" "curl/8.7.1"[39m
2025-10-23 15:31:59:3159 [35mhttp[39m: [35m::1 - - [23/Oct/2025:12:31:59 +0000] "GET /api/v1/campaigns HTTP/1.1" 200 543 "-" "curl/8.7.1"[39m
2025-10-23 15:31:59:3159 [35mhttp[39m: [35m::1 - - [23/Oct/2025:12:31:59 +0000] "GET /api/v1/campaigns HTTP/1.1" 200 543 "-" "curl/8.7.1"[39m
2025-10-23 15:31:59:3159 [35mhttp[39m: [35m::1 - - [23/Oct/2025:12:31:59 +0000] "GET /api/v1/campaigns HTTP/1.1" 200 543 "-" "curl/8.7.1"[39m
2025-10-23 15:31:59:3159 [35mhttp[39m: [35m::1 - - [23/Oct/2025:12:31:59 +0000] "GET /api/v1/campaigns HTTP/1.1" 200 543 "-" "curl/8.7.1"[39m
2025-10-23 15:32:55:3255 [32minfo[39m: [32mApplication started[39m
2025-10-23 15:33:02:332 [35mhttp[39m: [35m::1 - - [23/Oct/2025:12:33:02 +0000] "GET /api/v1/users/profile HTTP/1.1" 401 49 "-" "curl/8.7.1"[39m
2025-10-23 15:33:02:332 [35mhttp[39m: [35m::1 - - [23/Oct/2025:12:33:02 +0000] "GET /api/v1/users/profile HTTP/1.1" 401 41 "-" "curl/8.7.1"[39m
2025-10-23 15:33:06:336 [35mhttp[39m: [35m::1 - - [23/Oct/2025:12:33:06 +0000] "POST /api/v1/campaigns HTTP/1.1" 201 378 "-" "curl/8.7.1"[39m
2025-10-23 15:33:06:336 [35mhttp[39m: [35m::1 - - [23/Oct/2025:12:33:06 +0000] "HEAD / HTTP/1.1" 200 147 "-" "curl/8.7.1"[39m
2025-10-23 15:33:06:336 [35mhttp[39m: [35m::1 - - [23/Oct/2025:12:33:06 +0000] "GET /health HTTP/1.1" 200 138 "-" "curl/8.7.1"[39m
2025-10-23 15:33:06:336 [35mhttp[39m: [35m::1 - - [23/Oct/2025:12:33:06 +0000] "GET /health HTTP/1.1" 200 137 "-" "curl/8.7.1"[39m
2025-10-23 15:33:06:336 [35mhttp[39m: [35m::1 - - [23/Oct/2025:12:33:06 +0000] "GET /health HTTP/1.1" 200 138 "-" "curl/8.7.1"[39m
2025-10-23 15:33:06:336 [35mhttp[39m: [35m::1 - - [23/Oct/2025:12:33:06 +0000] "GET /health HTTP/1.1" 200 138 "-" "curl/8.7.1"[39m
2025-10-23 15:33:06:336 [35mhttp[39m: [35m::1 - - [23/Oct/2025:12:33:06 +0000] "GET /health HTTP/1.1" 200 138 "-" "curl/8.7.1"[39m
2025-10-23 15:40:04:404 [33mwarn[39m: [33mClient Error Page must be greater than 0[39m
2025-10-23 15:40:04:404 [33mwarn[39m: [33mClient Error Page must be greater than 0[39m
2025-10-23 15:40:04:404 [33mwarn[39m: [33mClient Error Page must be greater than 0[39m
2025-10-23 15:40:04:404 [33mwarn[39m: [33mRequest validation failed: Empty body[39m
2025-10-23 15:40:04:404 [33mwarn[39m: [33mClient Error Request body is required[39m
2025-10-23 15:40:04:404 [33mwarn[39m: [33mRequest validation failed: Empty body[39m
2025-10-23 15:40:04:404 [33mwarn[39m: [33mClient Error Request body is required[39m
2025-10-23 15:40:04:404 [33mwarn[39m: [33mRequest validation failed: Empty body[39m
2025-10-23 15:40:04:404 [33mwarn[39m: [33mClient Error Request body is required[39m
2025-10-23 15:40:04:404 [33mwarn[39m: [33mRequest validation failed: Empty body[39m
2025-10-23 15:40:04:404 [33mwarn[39m: [33mClient Error Request body is required[39m
2025-10-23 15:40:04:404 [33mwarn[39m: [33mRequest validation failed: Empty body[39m
2025-10-23 15:40:04:404 [33mwarn[39m: [33mClient Error Request body is required[39m
2025-10-23 15:49:25:4925 [32minfo[39m: [32mApplication started[39m
2025-10-23 15:49:53:4953 [35mhttp[39m: [35m::1 - - [23/Oct/2025:12:49:53 +0000] "GET /health HTTP/1.1" 200 138 "-" "curl/8.7.1"[39m
2025-10-23 15:49:59:4959 [35mhttp[39m: [35m::1 - - [23/Oct/2025:12:49:59 +0000] "POST /api/v1/auth/register HTTP/1.1" 201 396 "-" "curl/8.7.1"[39m
2025-10-23 15:50:02:502 [35mhttp[39m: [35m::1 - - [23/Oct/2025:12:50:02 +0000] "POST /api/v1/auth/login HTTP/1.1" 200 396 "-" "curl/8.7.1"[39m
2025-10-23 15:50:09:509 [33mwarn[39m: [33mBody validation failed[39m
2025-10-23 15:50:09:509 [33mwarn[39m: [33mClient Error Validation failed: Deadline must be in the future, Category must be one of: TECHNOLOGY, HEALTHCARE, EDUCATION, ENVIRONMENT, ARTS, SPORTS, BUSINESS, OTHER[39m
2025-10-23 15:50:09:509 [35mhttp[39m: [35m::1 - - [23/Oct/2025:12:50:09 +0000] "POST /api/v1/campaigns HTTP/1.1" 400 1080 "-" "curl/8.7.1"[39m
2025-10-23 15:50:14:5014 [35mhttp[39m: [35m::1 - - [23/Oct/2025:12:50:14 +0000] "POST /api/v1/campaigns HTTP/1.1" 400 53 "-" "curl/8.7.1"[39m
2025-10-23 15:50:21:5021 [35mhttp[39m: [35m::1 - - [23/Oct/2025:12:50:21 +0000] "GET /api/v1/campaigns HTTP/1.1" 200 985 "-" "curl/8.7.1"[39m
2025-10-23 15:50:25:5025 [33mwarn[39m: [33mBody validation failed[39m
2025-10-23 15:50:25:5025 [33mwarn[39m: [33mClient Error Validation failed: Payment method must be one of: CREDIT_CARD, DEBIT_CARD, PAYPAL, BANK_TRANSFER, CRYPTO[39m
2025-10-23 15:50:25:5025 [35mhttp[39m: [35m::1 - - [23/Oct/2025:12:50:25 +0000] "POST /api/v1/campaigns/67ba4ea3-a2a1-481e-acf8-ab70b094c3ef/donations HTTP/1.1" 400 931 "-" "curl/8.7.1"[39m
2025-10-23 15:50:49:5049 [35mhttp[39m: [35m::1 - - [23/Oct/2025:12:50:49 +0000] "POST /api/v1/campaigns/67ba4ea3-a2a1-481e-acf8-ab70b094c3ef/donations HTTP/1.1" 400 50 "-" "curl/8.7.1"[39m
2025-10-23 15:51:05:515 [35mhttp[39m: [35m::1 - - [23/Oct/2025:12:51:05 +0000] "POST /api/v1/campaigns/67ba4ea3-a2a1-481e-acf8-ab70b094c3ef/comments HTTP/1.1" 201 483 "-" "curl/8.7.1"[39m
2025-10-23 15:51:09:519 [35mhttp[39m: [35m::1 - - [23/Oct/2025:12:51:09 +0000] "GET /api/v1/campaigns/67ba4ea3-a2a1-481e-acf8-ab70b094c3ef/comments HTTP/1.1" 200 581 "-" "curl/8.7.1"[39m
2025-10-23 15:51:13:5113 [35mhttp[39m: [35m::1 - - [23/Oct/2025:12:51:13 +0000] "GET /api/v1/users/profile HTTP/1.1" 200 320 "-" "curl/8.7.1"[39m
2025-10-23 15:51:23:5123 [35mhttp[39m: [35m::1 - - [23/Oct/2025:12:51:23 +0000] "PUT /api/v1/users/profile HTTP/1.1" 200 393 "-" "curl/8.7.1"[39m
2025-10-23 15:52:35:5235 [35mhttp[39m: [35m::1 - - [23/Oct/2025:12:52:35 +0000] "GET /health HTTP/1.1" 200 139 "-" "curl/8.7.1"[39m
2025-10-23 15:52:39:5239 [35mhttp[39m: [35m::1 - - [23/Oct/2025:12:52:39 +0000] "POST /api/v1/auth/register HTTP/1.1" 201 427 "-" "curl/8.7.1"[39m
2025-10-23 15:52:50:5250 [35mhttp[39m: [35m::1 - - [23/Oct/2025:12:52:50 +0000] "POST /api/v1/campaigns HTTP/1.1" 201 435 "-" "curl/8.7.1"[39m
2025-10-23 15:53:02:532 [35mhttp[39m: [35m::1 - - [23/Oct/2025:12:53:02 +0000] "POST /api/v1/campaigns/14d1d7fc-2b98-4cda-ae3a-f53e82639c90/comments HTTP/1.1" 201 486 "-" "curl/8.7.1"[39m
2025-10-23 15:53:11:5311 [35mhttp[39m: [35m::1 - - [23/Oct/2025:12:53:11 +0000] "GET /api/v1/campaigns/14d1d7fc-2b98-4cda-ae3a-f53e82639c90 HTTP/1.1" 200 1172 "-" "curl/8.7.1"[39m
2025-10-23 16:20:26:2026 [32minfo[39m: [32mApplication started[39m
2025-10-23 16:20:29:2029 [35mhttp[39m: [35m::1 - - [23/Oct/2025:13:20:29 +0000] "GET /api/v1/campaigns/featured HTTP/1.1" 200 31 "-" "curl/8.7.1"[39m
2025-10-23 16:20:40:2040 [35mhttp[39m: [35m::1 - - [23/Oct/2025:13:20:40 +0000] "GET /_next/static/media/e4af272ccee01ff0-s.p.woff2 HTTP/1.1" 404 135 "http://localhost:3000/_next/static/css/app/layout.css?v=1761225540918" "Mozilla/5.0 (Macintosh; Intel Mac OS X 10_15_7) AppleWebKit/537.36 (KHTML, like Gecko) Chrome/141.0.0.0 Safari/537.36"[39m
2025-10-23 16:20:41:2041 [35mhttp[39m: [35m::1 - - [23/Oct/2025:13:20:41 +0000] "GET / HTTP/1.1" 200 147 "-" "Mozilla/5.0 (Macintosh; Intel Mac OS X 10_15_7) AppleWebKit/537.36 (KHTML, like Gecko) Chrome/141.0.0.0 Safari/537.36"[39m
2025-10-23 16:20:41:2041 [35mhttp[39m: [35m::1 - - [23/Oct/2025:13:20:41 +0000] "GET /.well-known/appspecific/com.chrome.devtools.json HTTP/1.1" 404 138 "-" "Mozilla/5.0 (Macintosh; Intel Mac OS X 10_15_7) AppleWebKit/537.36 (KHTML, like Gecko) Chrome/141.0.0.0 Safari/537.36"[39m
2025-10-23 16:20:48:2048 [35mhttp[39m: [35m::1 - - [23/Oct/2025:13:20:48 +0000] "GET /api/v1/campaigns/trending HTTP/1.1" 200 31 "-" "curl/8.7.1"[39m
2025-10-23 20:42:40:4240 [32minfo[39m: [32mApplication started[39m
2025-10-23 20:42:43:4243 [35mhttp[39m: [35m::1 - - [23/Oct/2025:17:42:43 +0000] "GET /campaigns/featured HTTP/1.1" 404 108 "http://localhost:3000/" "Mozilla/5.0 (Macintosh; Intel Mac OS X 10_15_7) AppleWebKit/537.36 (KHTML, like Gecko) Chrome/141.0.0.0 Safari/537.36"[39m
2025-10-23 20:42:43:4243 [35mhttp[39m: [35m::1 - - [23/Oct/2025:17:42:43 +0000] "GET /campaigns/featured HTTP/1.1" 404 108 "http://localhost:3000/" "Mozilla/5.0 (Macintosh; Intel Mac OS X 10_15_7) AppleWebKit/537.36 (KHTML, like Gecko) Chrome/141.0.0.0 Safari/537.36"[39m
2025-10-23 20:42:43:4243 [35mhttp[39m: [35m::1 - - [23/Oct/2025:17:42:43 +0000] "GET /campaigns/trending HTTP/1.1" 404 108 "http://localhost:3000/" "Mozilla/5.0 (Macintosh; Intel Mac OS X 10_15_7) AppleWebKit/537.36 (KHTML, like Gecko) Chrome/141.0.0.0 Safari/537.36"[39m
2025-10-23 20:42:43:4243 [35mhttp[39m: [35m::1 - - [23/Oct/2025:17:42:43 +0000] "GET /campaigns/trending HTTP/1.1" 404 108 "http://localhost:3000/" "Mozilla/5.0 (Macintosh; Intel Mac OS X 10_15_7) AppleWebKit/537.36 (KHTML, like Gecko) Chrome/141.0.0.0 Safari/537.36"[39m
2025-10-23 20:42:47:4247 [35mhttp[39m: [35m::1 - - [23/Oct/2025:17:42:47 +0000] "GET /health HTTP/1.1" 200 137 "-" "curl/8.7.1"[39m
2025-10-23 20:42:49:4249 [33mwarn[39m: [33mClient Error Invalid id format[39m
2025-10-23 20:42:49:4249 [35mhttp[39m: [35m::1 - - [23/Oct/2025:17:42:49 +0000] "GET /api/v1/campaigns/featured HTTP/1.1" 400 2578 "-" "curl/8.7.1"[39m
2025-10-23 20:43:01:431 [32minfo[39m: [32mApplication started[39m
2025-10-23 20:43:05:435 [33mwarn[39m: [33mClient Error Invalid id format[39m
2025-10-23 20:43:05:435 [35mhttp[39m: [35m::1 - - [23/Oct/2025:17:43:05 +0000] "GET /api/v1/campaigns/featured HTTP/1.1" 400 2578 "-" "curl/8.7.1"[39m
2025-10-23 20:43:55:4355 [32minfo[39m: [32mApplication started[39m
2025-10-23 20:43:59:4359 [35mhttp[39m: [35m::1 - - [23/Oct/2025:17:43:59 +0000] "GET /api/v1/campaigns/featured HTTP/1.1" 200 31 "-" "curl/8.7.1"[39m
2025-10-23 20:44:01:441 [35mhttp[39m: [35m::1 - - [23/Oct/2025:17:44:01 +0000] "GET /api/v1/campaigns/trending HTTP/1.1" 200 31 "-" "curl/8.7.1"[39m
2025-10-23 20:44:02:442 [35mhttp[39m: [35m::1 - - [23/Oct/2025:17:44:02 +0000] "GET /health HTTP/1.1" 200 137 "-" "curl/8.7.1"[39m
2025-10-23 20:44:17:4417 [35mhttp[39m: [35m::1 - - [23/Oct/2025:17:44:17 +0000] "GET /campaigns/featured HTTP/1.1" 404 108 "http://localhost:3000/" "Mozilla/5.0 (Macintosh; Intel Mac OS X 10_15_7) AppleWebKit/537.36 (KHTML, like Gecko) Chrome/141.0.0.0 Safari/537.36"[39m
2025-10-23 20:44:17:4417 [35mhttp[39m: [35m::1 - - [23/Oct/2025:17:44:17 +0000] "GET /campaigns/featured HTTP/1.1" 404 108 "http://localhost:3000/" "Mozilla/5.0 (Macintosh; Intel Mac OS X 10_15_7) AppleWebKit/537.36 (KHTML, like Gecko) Chrome/141.0.0.0 Safari/537.36"[39m
2025-10-23 20:44:17:4417 [35mhttp[39m: [35m::1 - - [23/Oct/2025:17:44:17 +0000] "GET /campaigns/trending HTTP/1.1" 404 108 "http://localhost:3000/" "Mozilla/5.0 (Macintosh; Intel Mac OS X 10_15_7) AppleWebKit/537.36 (KHTML, like Gecko) Chrome/141.0.0.0 Safari/537.36"[39m
2025-10-23 20:44:17:4417 [35mhttp[39m: [35m::1 - - [23/Oct/2025:17:44:17 +0000] "GET /campaigns/trending HTTP/1.1" 404 108 "http://localhost:3000/" "Mozilla/5.0 (Macintosh; Intel Mac OS X 10_15_7) AppleWebKit/537.36 (KHTML, like Gecko) Chrome/141.0.0.0 Safari/537.36"[39m
2025-10-23 20:44:20:4420 [35mhttp[39m: [35m::1 - - [23/Oct/2025:17:44:20 +0000] "GET / HTTP/1.1" 200 147 "-" "Mozilla/5.0 (Macintosh; Intel Mac OS X 10_15_7) AppleWebKit/537.36 (KHTML, like Gecko) Chrome/141.0.0.0 Safari/537.36"[39m
2025-10-23 20:44:20:4420 [35mhttp[39m: [35m::1 - - [23/Oct/2025:17:44:20 +0000] "GET /.well-known/appspecific/com.chrome.devtools.json HTTP/1.1" 404 138 "-" "Mozilla/5.0 (Macintosh; Intel Mac OS X 10_15_7) AppleWebKit/537.36 (KHTML, like Gecko) Chrome/141.0.0.0 Safari/537.36"[39m
2025-10-23 20:44:20:4420 [35mhttp[39m: [35m::1 - - [23/Oct/2025:17:44:20 +0000] "GET /favicon.ico HTTP/1.1" 404 101 "http://localhost:3001/" "Mozilla/5.0 (Macintosh; Intel Mac OS X 10_15_7) AppleWebKit/537.36 (KHTML, like Gecko) Chrome/141.0.0.0 Safari/537.36"[39m
2025-10-23 20:44:22:4422 [35mhttp[39m: [35m::1 - - [23/Oct/2025:17:44:22 +0000] "GET /campaigns/featured HTTP/1.1" 404 108 "http://localhost:3000/" "Mozilla/5.0 (Macintosh; Intel Mac OS X 10_15_7) AppleWebKit/537.36 (KHTML, like Gecko) Chrome/141.0.0.0 Safari/537.36"[39m
2025-10-23 20:44:22:4422 [35mhttp[39m: [35m::1 - - [23/Oct/2025:17:44:22 +0000] "GET /campaigns/trending HTTP/1.1" 404 108 "http://localhost:3000/" "Mozilla/5.0 (Macintosh; Intel Mac OS X 10_15_7) AppleWebKit/537.36 (KHTML, like Gecko) Chrome/141.0.0.0 Safari/537.36"[39m
2025-10-23 20:44:22:4422 [35mhttp[39m: [35m::1 - - [23/Oct/2025:17:44:22 +0000] "GET /campaigns/featured HTTP/1.1" 404 108 "http://localhost:3000/" "Mozilla/5.0 (Macintosh; Intel Mac OS X 10_15_7) AppleWebKit/537.36 (KHTML, like Gecko) Chrome/141.0.0.0 Safari/537.36"[39m
2025-10-23 20:44:22:4422 [35mhttp[39m: [35m::1 - - [23/Oct/2025:17:44:22 +0000] "GET /campaigns/trending HTTP/1.1" 404 108 "http://localhost:3000/" "Mozilla/5.0 (Macintosh; Intel Mac OS X 10_15_7) AppleWebKit/537.36 (KHTML, like Gecko) Chrome/141.0.0.0 Safari/537.36"[39m
2025-10-23 20:47:19:4719 [32minfo[39m: [32mApplication started[39m
2025-10-23 20:47:28:4728 [35mhttp[39m: [35m::1 - - [23/Oct/2025:17:47:28 +0000] "GET /health HTTP/1.1" 200 137 "-" "curl/8.7.1"[39m
2025-10-23 20:47:32:4732 [35mhttp[39m: [35m::1 - - [23/Oct/2025:17:47:32 +0000] "GET /api/v1/campaigns/featured HTTP/1.1" 200 31 "-" "curl/8.7.1"[39m
2025-10-23 20:47:32:4732 [35mhttp[39m: [35m::1 - - [23/Oct/2025:17:47:32 +0000] "GET /api/v1/campaigns/trending HTTP/1.1" 200 31 "-" "curl/8.7.1"[39m
2025-10-23 20:47:52:4752 [35mhttp[39m: [35m::1 - - [23/Oct/2025:17:47:52 +0000] "GET /campaigns/featured HTTP/1.1" 404 108 "http://localhost:3000/" "Mozilla/5.0 (Macintosh; Intel Mac OS X 10_15_7) AppleWebKit/537.36 (KHTML, like Gecko) Chrome/141.0.0.0 Safari/537.36"[39m
2025-10-23 20:47:52:4752 [35mhttp[39m: [35m::1 - - [23/Oct/2025:17:47:52 +0000] "GET /campaigns/featured HTTP/1.1" 404 108 "http://localhost:3000/" "Mozilla/5.0 (Macintosh; Intel Mac OS X 10_15_7) AppleWebKit/537.36 (KHTML, like Gecko) Chrome/141.0.0.0 Safari/537.36"[39m
2025-10-23 20:47:52:4752 [35mhttp[39m: [35m::1 - - [23/Oct/2025:17:47:52 +0000] "GET /campaigns/trending HTTP/1.1" 404 108 "http://localhost:3000/" "Mozilla/5.0 (Macintosh; Intel Mac OS X 10_15_7) AppleWebKit/537.36 (KHTML, like Gecko) Chrome/141.0.0.0 Safari/537.36"[39m
2025-10-23 20:47:52:4752 [35mhttp[39m: [35m::1 - - [23/Oct/2025:17:47:52 +0000] "GET /campaigns/trending HTTP/1.1" 404 108 "http://localhost:3000/" "Mozilla/5.0 (Macintosh; Intel Mac OS X 10_15_7) AppleWebKit/537.36 (KHTML, like Gecko) Chrome/141.0.0.0 Safari/537.36"[39m
2025-10-23 20:48:34:4834 [32minfo[39m: [32mApplication started[39m
2025-10-23 20:48:42:4842 [35mhttp[39m: [35m::1 - - [23/Oct/2025:17:48:42 +0000] "GET /campaigns/featured HTTP/1.1" 404 108 "http://localhost:3000/" "Mozilla/5.0 (Macintosh; Intel Mac OS X 10_15_7) AppleWebKit/537.36 (KHTML, like Gecko) Chrome/141.0.0.0 Safari/537.36"[39m
2025-10-23 20:48:42:4842 [35mhttp[39m: [35m::1 - - [23/Oct/2025:17:48:42 +0000] "GET /campaigns/featured HTTP/1.1" 404 108 "http://localhost:3000/" "Mozilla/5.0 (Macintosh; Intel Mac OS X 10_15_7) AppleWebKit/537.36 (KHTML, like Gecko) Chrome/141.0.0.0 Safari/537.36"[39m
2025-10-23 20:48:42:4842 [35mhttp[39m: [35m::1 - - [23/Oct/2025:17:48:42 +0000] "GET /campaigns/trending HTTP/1.1" 404 108 "http://localhost:3000/" "Mozilla/5.0 (Macintosh; Intel Mac OS X 10_15_7) AppleWebKit/537.36 (KHTML, like Gecko) Chrome/141.0.0.0 Safari/537.36"[39m
2025-10-23 20:48:42:4842 [35mhttp[39m: [35m::1 - - [23/Oct/2025:17:48:42 +0000] "GET /campaigns/trending HTTP/1.1" 404 108 "http://localhost:3000/" "Mozilla/5.0 (Macintosh; Intel Mac OS X 10_15_7) AppleWebKit/537.36 (KHTML, like Gecko) Chrome/141.0.0.0 Safari/537.36"[39m
2025-10-23 20:49:00:490 [35mhttp[39m: [35m::1 - - [23/Oct/2025:17:49:00 +0000] "GET /api/v1/campaigns/featured HTTP/1.1" 200 31 "http://localhost:3000/" "Mozilla/5.0 (Macintosh; Intel Mac OS X 10_15_7) AppleWebKit/537.36 (KHTML, like Gecko) Chrome/141.0.0.0 Safari/537.36"[39m
2025-10-23 20:49:00:490 [35mhttp[39m: [35m::1 - - [23/Oct/2025:17:49:00 +0000] "GET /api/v1/campaigns/featured HTTP/1.1" 304 - "http://localhost:3000/" "Mozilla/5.0 (Macintosh; Intel Mac OS X 10_15_7) AppleWebKit/537.36 (KHTML, like Gecko) Chrome/141.0.0.0 Safari/537.36"[39m
2025-10-23 20:49:00:490 [35mhttp[39m: [35m::1 - - [23/Oct/2025:17:49:00 +0000] "GET /api/v1/campaigns/trending HTTP/1.1" 200 31 "http://localhost:3000/" "Mozilla/5.0 (Macintosh; Intel Mac OS X 10_15_7) AppleWebKit/537.36 (KHTML, like Gecko) Chrome/141.0.0.0 Safari/537.36"[39m
2025-10-23 20:49:00:490 [35mhttp[39m: [35m::1 - - [23/Oct/2025:17:49:00 +0000] "GET /api/v1/campaigns/trending HTTP/1.1" 304 - "http://localhost:3000/" "Mozilla/5.0 (Macintosh; Intel Mac OS X 10_15_7) AppleWebKit/537.36 (KHTML, like Gecko) Chrome/141.0.0.0 Safari/537.36"[39m
2025-10-23 20:49:02:492 [35mhttp[39m: [35m::1 - - [23/Oct/2025:17:49:02 +0000] "GET /api/v1/campaigns/featured HTTP/1.1" 200 31 "-" "curl/8.7.1"[39m
2025-10-23 20:49:02:492 [35mhttp[39m: [35m::1 - - [23/Oct/2025:17:49:02 +0000] "GET /api/v1/campaigns/trending HTTP/1.1" 200 31 "-" "curl/8.7.1"[39m
2025-10-23 20:49:21:4921 [35mhttp[39m: [35m::1 - - [23/Oct/2025:17:49:21 +0000] "GET /api/v1/campaigns/featured HTTP/1.1" 304 - "http://localhost:3000/" "Mozilla/5.0 (Macintosh; Intel Mac OS X 10_15_7) AppleWebKit/537.36 (KHTML, like Gecko) Chrome/141.0.0.0 Safari/537.36"[39m
2025-10-23 20:49:21:4921 [35mhttp[39m: [35m::1 - - [23/Oct/2025:17:49:21 +0000] "GET /api/v1/campaigns/trending HTTP/1.1" 304 - "http://localhost:3000/" "Mozilla/5.0 (Macintosh; Intel Mac OS X 10_15_7) AppleWebKit/537.36 (KHTML, like Gecko) Chrome/141.0.0.0 Safari/537.36"[39m
2025-10-23 20:49:21:4921 [35mhttp[39m: [35m::1 - - [23/Oct/2025:17:49:21 +0000] "GET /api/v1/campaigns/featured HTTP/1.1" 304 - "http://localhost:3000/" "Mozilla/5.0 (Macintosh; Intel Mac OS X 10_15_7) AppleWebKit/537.36 (KHTML, like Gecko) Chrome/141.0.0.0 Safari/537.36"[39m
2025-10-23 20:49:21:4921 [35mhttp[39m: [35m::1 - - [23/Oct/2025:17:49:21 +0000] "GET /api/v1/campaigns/trending HTTP/1.1" 304 - "http://localhost:3000/" "Mozilla/5.0 (Macintosh; Intel Mac OS X 10_15_7) AppleWebKit/537.36 (KHTML, like Gecko) Chrome/141.0.0.0 Safari/537.36"[39m
2025-10-23 20:49:26:4926 [35mhttp[39m: [35m::1 - - [23/Oct/2025:17:49:26 +0000] "GET /api/v1/campaigns/featured HTTP/1.1" 304 - "http://localhost:3000/" "Mozilla/5.0 (Macintosh; Intel Mac OS X 10_15_7) AppleWebKit/537.36 (KHTML, like Gecko) Chrome/141.0.0.0 Safari/537.36"[39m
2025-10-23 20:49:26:4926 [35mhttp[39m: [35m::1 - - [23/Oct/2025:17:49:26 +0000] "GET /api/v1/campaigns?category=&status=ACTIVE&search=&page=1&limit=12 HTTP/1.1" 200 91 "http://localhost:3000/" "Mozilla/5.0 (Macintosh; Intel Mac OS X 10_15_7) AppleWebKit/537.36 (KHTML, like Gecko) Chrome/141.0.0.0 Safari/537.36"[39m
2025-10-23 20:49:26:4926 [35mhttp[39m: [35m::1 - - [23/Oct/2025:17:49:26 +0000] "GET /api/v1/campaigns/featured HTTP/1.1" 304 - "http://localhost:3000/" "Mozilla/5.0 (Macintosh; Intel Mac OS X 10_15_7) AppleWebKit/537.36 (KHTML, like Gecko) Chrome/141.0.0.0 Safari/537.36"[39m
2025-10-23 20:49:26:4926 [35mhttp[39m: [35m::1 - - [23/Oct/2025:17:49:26 +0000] "GET /api/v1/campaigns?category=&status=ACTIVE&search=&page=1&limit=12 HTTP/1.1" 304 - "http://localhost:3000/" "Mozilla/5.0 (Macintosh; Intel Mac OS X 10_15_7) AppleWebKit/537.36 (KHTML, like Gecko) Chrome/141.0.0.0 Safari/537.36"[39m
2025-10-23 20:49:53:4953 [35mhttp[39m: [35m::1 - - [23/Oct/2025:17:49:53 +0000] "GET /api/v1/campaigns?category=&status=ACTIVE&search=&page=1&limit=12 HTTP/1.1" 304 - "http://localhost:3000/" "Mozilla/5.0 (Macintosh; Intel Mac OS X 10_15_7) AppleWebKit/537.36 (KHTML, like Gecko) Chrome/141.0.0.0 Safari/537.36"[39m
2025-10-23 20:49:53:4953 [35mhttp[39m: [35m::1 - - [23/Oct/2025:17:49:53 +0000] "GET /api/v1/campaigns/featured HTTP/1.1" 304 - "http://localhost:3000/" "Mozilla/5.0 (Macintosh; Intel Mac OS X 10_15_7) AppleWebKit/537.36 (KHTML, like Gecko) Chrome/141.0.0.0 Safari/537.36"[39m
2025-10-23 20:49:53:4953 [35mhttp[39m: [35m::1 - - [23/Oct/2025:17:49:53 +0000] "GET /api/v1/campaigns?category=&status=ACTIVE&search=&page=1&limit=12 HTTP/1.1" 304 - "http://localhost:3000/" "Mozilla/5.0 (Macintosh; Intel Mac OS X 10_15_7) AppleWebKit/537.36 (KHTML, like Gecko) Chrome/141.0.0.0 Safari/537.36"[39m
2025-10-23 20:49:53:4953 [35mhttp[39m: [35m::1 - - [23/Oct/2025:17:49:53 +0000] "GET /api/v1/campaigns/featured HTTP/1.1" 304 - "http://localhost:3000/" "Mozilla/5.0 (Macintosh; Intel Mac OS X 10_15_7) AppleWebKit/537.36 (KHTML, like Gecko) Chrome/141.0.0.0 Safari/537.36"[39m
2025-10-23 20:50:11:5011 [35mhttp[39m: [35m::1 - - [23/Oct/2025:17:50:11 +0000] "GET /health HTTP/1.1" 200 138 "-" "curl/8.7.1"[39m
2025-10-23 20:50:11:5011 [35mhttp[39m: [35m::1 - - [23/Oct/2025:17:50:11 +0000] "GET /api/v1/campaigns/featured HTTP/1.1" 200 31 "-" "curl/8.7.1"[39m
2025-10-23 20:50:11:5011 [35mhttp[39m: [35m::1 - - [23/Oct/2025:17:50:11 +0000] "GET /api/v1/campaigns HTTP/1.1" 200 1496 "-" "curl/8.7.1"[39m
2025-10-23 20:51:10:5110 [35mhttp[39m: [35m::1 - - [23/Oct/2025:17:51:10 +0000] "GET /api/v1/campaigns/featured HTTP/1.1" 200 31 "-" "curl/8.7.1"[39m
2025-10-23 20:51:10:5110 [35mhttp[39m: [35m::1 - - [23/Oct/2025:17:51:10 +0000] "GET /api/v1/campaigns HTTP/1.1" 200 1496 "-" "curl/8.7.1"[39m
2025-10-23 20:51:29:5129 [35mhttp[39m: [35m::1 - - [23/Oct/2025:17:51:29 +0000] "GET /api/v1/campaigns?category=&status=ACTIVE&search=&page=1&limit=12 HTTP/1.1" 304 - "http://localhost:3000/" "Mozilla/5.0 (Macintosh; Intel Mac OS X 10_15_7) AppleWebKit/537.36 (KHTML, like Gecko) Chrome/141.0.0.0 Safari/537.36"[39m
2025-10-23 20:51:29:5129 [35mhttp[39m: [35m::1 - - [23/Oct/2025:17:51:29 +0000] "GET /api/v1/campaigns/featured HTTP/1.1" 304 - "http://localhost:3000/" "Mozilla/5.0 (Macintosh; Intel Mac OS X 10_15_7) AppleWebKit/537.36 (KHTML, like Gecko) Chrome/141.0.0.0 Safari/537.36"[39m
2025-10-23 20:51:29:5129 [35mhttp[39m: [35m::1 - - [23/Oct/2025:17:51:29 +0000] "GET /api/v1/campaigns?category=&status=ACTIVE&search=&page=1&limit=12 HTTP/1.1" 304 - "http://localhost:3000/" "Mozilla/5.0 (Macintosh; Intel Mac OS X 10_15_7) AppleWebKit/537.36 (KHTML, like Gecko) Chrome/141.0.0.0 Safari/537.36"[39m
2025-10-23 20:51:29:5129 [35mhttp[39m: [35m::1 - - [23/Oct/2025:17:51:29 +0000] "GET /api/v1/campaigns/featured HTTP/1.1" 304 - "http://localhost:3000/" "Mozilla/5.0 (Macintosh; Intel Mac OS X 10_15_7) AppleWebKit/537.36 (KHTML, like Gecko) Chrome/141.0.0.0 Safari/537.36"[39m
2025-10-23 20:52:16:5216 [35mhttp[39m: [35m::1 - - [23/Oct/2025:17:52:16 +0000] "GET /api/v1/campaigns/featured HTTP/1.1" 200 31 "-" "curl/8.7.1"[39m
2025-10-23 20:52:19:5219 [35mhttp[39m: [35m::1 - - [23/Oct/2025:17:52:19 +0000] "GET /api/v1/campaigns HTTP/1.1" 200 1496 "-" "curl/8.7.1"[39m
2025-10-23 20:52:35:5235 [35mhttp[39m: [35m::1 - - [23/Oct/2025:17:52:35 +0000] "GET /api/v1/campaigns?category=&status=ACTIVE&search=&page=1&limit=12 HTTP/1.1" 304 - "http://localhost:3000/" "Mozilla/5.0 (Macintosh; Intel Mac OS X 10_15_7) AppleWebKit/537.36 (KHTML, like Gecko) Chrome/141.0.0.0 Safari/537.36"[39m
2025-10-23 20:52:35:5235 [35mhttp[39m: [35m::1 - - [23/Oct/2025:17:52:35 +0000] "GET /api/v1/campaigns/featured HTTP/1.1" 304 - "http://localhost:3000/" "Mozilla/5.0 (Macintosh; Intel Mac OS X 10_15_7) AppleWebKit/537.36 (KHTML, like Gecko) Chrome/141.0.0.0 Safari/537.36"[39m
2025-10-23 20:52:35:5235 [35mhttp[39m: [35m::1 - - [23/Oct/2025:17:52:35 +0000] "GET /api/v1/campaigns?category=&status=ACTIVE&search=&page=1&limit=12 HTTP/1.1" 304 - "http://localhost:3000/" "Mozilla/5.0 (Macintosh; Intel Mac OS X 10_15_7) AppleWebKit/537.36 (KHTML, like Gecko) Chrome/141.0.0.0 Safari/537.36"[39m
2025-10-23 20:52:35:5235 [35mhttp[39m: [35m::1 - - [23/Oct/2025:17:52:35 +0000] "GET /api/v1/campaigns/featured HTTP/1.1" 304 - "http://localhost:3000/" "Mozilla/5.0 (Macintosh; Intel Mac OS X 10_15_7) AppleWebKit/537.36 (KHTML, like Gecko) Chrome/141.0.0.0 Safari/537.36"[39m
2025-10-23 20:53:08:538 [35mhttp[39m: [35m::1 - - [23/Oct/2025:17:53:08 +0000] "GET /api/v1/campaigns?category=&status=ACTIVE&search=&page=1&limit=12 HTTP/1.1" 304 - "http://localhost:3000/" "Mozilla/5.0 (Macintosh; Intel Mac OS X 10_15_7) AppleWebKit/537.36 (KHTML, like Gecko) Chrome/141.0.0.0 Safari/537.36"[39m
2025-10-23 20:53:08:538 [35mhttp[39m: [35m::1 - - [23/Oct/2025:17:53:08 +0000] "GET /api/v1/campaigns/featured HTTP/1.1" 304 - "http://localhost:3000/" "Mozilla/5.0 (Macintosh; Intel Mac OS X 10_15_7) AppleWebKit/537.36 (KHTML, like Gecko) Chrome/141.0.0.0 Safari/537.36"[39m
2025-10-23 20:53:08:538 [35mhttp[39m: [35m::1 - - [23/Oct/2025:17:53:08 +0000] "GET /api/v1/campaigns?category=&status=ACTIVE&search=&page=1&limit=12 HTTP/1.1" 304 - "http://localhost:3000/" "Mozilla/5.0 (Macintosh; Intel Mac OS X 10_15_7) AppleWebKit/537.36 (KHTML, like Gecko) Chrome/141.0.0.0 Safari/537.36"[39m
2025-10-23 20:53:08:538 [35mhttp[39m: [35m::1 - - [23/Oct/2025:17:53:08 +0000] "GET /api/v1/campaigns/featured HTTP/1.1" 304 - "http://localhost:3000/" "Mozilla/5.0 (Macintosh; Intel Mac OS X 10_15_7) AppleWebKit/537.36 (KHTML, like Gecko) Chrome/141.0.0.0 Safari/537.36"[39m
2025-10-23 20:54:05:545 [35mhttp[39m: [35m::1 - - [23/Oct/2025:17:54:05 +0000] "GET /api/v1/campaigns?category=&status=ACTIVE&search=s&page=1&limit=12 HTTP/1.1" 200 91 "http://localhost:3000/" "Mozilla/5.0 (Macintosh; Intel Mac OS X 10_15_7) AppleWebKit/537.36 (KHTML, like Gecko) Chrome/141.0.0.0 Safari/537.36"[39m
2025-10-23 20:54:37:5437 [35mhttp[39m: [35m::1 - - [23/Oct/2025:17:54:37 +0000] "GET /api/v1/campaigns/featured HTTP/1.1" 304 - "http://localhost:3000/" "Mozilla/5.0 (Macintosh; Intel Mac OS X 10_15_7) AppleWebKit/537.36 (KHTML, like Gecko) Chrome/141.0.0.0 Safari/537.36"[39m
2025-10-23 20:54:37:5437 [35mhttp[39m: [35m::1 - - [23/Oct/2025:17:54:37 +0000] "GET /api/v1/campaigns/trending HTTP/1.1" 304 - "http://localhost:3000/" "Mozilla/5.0 (Macintosh; Intel Mac OS X 10_15_7) AppleWebKit/537.36 (KHTML, like Gecko) Chrome/141.0.0.0 Safari/537.36"[39m
2025-10-23 20:54:37:5437 [35mhttp[39m: [35m::1 - - [23/Oct/2025:17:54:37 +0000] "GET /api/v1/campaigns/featured HTTP/1.1" 304 - "http://localhost:3000/" "Mozilla/5.0 (Macintosh; Intel Mac OS X 10_15_7) AppleWebKit/537.36 (KHTML, like Gecko) Chrome/141.0.0.0 Safari/537.36"[39m
2025-10-23 20:54:37:5437 [35mhttp[39m: [35m::1 - - [23/Oct/2025:17:54:37 +0000] "GET /api/v1/campaigns/trending HTTP/1.1" 304 - "http://localhost:3000/" "Mozilla/5.0 (Macintosh; Intel Mac OS X 10_15_7) AppleWebKit/537.36 (KHTML, like Gecko) Chrome/141.0.0.0 Safari/537.36"[39m
2025-10-23 20:55:47:5547 [35mhttp[39m: [35m::1 - - [23/Oct/2025:17:55:47 +0000] "GET /api/v1/campaigns HTTP/1.1" 200 8181 "-" "curl/8.7.1"[39m
2025-10-23 20:55:47:5547 [35mhttp[39m: [35m::1 - - [23/Oct/2025:17:55:47 +0000] "GET /api/v1/campaigns/featured HTTP/1.1" 200 4266 "-" "curl/8.7.1"[39m
2025-10-23 20:55:48:5548 [35mhttp[39m: [35m::1 - - [23/Oct/2025:17:55:48 +0000] "GET /api/v1/campaigns/featured HTTP/1.1" 200 4266 "http://localhost:3000/" "Mozilla/5.0 (Macintosh; Intel Mac OS X 10_15_7) AppleWebKit/537.36 (KHTML, like Gecko) Chrome/141.0.0.0 Safari/537.36"[39m
2025-10-23 20:55:48:5548 [35mhttp[39m: [35m::1 - - [23/Oct/2025:17:55:48 +0000] "GET /api/v1/campaigns/trending HTTP/1.1" 200 5755 "http://localhost:3000/" "Mozilla/5.0 (Macintosh; Intel Mac OS X 10_15_7) AppleWebKit/537.36 (KHTML, like Gecko) Chrome/141.0.0.0 Safari/537.36"[39m
2025-10-23 20:55:48:5548 [35mhttp[39m: [35m::1 - - [23/Oct/2025:17:55:48 +0000] "GET /api/v1/campaigns/featured HTTP/1.1" 304 - "http://localhost:3000/" "Mozilla/5.0 (Macintosh; Intel Mac OS X 10_15_7) AppleWebKit/537.36 (KHTML, like Gecko) Chrome/141.0.0.0 Safari/537.36"[39m
2025-10-23 20:55:48:5548 [35mhttp[39m: [35m::1 - - [23/Oct/2025:17:55:48 +0000] "GET /api/v1/campaigns/trending HTTP/1.1" 304 - "http://localhost:3000/" "Mozilla/5.0 (Macintosh; Intel Mac OS X 10_15_7) AppleWebKit/537.36 (KHTML, like Gecko) Chrome/141.0.0.0 Safari/537.36"[39m
2025-10-23 20:55:50:5550 [35mhttp[39m: [35m::1 - - [23/Oct/2025:17:55:50 +0000] "GET /api/v1/campaigns/featured HTTP/1.1" 304 - "http://localhost:3000/" "Mozilla/5.0 (Macintosh; Intel Mac OS X 10_15_7) AppleWebKit/537.36 (KHTML, like Gecko) Chrome/141.0.0.0 Safari/537.36"[39m
2025-10-23 20:55:50:5550 [35mhttp[39m: [35m::1 - - [23/Oct/2025:17:55:50 +0000] "GET /api/v1/campaigns?category=&status=ACTIVE&search=&page=1&limit=12 HTTP/1.1" 200 6775 "http://localhost:3000/" "Mozilla/5.0 (Macintosh; Intel Mac OS X 10_15_7) AppleWebKit/537.36 (KHTML, like Gecko) Chrome/141.0.0.0 Safari/537.36"[39m
2025-10-23 20:55:50:5550 [35mhttp[39m: [35m::1 - - [23/Oct/2025:17:55:50 +0000] "GET /api/v1/campaigns/featured HTTP/1.1" 304 - "http://localhost:3000/" "Mozilla/5.0 (Macintosh; Intel Mac OS X 10_15_7) AppleWebKit/537.36 (KHTML, like Gecko) Chrome/141.0.0.0 Safari/537.36"[39m
2025-10-23 20:55:50:5550 [35mhttp[39m: [35m::1 - - [23/Oct/2025:17:55:50 +0000] "GET /api/v1/campaigns?category=&status=ACTIVE&search=&page=1&limit=12 HTTP/1.1" 304 - "http://localhost:3000/" "Mozilla/5.0 (Macintosh; Intel Mac OS X 10_15_7) AppleWebKit/537.36 (KHTML, like Gecko) Chrome/141.0.0.0 Safari/537.36"[39m
2025-10-23 20:55:53:5553 [35mhttp[39m: [35m::1 - - [23/Oct/2025:17:55:53 +0000] "GET /api/v1/campaigns?category=TECHNOLOGY&status=ACTIVE&search=&page=1&limit=12 HTTP/1.1" 200 855 "http://localhost:3000/" "Mozilla/5.0 (Macintosh; Intel Mac OS X 10_15_7) AppleWebKit/537.36 (KHTML, like Gecko) Chrome/141.0.0.0 Safari/537.36"[39m
2025-10-23 20:55:54:5554 [35mhttp[39m: [35m::1 - - [23/Oct/2025:17:55:54 +0000] "GET /api/v1/campaigns?category=&status=ACTIVE&search=&page=1&limit=12 HTTP/1.1" 304 - "http://localhost:3000/" "Mozilla/5.0 (Macintosh; Intel Mac OS X 10_15_7) AppleWebKit/537.36 (KHTML, like Gecko) Chrome/141.0.0.0 Safari/537.36"[39m
2025-10-23 20:55:58:5558 [35mhttp[39m: [35m::1 - - [23/Oct/2025:17:55:58 +0000] "GET /api/v1/campaigns?category=&status=ACTIVE&search=ocean&page=1&limit=12 HTTP/1.1" 200 744 "http://localhost:3000/" "Mozilla/5.0 (Macintosh; Intel Mac OS X 10_15_7) AppleWebKit/537.36 (KHTML, like Gecko) Chrome/141.0.0.0 Safari/537.36"[39m
2025-10-23 20:56:04:564 [35mhttp[39m: [35m::1 - - [23/Oct/2025:17:56:04 +0000] "GET /api/v1/campaigns?category=&status=ACTIVE&search=&page=1&limit=12 HTTP/1.1" 304 - "http://localhost:3000/" "Mozilla/5.0 (Macintosh; Intel Mac OS X 10_15_7) AppleWebKit/537.36 (KHTML, like Gecko) Chrome/141.0.0.0 Safari/537.36"[39m
2025-10-23 20:56:09:569 [33mwarn[39m: [33mClient Error Invalid id format[39m
2025-10-23 20:56:09:569 [35mhttp[39m: [35m::1 - - [23/Oct/2025:17:56:09 +0000] "GET /api/v1/campaigns/campaign-3 HTTP/1.1" 400 2679 "http://localhost:3000/" "Mozilla/5.0 (Macintosh; Intel Mac OS X 10_15_7) AppleWebKit/537.36 (KHTML, like Gecko) Chrome/141.0.0.0 Safari/537.36"[39m
2025-10-23 20:56:09:569 [35mhttp[39m: [35m::1 - - [23/Oct/2025:17:56:09 +0000] "GET /api/v1/donations HTTP/1.1" 404 106 "http://localhost:3000/" "Mozilla/5.0 (Macintosh; Intel Mac OS X 10_15_7) AppleWebKit/537.36 (KHTML, like Gecko) Chrome/141.0.0.0 Safari/537.36"[39m
2025-10-23 20:56:09:569 [33mwarn[39m: [33mClient Error Invalid id format[39m
2025-10-23 20:56:09:569 [35mhttp[39m: [35m::1 - - [23/Oct/2025:17:56:09 +0000] "GET /api/v1/campaigns/campaign-3 HTTP/1.1" 400 2679 "http://localhost:3000/" "Mozilla/5.0 (Macintosh; Intel Mac OS X 10_15_7) AppleWebKit/537.36 (KHTML, like Gecko) Chrome/141.0.0.0 Safari/537.36"[39m
2025-10-23 20:56:09:569 [35mhttp[39m: [35m::1 - - [23/Oct/2025:17:56:09 +0000] "GET /api/v1/donations HTTP/1.1" 404 106 "http://localhost:3000/" "Mozilla/5.0 (Macintosh; Intel Mac OS X 10_15_7) AppleWebKit/537.36 (KHTML, like Gecko) Chrome/141.0.0.0 Safari/537.36"[39m
2025-10-23 20:56:35:5635 [33mwarn[39m: [33mClient Error Invalid id format[39m
2025-10-23 20:56:35:5635 [35mhttp[39m: [35m::1 - - [23/Oct/2025:17:56:35 +0000] "GET /api/v1/campaigns/campaign-3 HTTP/1.1" 400 2679 "http://localhost:3000/" "Mozilla/5.0 (Macintosh; Intel Mac OS X 10_15_7) AppleWebKit/537.36 (KHTML, like Gecko) Chrome/141.0.0.0 Safari/537.36"[39m
2025-10-23 20:56:35:5635 [33mwarn[39m: [33mClient Error Invalid id format[39m
2025-10-23 20:56:35:5635 [35mhttp[39m: [35m::1 - - [23/Oct/2025:17:56:35 +0000] "GET /api/v1/campaigns/campaign-3 HTTP/1.1" 400 2679 "http://localhost:3000/" "Mozilla/5.0 (Macintosh; Intel Mac OS X 10_15_7) AppleWebKit/537.36 (KHTML, like Gecko) Chrome/141.0.0.0 Safari/537.36"[39m
2025-10-23 20:56:36:5636 [35mhttp[39m: [35m::1 - - [23/Oct/2025:17:56:36 +0000] "GET /api/v1/campaigns?category=&status=ACTIVE&search=&page=1&limit=12 HTTP/1.1" 304 - "http://localhost:3000/" "Mozilla/5.0 (Macintosh; Intel Mac OS X 10_15_7) AppleWebKit/537.36 (KHTML, like Gecko) Chrome/141.0.0.0 Safari/537.36"[39m
2025-10-23 20:56:36:5636 [35mhttp[39m: [35m::1 - - [23/Oct/2025:17:56:36 +0000] "GET /api/v1/campaigns/featured HTTP/1.1" 304 - "http://localhost:3000/" "Mozilla/5.0 (Macintosh; Intel Mac OS X 10_15_7) AppleWebKit/537.36 (KHTML, like Gecko) Chrome/141.0.0.0 Safari/537.36"[39m
2025-10-23 20:56:36:5636 [35mhttp[39m: [35m::1 - - [23/Oct/2025:17:56:36 +0000] "GET /api/v1/campaigns?category=&status=ACTIVE&search=&page=1&limit=12 HTTP/1.1" 304 - "http://localhost:3000/" "Mozilla/5.0 (Macintosh; Intel Mac OS X 10_15_7) AppleWebKit/537.36 (KHTML, like Gecko) Chrome/141.0.0.0 Safari/537.36"[39m
2025-10-23 20:56:36:5636 [35mhttp[39m: [35m::1 - - [23/Oct/2025:17:56:36 +0000] "GET /api/v1/campaigns/featured HTTP/1.1" 304 - "http://localhost:3000/" "Mozilla/5.0 (Macintosh; Intel Mac OS X 10_15_7) AppleWebKit/537.36 (KHTML, like Gecko) Chrome/141.0.0.0 Safari/537.36"[39m
2025-10-23 20:56:37:5637 [35mhttp[39m: [35m::1 - - [23/Oct/2025:17:56:37 +0000] "GET /api/v1/campaigns/featured HTTP/1.1" 304 - "http://localhost:3000/" "Mozilla/5.0 (Macintosh; Intel Mac OS X 10_15_7) AppleWebKit/537.36 (KHTML, like Gecko) Chrome/141.0.0.0 Safari/537.36"[39m
2025-10-23 20:56:37:5637 [35mhttp[39m: [35m::1 - - [23/Oct/2025:17:56:37 +0000] "GET /api/v1/campaigns?category=&status=ACTIVE&search=&page=1&limit=12 HTTP/1.1" 304 - "http://localhost:3000/" "Mozilla/5.0 (Macintosh; Intel Mac OS X 10_15_7) AppleWebKit/537.36 (KHTML, like Gecko) Chrome/141.0.0.0 Safari/537.36"[39m
2025-10-23 20:56:37:5637 [35mhttp[39m: [35m::1 - - [23/Oct/2025:17:56:37 +0000] "GET /api/v1/campaigns/featured HTTP/1.1" 304 - "http://localhost:3000/" "Mozilla/5.0 (Macintosh; Intel Mac OS X 10_15_7) AppleWebKit/537.36 (KHTML, like Gecko) Chrome/141.0.0.0 Safari/537.36"[39m
2025-10-23 20:56:37:5637 [35mhttp[39m: [35m::1 - - [23/Oct/2025:17:56:37 +0000] "GET /api/v1/campaigns?category=&status=ACTIVE&search=&page=1&limit=12 HTTP/1.1" 304 - "http://localhost:3000/" "Mozilla/5.0 (Macintosh; Intel Mac OS X 10_15_7) AppleWebKit/537.36 (KHTML, like Gecko) Chrome/141.0.0.0 Safari/537.36"[39m
2025-10-23 20:56:40:5640 [35mhttp[39m: [35m::1 - - [23/Oct/2025:17:56:40 +0000] "GET /api/v1/campaigns/featured HTTP/1.1" 304 - "http://localhost:3000/" "Mozilla/5.0 (Macintosh; Intel Mac OS X 10_15_7) AppleWebKit/537.36 (KHTML, like Gecko) Chrome/141.0.0.0 Safari/537.36"[39m
2025-10-23 20:56:40:5640 [35mhttp[39m: [35m::1 - - [23/Oct/2025:17:56:40 +0000] "GET /api/v1/campaigns/trending HTTP/1.1" 304 - "http://localhost:3000/" "Mozilla/5.0 (Macintosh; Intel Mac OS X 10_15_7) AppleWebKit/537.36 (KHTML, like Gecko) Chrome/141.0.0.0 Safari/537.36"[39m
2025-10-23 20:56:40:5640 [35mhttp[39m: [35m::1 - - [23/Oct/2025:17:56:40 +0000] "GET /api/v1/campaigns/featured HTTP/1.1" 304 - "http://localhost:3000/" "Mozilla/5.0 (Macintosh; Intel Mac OS X 10_15_7) AppleWebKit/537.36 (KHTML, like Gecko) Chrome/141.0.0.0 Safari/537.36"[39m
2025-10-23 20:56:40:5640 [35mhttp[39m: [35m::1 - - [23/Oct/2025:17:56:40 +0000] "GET /api/v1/campaigns/trending HTTP/1.1" 304 - "http://localhost:3000/" "Mozilla/5.0 (Macintosh; Intel Mac OS X 10_15_7) AppleWebKit/537.36 (KHTML, like Gecko) Chrome/141.0.0.0 Safari/537.36"[39m
2025-10-23 20:56:50:5650 [33mwarn[39m: [33mClient Error Invalid id format[39m
2025-10-23 20:56:50:5650 [35mhttp[39m: [35m::1 - - [23/Oct/2025:17:56:50 +0000] "GET /api/v1/campaigns/campaign-2 HTTP/1.1" 400 2679 "http://localhost:3000/" "Mozilla/5.0 (Macintosh; Intel Mac OS X 10_15_7) AppleWebKit/537.36 (KHTML, like Gecko) Chrome/141.0.0.0 Safari/537.36"[39m
2025-10-23 20:56:50:5650 [33mwarn[39m: [33mClient Error Invalid id format[39m
2025-10-23 20:56:50:5650 [35mhttp[39m: [35m::1 - - [23/Oct/2025:17:56:50 +0000] "GET /api/v1/campaigns/campaign-2 HTTP/1.1" 400 2679 "http://localhost:3000/" "Mozilla/5.0 (Macintosh; Intel Mac OS X 10_15_7) AppleWebKit/537.36 (KHTML, like Gecko) Chrome/141.0.0.0 Safari/537.36"[39m
2025-10-23 20:56:54:5654 [35mhttp[39m: [35m::1 - - [23/Oct/2025:17:56:54 +0000] "GET /api/v1/campaigns/featured HTTP/1.1" 304 - "http://localhost:3000/" "Mozilla/5.0 (Macintosh; Intel Mac OS X 10_15_7) AppleWebKit/537.36 (KHTML, like Gecko) Chrome/141.0.0.0 Safari/537.36"[39m
2025-10-23 20:56:54:5654 [35mhttp[39m: [35m::1 - - [23/Oct/2025:17:56:54 +0000] "GET /api/v1/campaigns/trending HTTP/1.1" 304 - "http://localhost:3000/" "Mozilla/5.0 (Macintosh; Intel Mac OS X 10_15_7) AppleWebKit/537.36 (KHTML, like Gecko) Chrome/141.0.0.0 Safari/537.36"[39m
2025-10-23 20:56:54:5654 [35mhttp[39m: [35m::1 - - [23/Oct/2025:17:56:54 +0000] "GET /api/v1/campaigns/featured HTTP/1.1" 304 - "http://localhost:3000/" "Mozilla/5.0 (Macintosh; Intel Mac OS X 10_15_7) AppleWebKit/537.36 (KHTML, like Gecko) Chrome/141.0.0.0 Safari/537.36"[39m
2025-10-23 20:56:54:5654 [35mhttp[39m: [35m::1 - - [23/Oct/2025:17:56:54 +0000] "GET /api/v1/campaigns/trending HTTP/1.1" 304 - "http://localhost:3000/" "Mozilla/5.0 (Macintosh; Intel Mac OS X 10_15_7) AppleWebKit/537.36 (KHTML, like Gecko) Chrome/141.0.0.0 Safari/537.36"[39m
2025-10-23 20:57:43:5743 [35mhttp[39m: [35m::1 - - [23/Oct/2025:17:57:43 +0000] "GET /api/v1/campaigns/featured HTTP/1.1" 304 - "http://localhost:3000/" "Mozilla/5.0 (Macintosh; Intel Mac OS X 10_15_7) AppleWebKit/537.36 (KHTML, like Gecko) Chrome/141.0.0.0 Safari/537.36"[39m
2025-10-23 20:57:43:5743 [35mhttp[39m: [35m::1 - - [23/Oct/2025:17:57:43 +0000] "GET /api/v1/campaigns?category=&status=ACTIVE&search=&page=1&limit=12 HTTP/1.1" 304 - "http://localhost:3000/" "Mozilla/5.0 (Macintosh; Intel Mac OS X 10_15_7) AppleWebKit/537.36 (KHTML, like Gecko) Chrome/141.0.0.0 Safari/537.36"[39m
2025-10-23 20:57:43:5743 [35mhttp[39m: [35m::1 - - [23/Oct/2025:17:57:43 +0000] "GET /api/v1/campaigns/featured HTTP/1.1" 304 - "http://localhost:3000/" "Mozilla/5.0 (Macintosh; Intel Mac OS X 10_15_7) AppleWebKit/537.36 (KHTML, like Gecko) Chrome/141.0.0.0 Safari/537.36"[39m
2025-10-23 20:57:43:5743 [35mhttp[39m: [35m::1 - - [23/Oct/2025:17:57:43 +0000] "GET /api/v1/campaigns?category=&status=ACTIVE&search=&page=1&limit=12 HTTP/1.1" 304 - "http://localhost:3000/" "Mozilla/5.0 (Macintosh; Intel Mac OS X 10_15_7) AppleWebKit/537.36 (KHTML, like Gecko) Chrome/141.0.0.0 Safari/537.36"[39m
2025-10-23 20:57:46:5746 [35mhttp[39m: [35m::1 - - [23/Oct/2025:17:57:46 +0000] "GET /api/v1/campaigns/featured HTTP/1.1" 304 - "http://localhost:3000/" "Mozilla/5.0 (Macintosh; Intel Mac OS X 10_15_7) AppleWebKit/537.36 (KHTML, like Gecko) Chrome/141.0.0.0 Safari/537.36"[39m
2025-10-23 20:57:46:5746 [35mhttp[39m: [35m::1 - - [23/Oct/2025:17:57:46 +0000] "GET /api/v1/campaigns/trending HTTP/1.1" 304 - "http://localhost:3000/" "Mozilla/5.0 (Macintosh; Intel Mac OS X 10_15_7) AppleWebKit/537.36 (KHTML, like Gecko) Chrome/141.0.0.0 Safari/537.36"[39m
2025-10-23 20:57:46:5746 [35mhttp[39m: [35m::1 - - [23/Oct/2025:17:57:46 +0000] "GET /api/v1/campaigns/featured HTTP/1.1" 304 - "http://localhost:3000/" "Mozilla/5.0 (Macintosh; Intel Mac OS X 10_15_7) AppleWebKit/537.36 (KHTML, like Gecko) Chrome/141.0.0.0 Safari/537.36"[39m
2025-10-23 20:57:46:5746 [35mhttp[39m: [35m::1 - - [23/Oct/2025:17:57:46 +0000] "GET /api/v1/campaigns/trending HTTP/1.1" 304 - "http://localhost:3000/" "Mozilla/5.0 (Macintosh; Intel Mac OS X 10_15_7) AppleWebKit/537.36 (KHTML, like Gecko) Chrome/141.0.0.0 Safari/537.36"[39m
2025-10-23 20:57:51:5751 [33mwarn[39m: [33mClient Error Invalid id format[39m
2025-10-23 20:57:51:5751 [35mhttp[39m: [35m::1 - - [23/Oct/2025:17:57:51 +0000] "GET /api/v1/campaigns/campaign-2 HTTP/1.1" 400 2679 "http://localhost:3000/" "Mozilla/5.0 (Macintosh; Intel Mac OS X 10_15_7) AppleWebKit/537.36 (KHTML, like Gecko) Chrome/141.0.0.0 Safari/537.36"[39m
2025-10-23 20:57:51:5751 [33mwarn[39m: [33mClient Error Invalid id format[39m
2025-10-23 20:57:51:5751 [35mhttp[39m: [35m::1 - - [23/Oct/2025:17:57:51 +0000] "GET /api/v1/campaigns/campaign-2 HTTP/1.1" 400 2679 "http://localhost:3000/" "Mozilla/5.0 (Macintosh; Intel Mac OS X 10_15_7) AppleWebKit/537.36 (KHTML, like Gecko) Chrome/141.0.0.0 Safari/537.36"[39m
2025-10-23 20:58:35:5835 [35mhttp[39m: [35m::1 - - [23/Oct/2025:17:58:35 +0000] "GET /api/v1/campaigns HTTP/1.1" 200 8181 "-" "curl/8.7.1"[39m
2025-10-23 20:58:35:5835 [33mwarn[39m: [33mClient Error Invalid id format[39m
2025-10-23 20:58:35:5835 [35mhttp[39m: [35m::1 - - [23/Oct/2025:17:58:35 +0000] "GET /api/v1/campaigns/campaign-1 HTTP/1.1" 400 2572 "-" "curl/8.7.1"[39m
2025-10-23 20:58:37:5837 [33mwarn[39m: [33mClient Error Invalid id format[39m
2025-10-23 20:58:37:5837 [35mhttp[39m: [35m::1 - - [23/Oct/2025:17:58:37 +0000] "GET /api/v1/campaigns/campaign-1 HTTP/1.1" 400 2572 "-" "curl/8.7.1"[39m
2025-10-23 20:58:54:5854 [35mhttp[39m: [35m::1 - - [23/Oct/2025:17:58:54 +0000] "GET /api/v1/campaigns/550e8400-e29b-41d4-a716-446655440001 HTTP/1.1" 200 2297 "-" "curl/8.7.1"[39m
2025-10-23 20:58:59:5859 [35mhttp[39m: [35m::1 - - [23/Oct/2025:17:58:59 +0000] "GET /api/v1/campaigns/550e8400-e29b-41d4-a716-446655440001 HTTP/1.1" 200 2297 "-" "curl/8.7.1"[39m
2025-10-23 20:59:06:596 [35mhttp[39m: [35m::1 - - [23/Oct/2025:17:59:06 +0000] "POST /api/v1/auth/register HTTP/1.1" 201 374 "http://localhost:3000/" "Mozilla/5.0 (Macintosh; Intel Mac OS X 10_15_7) AppleWebKit/537.36 (KHTML, like Gecko) Chrome/141.0.0.0 Safari/537.36"[39m
2025-10-23 20:59:15:5915 [33mwarn[39m: [33mRate limit exceeded[39m
2025-10-23 21:00:52:052 [32minfo[39m: [32mApplication started[39m
2025-10-23 21:00:57:057 [35mhttp[39m: [35m::1 - - [23/Oct/2025:18:00:57 +0000] "GET /api/v1/campaigns/featured HTTP/1.1" 200 4413 "-" "curl/8.7.1"[39m
2025-10-23 21:00:59:059 [35mhttp[39m: [35m::1 - - [23/Oct/2025:18:00:59 +0000] "GET /api/v1/campaigns/trending HTTP/1.1" 200 6021 "-" "curl/8.7.1"[39m
2025-10-23 21:01:01:11 [35mhttp[39m: [35m::1 - - [23/Oct/2025:18:01:01 +0000] "GET /api/v1/campaigns/featured HTTP/1.1" 200 4413 "-" "curl/8.7.1"[39m
2025-10-23 21:01:04:14 [35mhttp[39m: [35m::1 - - [23/Oct/2025:18:01:04 +0000] "GET /api/v1/campaigns/featured HTTP/1.1" 200 4413 "http://localhost:3000/" "Mozilla/5.0 (Macintosh; Intel Mac OS X 10_15_7) AppleWebKit/537.36 (KHTML, like Gecko) Chrome/141.0.0.0 Safari/537.36"[39m
2025-10-23 21:01:04:14 [35mhttp[39m: [35m::1 - - [23/Oct/2025:18:01:04 +0000] "GET /api/v1/campaigns/featured HTTP/1.1" 304 - "http://localhost:3000/" "Mozilla/5.0 (Macintosh; Intel Mac OS X 10_15_7) AppleWebKit/537.36 (KHTML, like Gecko) Chrome/141.0.0.0 Safari/537.36"[39m
2025-10-23 21:01:04:14 [35mhttp[39m: [35m::1 - - [23/Oct/2025:18:01:04 +0000] "GET /api/v1/campaigns/trending HTTP/1.1" 200 6021 "http://localhost:3000/" "Mozilla/5.0 (Macintosh; Intel Mac OS X 10_15_7) AppleWebKit/537.36 (KHTML, like Gecko) Chrome/141.0.0.0 Safari/537.36"[39m
2025-10-23 21:01:04:14 [35mhttp[39m: [35m::1 - - [23/Oct/2025:18:01:04 +0000] "GET /api/v1/campaigns/trending HTTP/1.1" 304 - "http://localhost:3000/" "Mozilla/5.0 (Macintosh; Intel Mac OS X 10_15_7) AppleWebKit/537.36 (KHTML, like Gecko) Chrome/141.0.0.0 Safari/537.36"[39m
2025-10-23 21:01:30:130 [35mhttp[39m: [35m::1 - - [23/Oct/2025:18:01:30 +0000] "GET /api/v1/campaigns/trending HTTP/1.1" 304 - "http://localhost:3000/" "Mozilla/5.0 (Macintosh; Intel Mac OS X 10_15_7) AppleWebKit/537.36 (KHTML, like Gecko) Chrome/141.0.0.0 Safari/537.36"[39m
2025-10-23 21:01:30:130 [35mhttp[39m: [35m::1 - - [23/Oct/2025:18:01:30 +0000] "GET /api/v1/campaigns/featured HTTP/1.1" 304 - "http://localhost:3000/" "Mozilla/5.0 (Macintosh; Intel Mac OS X 10_15_7) AppleWebKit/537.36 (KHTML, like Gecko) Chrome/141.0.0.0 Safari/537.36"[39m
2025-10-23 21:01:30:130 [35mhttp[39m: [35m::1 - - [23/Oct/2025:18:01:30 +0000] "GET /api/v1/campaigns/trending HTTP/1.1" 304 - "http://localhost:3000/" "Mozilla/5.0 (Macintosh; Intel Mac OS X 10_15_7) AppleWebKit/537.36 (KHTML, like Gecko) Chrome/141.0.0.0 Safari/537.36"[39m
2025-10-23 21:01:30:130 [35mhttp[39m: [35m::1 - - [23/Oct/2025:18:01:30 +0000] "GET /api/v1/campaigns/featured HTTP/1.1" 304 - "http://localhost:3000/" "Mozilla/5.0 (Macintosh; Intel Mac OS X 10_15_7) AppleWebKit/537.36 (KHTML, like Gecko) Chrome/141.0.0.0 Safari/537.36"[39m
2025-10-23 21:02:23:223 [35mhttp[39m: [35m::1 - - [23/Oct/2025:18:02:23 +0000] "POST /api/v1/auth/register HTTP/1.1" 400 63 "http://localhost:3000/" "Mozilla/5.0 (Macintosh; Intel Mac OS X 10_15_7) AppleWebKit/537.36 (KHTML, like Gecko) Chrome/141.0.0.0 Safari/537.36"[39m
2025-10-23 21:03:17:317 [35mhttp[39m: [35m::1 - - [23/Oct/2025:18:03:17 +0000] "GET /api/v1/campaigns/featured HTTP/1.1" 200 4413 "-" "curl/8.7.1"[39m
2025-10-23 21:03:33:333 [35mhttp[39m: [35m::1 - - [23/Oct/2025:18:03:33 +0000] "GET /api/v1/campaigns/trending HTTP/1.1" 200 6021 "-" "curl/8.7.1"[39m
2025-10-23 21:03:36:336 [35mhttp[39m: [35m::1 - - [23/Oct/2025:18:03:36 +0000] "GET /api/v1/campaigns/trending HTTP/1.1" 200 6021 "-" "curl/8.7.1"[39m
2025-10-23 21:03:54:354 [35mhttp[39m: [35m::1 - - [23/Oct/2025:18:03:54 +0000] "GET /api/v1/campaigns/featured HTTP/1.1" 304 - "http://localhost:3000/" "Mozilla/5.0 (Macintosh; Intel Mac OS X 10_15_7) AppleWebKit/537.36 (KHTML, like Gecko) Chrome/141.0.0.0 Safari/537.36"[39m
2025-10-23 21:03:54:354 [35mhttp[39m: [35m::1 - - [23/Oct/2025:18:03:54 +0000] "GET /api/v1/campaigns/trending HTTP/1.1" 304 - "http://localhost:3000/" "Mozilla/5.0 (Macintosh; Intel Mac OS X 10_15_7) AppleWebKit/537.36 (KHTML, like Gecko) Chrome/141.0.0.0 Safari/537.36"[39m
2025-10-23 21:03:54:354 [35mhttp[39m: [35m::1 - - [23/Oct/2025:18:03:54 +0000] "GET /api/v1/campaigns/featured HTTP/1.1" 304 - "http://localhost:3000/" "Mozilla/5.0 (Macintosh; Intel Mac OS X 10_15_7) AppleWebKit/537.36 (KHTML, like Gecko) Chrome/141.0.0.0 Safari/537.36"[39m
2025-10-23 21:03:54:354 [35mhttp[39m: [35m::1 - - [23/Oct/2025:18:03:54 +0000] "GET /api/v1/campaigns/trending HTTP/1.1" 304 - "http://localhost:3000/" "Mozilla/5.0 (Macintosh; Intel Mac OS X 10_15_7) AppleWebKit/537.36 (KHTML, like Gecko) Chrome/141.0.0.0 Safari/537.36"[39m
2025-10-23 21:04:01:41 [35mhttp[39m: [35m::1 - - [23/Oct/2025:18:04:01 +0000] "POST /api/v1/auth/register HTTP/1.1" 400 63 "-" "curl/8.7.1"[39m
2025-10-23 21:04:05:45 [35mhttp[39m: [35m::1 - - [23/Oct/2025:18:04:05 +0000] "POST /api/v1/auth/register HTTP/1.1" 201 393 "-" "curl/8.7.1"[39m
2025-10-23 21:04:06:46 [35mhttp[39m: [35m::1 - - [23/Oct/2025:18:04:06 +0000] "GET /api/v1/campaigns/550e8400-e29b-41d4-a716-446655440007 HTTP/1.1" 200 871 "http://localhost:3000/" "Mozilla/5.0 (Macintosh; Intel Mac OS X 10_15_7) AppleWebKit/537.36 (KHTML, like Gecko) Chrome/141.0.0.0 Safari/537.36"[39m
2025-10-23 21:04:06:46 [35mhttp[39m: [35m::1 - - [23/Oct/2025:18:04:06 +0000] "GET /api/v1/campaigns/550e8400-e29b-41d4-a716-446655440007 HTTP/1.1" 304 - "http://localhost:3000/" "Mozilla/5.0 (Macintosh; Intel Mac OS X 10_15_7) AppleWebKit/537.36 (KHTML, like Gecko) Chrome/141.0.0.0 Safari/537.36"[39m
2025-10-23 21:04:17:417 [35mhttp[39m: [35m::1 - - [23/Oct/2025:18:04:17 +0000] "GET /api/v1/campaigns/featured HTTP/1.1" 304 - "http://localhost:3000/" "Mozilla/5.0 (Macintosh; Intel Mac OS X 10_15_7) AppleWebKit/537.36 (KHTML, like Gecko) Chrome/141.0.0.0 Safari/537.36"[39m
2025-10-23 21:04:17:417 [35mhttp[39m: [35m::1 - - [23/Oct/2025:18:04:17 +0000] "GET /api/v1/campaigns/trending HTTP/1.1" 304 - "http://localhost:3000/" "Mozilla/5.0 (Macintosh; Intel Mac OS X 10_15_7) AppleWebKit/537.36 (KHTML, like Gecko) Chrome/141.0.0.0 Safari/537.36"[39m
2025-10-23 21:04:17:417 [35mhttp[39m: [35m::1 - - [23/Oct/2025:18:04:17 +0000] "GET /api/v1/campaigns/featured HTTP/1.1" 304 - "http://localhost:3000/" "Mozilla/5.0 (Macintosh; Intel Mac OS X 10_15_7) AppleWebKit/537.36 (KHTML, like Gecko) Chrome/141.0.0.0 Safari/537.36"[39m
2025-10-23 21:04:17:417 [35mhttp[39m: [35m::1 - - [23/Oct/2025:18:04:17 +0000] "GET /api/v1/campaigns/trending HTTP/1.1" 304 - "http://localhost:3000/" "Mozilla/5.0 (Macintosh; Intel Mac OS X 10_15_7) AppleWebKit/537.36 (KHTML, like Gecko) Chrome/141.0.0.0 Safari/537.36"[39m
2025-10-23 21:04:22:422 [35mhttp[39m: [35m::1 - - [23/Oct/2025:18:04:22 +0000] "POST /api/v1/auth/register HTTP/1.1" 201 406 "-" "curl/8.7.1"[39m
2025-10-23 21:04:27:427 [35mhttp[39m: [35m::1 - - [23/Oct/2025:18:04:27 +0000] "GET /api/v1/campaigns/550e8400-e29b-41d4-a716-446655440009 HTTP/1.1" 200 863 "http://localhost:3000/" "Mozilla/5.0 (Macintosh; Intel Mac OS X 10_15_7) AppleWebKit/537.36 (KHTML, like Gecko) Chrome/141.0.0.0 Safari/537.36"[39m
2025-10-23 21:04:27:427 [35mhttp[39m: [35m::1 - - [23/Oct/2025:18:04:27 +0000] "GET /api/v1/campaigns/550e8400-e29b-41d4-a716-446655440009 HTTP/1.1" 304 - "http://localhost:3000/" "Mozilla/5.0 (Macintosh; Intel Mac OS X 10_15_7) AppleWebKit/537.36 (KHTML, like Gecko) Chrome/141.0.0.0 Safari/537.36"[39m
2025-10-23 21:04:30:430 [35mhttp[39m: [35m::1 - - [23/Oct/2025:18:04:30 +0000] "GET /api/v1/campaigns/featured HTTP/1.1" 304 - "http://localhost:3000/" "Mozilla/5.0 (Macintosh; Intel Mac OS X 10_15_7) AppleWebKit/537.36 (KHTML, like Gecko) Chrome/141.0.0.0 Safari/537.36"[39m
2025-10-23 21:04:30:430 [35mhttp[39m: [35m::1 - - [23/Oct/2025:18:04:30 +0000] "GET /api/v1/campaigns/trending HTTP/1.1" 304 - "http://localhost:3000/" "Mozilla/5.0 (Macintosh; Intel Mac OS X 10_15_7) AppleWebKit/537.36 (KHTML, like Gecko) Chrome/141.0.0.0 Safari/537.36"[39m
2025-10-23 21:04:30:430 [35mhttp[39m: [35m::1 - - [23/Oct/2025:18:04:30 +0000] "GET /api/v1/campaigns/featured HTTP/1.1" 304 - "http://localhost:3000/" "Mozilla/5.0 (Macintosh; Intel Mac OS X 10_15_7) AppleWebKit/537.36 (KHTML, like Gecko) Chrome/141.0.0.0 Safari/537.36"[39m
2025-10-23 21:04:30:430 [35mhttp[39m: [35m::1 - - [23/Oct/2025:18:04:30 +0000] "GET /api/v1/campaigns/trending HTTP/1.1" 304 - "http://localhost:3000/" "Mozilla/5.0 (Macintosh; Intel Mac OS X 10_15_7) AppleWebKit/537.36 (KHTML, like Gecko) Chrome/141.0.0.0 Safari/537.36"[39m
2025-10-23 21:04:32:432 [35mhttp[39m: [35m::1 - - [23/Oct/2025:18:04:32 +0000] "GET /api/v1/campaigns/featured HTTP/1.1" 304 - "http://localhost:3000/" "Mozilla/5.0 (Macintosh; Intel Mac OS X 10_15_7) AppleWebKit/537.36 (KHTML, like Gecko) Chrome/141.0.0.0 Safari/537.36"[39m
2025-10-23 21:04:32:432 [35mhttp[39m: [35m::1 - - [23/Oct/2025:18:04:32 +0000] "GET /api/v1/campaigns/trending HTTP/1.1" 304 - "http://localhost:3000/" "Mozilla/5.0 (Macintosh; Intel Mac OS X 10_15_7) AppleWebKit/537.36 (KHTML, like Gecko) Chrome/141.0.0.0 Safari/537.36"[39m
2025-10-23 21:04:32:432 [35mhttp[39m: [35m::1 - - [23/Oct/2025:18:04:32 +0000] "GET /api/v1/campaigns/featured HTTP/1.1" 304 - "http://localhost:3000/" "Mozilla/5.0 (Macintosh; Intel Mac OS X 10_15_7) AppleWebKit/537.36 (KHTML, like Gecko) Chrome/141.0.0.0 Safari/537.36"[39m
2025-10-23 21:04:32:432 [35mhttp[39m: [35m::1 - - [23/Oct/2025:18:04:32 +0000] "GET /api/v1/campaigns/trending HTTP/1.1" 304 - "http://localhost:3000/" "Mozilla/5.0 (Macintosh; Intel Mac OS X 10_15_7) AppleWebKit/537.36 (KHTML, like Gecko) Chrome/141.0.0.0 Safari/537.36"[39m
2025-10-23 21:04:37:437 [35mhttp[39m: [35m::1 - - [23/Oct/2025:18:04:37 +0000] "GET /api/v1/campaigns/featured HTTP/1.1" 304 - "http://localhost:3000/" "Mozilla/5.0 (Macintosh; Intel Mac OS X 10_15_7) AppleWebKit/537.36 (KHTML, like Gecko) Chrome/141.0.0.0 Safari/537.36"[39m
2025-10-23 21:04:37:437 [35mhttp[39m: [35m::1 - - [23/Oct/2025:18:04:37 +0000] "GET /api/v1/campaigns/trending HTTP/1.1" 304 - "http://localhost:3000/" "Mozilla/5.0 (Macintosh; Intel Mac OS X 10_15_7) AppleWebKit/537.36 (KHTML, like Gecko) Chrome/141.0.0.0 Safari/537.36"[39m
2025-10-23 21:04:37:437 [35mhttp[39m: [35m::1 - - [23/Oct/2025:18:04:37 +0000] "GET /api/v1/campaigns/featured HTTP/1.1" 304 - "http://localhost:3000/" "Mozilla/5.0 (Macintosh; Intel Mac OS X 10_15_7) AppleWebKit/537.36 (KHTML, like Gecko) Chrome/141.0.0.0 Safari/537.36"[39m
2025-10-23 21:04:37:437 [35mhttp[39m: [35m::1 - - [23/Oct/2025:18:04:37 +0000] "GET /api/v1/campaigns/trending HTTP/1.1" 304 - "http://localhost:3000/" "Mozilla/5.0 (Macintosh; Intel Mac OS X 10_15_7) AppleWebKit/537.36 (KHTML, like Gecko) Chrome/141.0.0.0 Safari/537.36"[39m
2025-10-23 21:05:12:512 [35mhttp[39m: [35m::1 - - [23/Oct/2025:18:05:12 +0000] "POST /api/v1/auth/register HTTP/1.1" 400 63 "http://localhost:3000/" "Mozilla/5.0 (Macintosh; Intel Mac OS X 10_15_7) AppleWebKit/537.36 (KHTML, like Gecko) Chrome/141.0.0.0 Safari/537.36"[39m
2025-10-23 21:05:25:525 [35mhttp[39m: [35m::1 - - [23/Oct/2025:18:05:25 +0000] "GET /api/v1/campaigns HTTP/1.1" 200 13718 "-" "curl/8.7.1"[39m
2025-10-23 21:05:28:528 [35mhttp[39m: [35m::1 - - [23/Oct/2025:18:05:28 +0000] "POST /api/v1/auth/register HTTP/1.1" 400 63 "http://localhost:3000/" "Mozilla/5.0 (Macintosh; Intel Mac OS X 10_15_7) AppleWebKit/537.36 (KHTML, like Gecko) Chrome/141.0.0.0 Safari/537.36"[39m
2025-10-23 21:05:35:535 [35mhttp[39m: [35m::1 - - [23/Oct/2025:18:05:35 +0000] "GET /api/v1/campaigns HTTP/1.1" 400 54 "-" "curl/8.7.1"[39m
2025-10-23 21:05:37:537 [35mhttp[39m: [35m::1 - - [23/Oct/2025:18:05:37 +0000] "GET /api/v1/campaigns HTTP/1.1" 400 54 "-" "curl/8.7.1"[39m
2025-10-23 21:05:40:540 [35mhttp[39m: [35m::1 - - [23/Oct/2025:18:05:40 +0000] "GET /api/v1/health HTTP/1.1" 404 103 "-" "curl/8.7.1"[39m
2025-10-23 21:05:47:547 [32minfo[39m: [32mApplication started[39m
2025-10-23 21:05:54:554 [35mhttp[39m: [35m::1 - - [23/Oct/2025:18:05:54 +0000] "GET /api/v1/campaigns/trending HTTP/1.1" 200 5823 "http://localhost:3000/" "Mozilla/5.0 (Macintosh; Intel Mac OS X 10_15_7) AppleWebKit/537.36 (KHTML, like Gecko) Chrome/141.0.0.0 Safari/537.36"[39m
2025-10-23 21:05:54:554 [35mhttp[39m: [35m::1 - - [23/Oct/2025:18:05:54 +0000] "GET /api/v1/campaigns/featured HTTP/1.1" 200 4256 "http://localhost:3000/" "Mozilla/5.0 (Macintosh; Intel Mac OS X 10_15_7) AppleWebKit/537.36 (KHTML, like Gecko) Chrome/141.0.0.0 Safari/537.36"[39m
2025-10-23 21:05:54:554 [35mhttp[39m: [35m::1 - - [23/Oct/2025:18:05:54 +0000] "GET /api/v1/campaigns/trending HTTP/1.1" 304 - "http://localhost:3000/" "Mozilla/5.0 (Macintosh; Intel Mac OS X 10_15_7) AppleWebKit/537.36 (KHTML, like Gecko) Chrome/141.0.0.0 Safari/537.36"[39m
2025-10-23 21:05:54:554 [35mhttp[39m: [35m::1 - - [23/Oct/2025:18:05:54 +0000] "GET /api/v1/campaigns/featured HTTP/1.1" 304 - "http://localhost:3000/" "Mozilla/5.0 (Macintosh; Intel Mac OS X 10_15_7) AppleWebKit/537.36 (KHTML, like Gecko) Chrome/141.0.0.0 Safari/537.36"[39m
2025-10-23 21:05:54:554 [35mhttp[39m: [35m::1 - - [23/Oct/2025:18:05:54 +0000] "GET /api/v1/campaigns HTTP/1.1" 200 13712 "-" "curl/8.7.1"[39m
2025-10-23 21:05:58:558 [35mhttp[39m: [35m::1 - - [23/Oct/2025:18:05:58 +0000] "GET /api/v1/campaigns/550e8400-e29b-41d4-a716-446655440009 HTTP/1.1" 304 - "http://localhost:3000/" "Mozilla/5.0 (Macintosh; Intel Mac OS X 10_15_7) AppleWebKit/537.36 (KHTML, like Gecko) Chrome/141.0.0.0 Safari/537.36"[39m
2025-10-23 21:05:58:558 [35mhttp[39m: [35m::1 - - [23/Oct/2025:18:05:58 +0000] "GET /api/v1/campaigns/550e8400-e29b-41d4-a716-446655440009 HTTP/1.1" 304 - "http://localhost:3000/" "Mozilla/5.0 (Macintosh; Intel Mac OS X 10_15_7) AppleWebKit/537.36 (KHTML, like Gecko) Chrome/141.0.0.0 Safari/537.36"[39m
2025-10-23 21:06:11:611 [35mhttp[39m: [35m::1 - - [23/Oct/2025:18:06:11 +0000] "GET /api/v1/campaigns/featured HTTP/1.1" 304 - "http://localhost:3000/" "Mozilla/5.0 (Macintosh; Intel Mac OS X 10_15_7) AppleWebKit/537.36 (KHTML, like Gecko) Chrome/141.0.0.0 Safari/537.36"[39m
2025-10-23 21:06:11:611 [35mhttp[39m: [35m::1 - - [23/Oct/2025:18:06:11 +0000] "GET /api/v1/campaigns/trending HTTP/1.1" 304 - "http://localhost:3000/" "Mozilla/5.0 (Macintosh; Intel Mac OS X 10_15_7) AppleWebKit/537.36 (KHTML, like Gecko) Chrome/141.0.0.0 Safari/537.36"[39m
2025-10-23 21:06:11:611 [35mhttp[39m: [35m::1 - - [23/Oct/2025:18:06:11 +0000] "GET /api/v1/campaigns/featured HTTP/1.1" 304 - "http://localhost:3000/" "Mozilla/5.0 (Macintosh; Intel Mac OS X 10_15_7) AppleWebKit/537.36 (KHTML, like Gecko) Chrome/141.0.0.0 Safari/537.36"[39m
2025-10-23 21:06:11:611 [35mhttp[39m: [35m::1 - - [23/Oct/2025:18:06:11 +0000] "GET /api/v1/campaigns/trending HTTP/1.1" 304 - "http://localhost:3000/" "Mozilla/5.0 (Macintosh; Intel Mac OS X 10_15_7) AppleWebKit/537.36 (KHTML, like Gecko) Chrome/141.0.0.0 Safari/537.36"[39m
2025-10-23 21:06:13:613 [35mhttp[39m: [35m::1 - - [23/Oct/2025:18:06:13 +0000] "GET /api/v1/campaigns/featured HTTP/1.1" 304 - "http://localhost:3000/" "Mozilla/5.0 (Macintosh; Intel Mac OS X 10_15_7) AppleWebKit/537.36 (KHTML, like Gecko) Chrome/141.0.0.0 Safari/537.36"[39m
2025-10-23 21:06:13:613 [35mhttp[39m: [35m::1 - - [23/Oct/2025:18:06:13 +0000] "GET /api/v1/campaigns/trending HTTP/1.1" 304 - "http://localhost:3000/" "Mozilla/5.0 (Macintosh; Intel Mac OS X 10_15_7) AppleWebKit/537.36 (KHTML, like Gecko) Chrome/141.0.0.0 Safari/537.36"[39m
2025-10-23 21:06:13:613 [35mhttp[39m: [35m::1 - - [23/Oct/2025:18:06:13 +0000] "GET /api/v1/campaigns/featured HTTP/1.1" 304 - "http://localhost:3000/" "Mozilla/5.0 (Macintosh; Intel Mac OS X 10_15_7) AppleWebKit/537.36 (KHTML, like Gecko) Chrome/141.0.0.0 Safari/537.36"[39m
2025-10-23 21:06:13:613 [35mhttp[39m: [35m::1 - - [23/Oct/2025:18:06:13 +0000] "GET /api/v1/campaigns/trending HTTP/1.1" 304 - "http://localhost:3000/" "Mozilla/5.0 (Macintosh; Intel Mac OS X 10_15_7) AppleWebKit/537.36 (KHTML, like Gecko) Chrome/141.0.0.0 Safari/537.36"[39m
2025-10-23 21:06:18:618 [35mhttp[39m: [35m::1 - - [23/Oct/2025:18:06:18 +0000] "GET /api/v1/campaigns/featured HTTP/1.1" 200 4256 "http://localhost:3000/" "Mozilla/5.0 (Macintosh; Intel Mac OS X 10_15_7) AppleWebKit/537.36 (KHTML, like Gecko) Chrome/141.0.0.0 Safari/537.36"[39m
2025-10-23 21:06:18:618 [35mhttp[39m: [35m::1 - - [23/Oct/2025:18:06:18 +0000] "GET /api/v1/campaigns/trending HTTP/1.1" 200 5823 "http://localhost:3000/" "Mozilla/5.0 (Macintosh; Intel Mac OS X 10_15_7) AppleWebKit/537.36 (KHTML, like Gecko) Chrome/141.0.0.0 Safari/537.36"[39m
2025-10-23 21:06:18:618 [35mhttp[39m: [35m::1 - - [23/Oct/2025:18:06:18 +0000] "GET /api/v1/campaigns/featured HTTP/1.1" 304 - "http://localhost:3000/" "Mozilla/5.0 (Macintosh; Intel Mac OS X 10_15_7) AppleWebKit/537.36 (KHTML, like Gecko) Chrome/141.0.0.0 Safari/537.36"[39m
2025-10-23 21:06:18:618 [35mhttp[39m: [35m::1 - - [23/Oct/2025:18:06:18 +0000] "GET /api/v1/campaigns/trending HTTP/1.1" 304 - "http://localhost:3000/" "Mozilla/5.0 (Macintosh; Intel Mac OS X 10_15_7) AppleWebKit/537.36 (KHTML, like Gecko) Chrome/141.0.0.0 Safari/537.36"[39m
2025-10-23 21:06:29:629 [35mhttp[39m: [35m::1 - - [23/Oct/2025:18:06:29 +0000] "GET /api/v1/campaigns/550e8400-e29b-41d4-a716-446655440007 HTTP/1.1" 200 871 "http://localhost:3000/" "Mozilla/5.0 (Macintosh; Intel Mac OS X 10_15_7) AppleWebKit/537.36 (KHTML, like Gecko) Chrome/141.0.0.0 Safari/537.36"[39m
2025-10-23 21:06:29:629 [35mhttp[39m: [35m::1 - - [23/Oct/2025:18:06:29 +0000] "GET /api/v1/campaigns/550e8400-e29b-41d4-a716-446655440007 HTTP/1.1" 304 - "http://localhost:3000/" "Mozilla/5.0 (Macintosh; Intel Mac OS X 10_15_7) AppleWebKit/537.36 (KHTML, like Gecko) Chrome/141.0.0.0 Safari/537.36"[39m
2025-10-23 21:06:37:637 [35mhttp[39m: [35m::1 - - [23/Oct/2025:18:06:37 +0000] "GET /api/v1/campaigns?category=&status=ACTIVE&search=&page=1&limit=12 HTTP/1.1" 200 8149 "http://localhost:3000/" "Mozilla/5.0 (Macintosh; Intel Mac OS X 10_15_7) AppleWebKit/537.36 (KHTML, like Gecko) Chrome/141.0.0.0 Safari/537.36"[39m
2025-10-23 21:06:37:637 [35mhttp[39m: [35m::1 - - [23/Oct/2025:18:06:37 +0000] "GET /api/v1/campaigns/featured HTTP/1.1" 304 - "http://localhost:3000/" "Mozilla/5.0 (Macintosh; Intel Mac OS X 10_15_7) AppleWebKit/537.36 (KHTML, like Gecko) Chrome/141.0.0.0 Safari/537.36"[39m
2025-10-23 21:06:37:637 [35mhttp[39m: [35m::1 - - [23/Oct/2025:18:06:37 +0000] "GET /api/v1/campaigns?category=&status=ACTIVE&search=&page=1&limit=12 HTTP/1.1" 304 - "http://localhost:3000/" "Mozilla/5.0 (Macintosh; Intel Mac OS X 10_15_7) AppleWebKit/537.36 (KHTML, like Gecko) Chrome/141.0.0.0 Safari/537.36"[39m
2025-10-23 21:06:37:637 [35mhttp[39m: [35m::1 - - [23/Oct/2025:18:06:37 +0000] "GET /api/v1/campaigns/featured HTTP/1.1" 304 - "http://localhost:3000/" "Mozilla/5.0 (Macintosh; Intel Mac OS X 10_15_7) AppleWebKit/537.36 (KHTML, like Gecko) Chrome/141.0.0.0 Safari/537.36"[39m
2025-10-23 21:06:38:638 [35mhttp[39m: [35m::1 - - [23/Oct/2025:18:06:38 +0000] "GET /api/v1/campaigns/550e8400-e29b-41d4-a716-446655440004 HTTP/1.1" 200 3367 "http://localhost:3000/" "Mozilla/5.0 (Macintosh; Intel Mac OS X 10_15_7) AppleWebKit/537.36 (KHTML, like Gecko) Chrome/141.0.0.0 Safari/537.36"[39m
2025-10-23 21:06:38:638 [35mhttp[39m: [35m::1 - - [23/Oct/2025:18:06:38 +0000] "GET /api/v1/campaigns/550e8400-e29b-41d4-a716-446655440004 HTTP/1.1" 304 - "http://localhost:3000/" "Mozilla/5.0 (Macintosh; Intel Mac OS X 10_15_7) AppleWebKit/537.36 (KHTML, like Gecko) Chrome/141.0.0.0 Safari/537.36"[39m
2025-10-23 21:06:40:640 [35mhttp[39m: [35m::1 - - [23/Oct/2025:18:06:40 +0000] "GET /api/v1/campaigns/featured HTTP/1.1" 304 - "http://localhost:3000/" "Mozilla/5.0 (Macintosh; Intel Mac OS X 10_15_7) AppleWebKit/537.36 (KHTML, like Gecko) Chrome/141.0.0.0 Safari/537.36"[39m
2025-10-23 21:06:40:640 [35mhttp[39m: [35m::1 - - [23/Oct/2025:18:06:40 +0000] "GET /api/v1/campaigns/trending HTTP/1.1" 304 - "http://localhost:3000/" "Mozilla/5.0 (Macintosh; Intel Mac OS X 10_15_7) AppleWebKit/537.36 (KHTML, like Gecko) Chrome/141.0.0.0 Safari/537.36"[39m
2025-10-23 21:06:40:640 [35mhttp[39m: [35m::1 - - [23/Oct/2025:18:06:40 +0000] "GET /api/v1/campaigns/featured HTTP/1.1" 304 - "http://localhost:3000/" "Mozilla/5.0 (Macintosh; Intel Mac OS X 10_15_7) AppleWebKit/537.36 (KHTML, like Gecko) Chrome/141.0.0.0 Safari/537.36"[39m
2025-10-23 21:06:40:640 [35mhttp[39m: [35m::1 - - [23/Oct/2025:18:06:40 +0000] "GET /api/v1/campaigns/trending HTTP/1.1" 304 - "http://localhost:3000/" "Mozilla/5.0 (Macintosh; Intel Mac OS X 10_15_7) AppleWebKit/537.36 (KHTML, like Gecko) Chrome/141.0.0.0 Safari/537.36"[39m
2025-10-23 21:06:56:656 [35mhttp[39m: [35m::1 - - [23/Oct/2025:18:06:56 +0000] "POST /api/v1/auth/register HTTP/1.1" 400 63 "-" "curl/8.7.1"[39m
2025-10-23 21:07:00:70 [35mhttp[39m: [35m::1 - - [23/Oct/2025:18:07:00 +0000] "GET /api/v1/campaigns/featured HTTP/1.1" 304 - "http://localhost:3000/" "Mozilla/5.0 (Macintosh; Intel Mac OS X 10_15_7) AppleWebKit/537.36 (KHTML, like Gecko) Chrome/141.0.0.0 Safari/537.36"[39m
2025-10-23 21:07:00:70 [35mhttp[39m: [35m::1 - - [23/Oct/2025:18:07:00 +0000] "GET /api/v1/campaigns/trending HTTP/1.1" 304 - "http://localhost:3000/" "Mozilla/5.0 (Macintosh; Intel Mac OS X 10_15_7) AppleWebKit/537.36 (KHTML, like Gecko) Chrome/141.0.0.0 Safari/537.36"[39m
2025-10-23 21:07:00:70 [35mhttp[39m: [35m::1 - - [23/Oct/2025:18:07:00 +0000] "GET /api/v1/campaigns/featured HTTP/1.1" 304 - "http://localhost:3000/" "Mozilla/5.0 (Macintosh; Intel Mac OS X 10_15_7) AppleWebKit/537.36 (KHTML, like Gecko) Chrome/141.0.0.0 Safari/537.36"[39m
2025-10-23 21:07:00:70 [35mhttp[39m: [35m::1 - - [23/Oct/2025:18:07:00 +0000] "GET /api/v1/campaigns/trending HTTP/1.1" 304 - "http://localhost:3000/" "Mozilla/5.0 (Macintosh; Intel Mac OS X 10_15_7) AppleWebKit/537.36 (KHTML, like Gecko) Chrome/141.0.0.0 Safari/537.36"[39m
2025-10-23 21:07:04:74 [35mhttp[39m: [35m::1 - - [23/Oct/2025:18:07:04 +0000] "GET /api/v1/campaigns/550e8400-e29b-41d4-a716-446655440009 HTTP/1.1" 200 863 "http://localhost:3000/" "Mozilla/5.0 (Macintosh; Intel Mac OS X 10_15_7) AppleWebKit/537.36 (KHTML, like Gecko) Chrome/141.0.0.0 Safari/537.36"[39m
2025-10-23 21:07:04:74 [35mhttp[39m: [35m::1 - - [23/Oct/2025:18:07:04 +0000] "GET /api/v1/campaigns/550e8400-e29b-41d4-a716-446655440009 HTTP/1.1" 304 - "http://localhost:3000/" "Mozilla/5.0 (Macintosh; Intel Mac OS X 10_15_7) AppleWebKit/537.36 (KHTML, like Gecko) Chrome/141.0.0.0 Safari/537.36"[39m
2025-10-23 21:07:06:76 [35mhttp[39m: [35m::1 - - [23/Oct/2025:18:07:06 +0000] "GET /api/v1/campaigns/trending HTTP/1.1" 304 - "http://localhost:3000/" "Mozilla/5.0 (Macintosh; Intel Mac OS X 10_15_7) AppleWebKit/537.36 (KHTML, like Gecko) Chrome/141.0.0.0 Safari/537.36"[39m
2025-10-23 21:07:06:76 [35mhttp[39m: [35m::1 - - [23/Oct/2025:18:07:06 +0000] "GET /api/v1/campaigns/featured HTTP/1.1" 304 - "http://localhost:3000/" "Mozilla/5.0 (Macintosh; Intel Mac OS X 10_15_7) AppleWebKit/537.36 (KHTML, like Gecko) Chrome/141.0.0.0 Safari/537.36"[39m
2025-10-23 21:07:06:76 [35mhttp[39m: [35m::1 - - [23/Oct/2025:18:07:06 +0000] "GET /api/v1/campaigns/trending HTTP/1.1" 304 - "http://localhost:3000/" "Mozilla/5.0 (Macintosh; Intel Mac OS X 10_15_7) AppleWebKit/537.36 (KHTML, like Gecko) Chrome/141.0.0.0 Safari/537.36"[39m
2025-10-23 21:07:06:76 [35mhttp[39m: [35m::1 - - [23/Oct/2025:18:07:06 +0000] "GET /api/v1/campaigns/featured HTTP/1.1" 304 - "http://localhost:3000/" "Mozilla/5.0 (Macintosh; Intel Mac OS X 10_15_7) AppleWebKit/537.36 (KHTML, like Gecko) Chrome/141.0.0.0 Safari/537.36"[39m
2025-10-23 21:07:10:710 [35mhttp[39m: [35m::1 - - [23/Oct/2025:18:07:10 +0000] "GET /api/v1/campaigns/550e8400-e29b-41d4-a716-446655440009 HTTP/1.1" 304 - "http://localhost:3000/" "Mozilla/5.0 (Macintosh; Intel Mac OS X 10_15_7) AppleWebKit/537.36 (KHTML, like Gecko) Chrome/141.0.0.0 Safari/537.36"[39m
2025-10-23 21:07:10:710 [35mhttp[39m: [35m::1 - - [23/Oct/2025:18:07:10 +0000] "GET /api/v1/campaigns/550e8400-e29b-41d4-a716-446655440009 HTTP/1.1" 304 - "http://localhost:3000/" "Mozilla/5.0 (Macintosh; Intel Mac OS X 10_15_7) AppleWebKit/537.36 (KHTML, like Gecko) Chrome/141.0.0.0 Safari/537.36"[39m
2025-10-23 21:07:12:712 [35mhttp[39m: [35m::1 - - [23/Oct/2025:18:07:12 +0000] "GET /api/v1/campaigns/550e8400-e29b-41d4-a716-446655440009 HTTP/1.1" 304 - "http://localhost:3000/" "Mozilla/5.0 (Macintosh; Intel Mac OS X 10_15_7) AppleWebKit/537.36 (KHTML, like Gecko) Chrome/141.0.0.0 Safari/537.36"[39m
2025-10-23 21:07:12:712 [35mhttp[39m: [35m::1 - - [23/Oct/2025:18:07:12 +0000] "GET /api/v1/campaigns/550e8400-e29b-41d4-a716-446655440009 HTTP/1.1" 304 - "http://localhost:3000/" "Mozilla/5.0 (Macintosh; Intel Mac OS X 10_15_7) AppleWebKit/537.36 (KHTML, like Gecko) Chrome/141.0.0.0 Safari/537.36"[39m
2025-10-23 21:07:14:714 [35mhttp[39m: [35m::1 - - [23/Oct/2025:18:07:14 +0000] "GET /api/v1/campaigns?category=&status=ACTIVE&search=&page=1&limit=12 HTTP/1.1" 304 - "http://localhost:3000/" "Mozilla/5.0 (Macintosh; Intel Mac OS X 10_15_7) AppleWebKit/537.36 (KHTML, like Gecko) Chrome/141.0.0.0 Safari/537.36"[39m
2025-10-23 21:07:14:714 [35mhttp[39m: [35m::1 - - [23/Oct/2025:18:07:14 +0000] "GET /api/v1/campaigns/featured HTTP/1.1" 304 - "http://localhost:3000/" "Mozilla/5.0 (Macintosh; Intel Mac OS X 10_15_7) AppleWebKit/537.36 (KHTML, like Gecko) Chrome/141.0.0.0 Safari/537.36"[39m
2025-10-23 21:07:14:714 [35mhttp[39m: [35m::1 - - [23/Oct/2025:18:07:14 +0000] "GET /api/v1/campaigns?category=&status=ACTIVE&search=&page=1&limit=12 HTTP/1.1" 304 - "http://localhost:3000/" "Mozilla/5.0 (Macintosh; Intel Mac OS X 10_15_7) AppleWebKit/537.36 (KHTML, like Gecko) Chrome/141.0.0.0 Safari/537.36"[39m
2025-10-23 21:07:14:714 [35mhttp[39m: [35m::1 - - [23/Oct/2025:18:07:14 +0000] "GET /api/v1/campaigns/featured HTTP/1.1" 304 - "http://localhost:3000/" "Mozilla/5.0 (Macintosh; Intel Mac OS X 10_15_7) AppleWebKit/537.36 (KHTML, like Gecko) Chrome/141.0.0.0 Safari/537.36"[39m
2025-10-23 21:07:18:718 [35mhttp[39m: [35m::1 - - [23/Oct/2025:18:07:18 +0000] "GET /api/v1/campaigns?category=&status=ACTIVE&search=&page=1&limit=12 HTTP/1.1" 304 - "http://localhost:3000/" "Mozilla/5.0 (Macintosh; Intel Mac OS X 10_15_7) AppleWebKit/537.36 (KHTML, like Gecko) Chrome/141.0.0.0 Safari/537.36"[39m
2025-10-23 21:07:18:718 [35mhttp[39m: [35m::1 - - [23/Oct/2025:18:07:18 +0000] "GET /api/v1/campaigns/featured HTTP/1.1" 304 - "http://localhost:3000/" "Mozilla/5.0 (Macintosh; Intel Mac OS X 10_15_7) AppleWebKit/537.36 (KHTML, like Gecko) Chrome/141.0.0.0 Safari/537.36"[39m
2025-10-23 21:07:18:718 [35mhttp[39m: [35m::1 - - [23/Oct/2025:18:07:18 +0000] "GET /api/v1/campaigns?category=&status=ACTIVE&search=&page=1&limit=12 HTTP/1.1" 304 - "http://localhost:3000/" "Mozilla/5.0 (Macintosh; Intel Mac OS X 10_15_7) AppleWebKit/537.36 (KHTML, like Gecko) Chrome/141.0.0.0 Safari/537.36"[39m
2025-10-23 21:07:18:718 [35mhttp[39m: [35m::1 - - [23/Oct/2025:18:07:18 +0000] "GET /api/v1/campaigns/featured HTTP/1.1" 304 - "http://localhost:3000/" "Mozilla/5.0 (Macintosh; Intel Mac OS X 10_15_7) AppleWebKit/537.36 (KHTML, like Gecko) Chrome/141.0.0.0 Safari/537.36"[39m
2025-10-23 21:07:45:745 [35mhttp[39m: [35m::1 - - [23/Oct/2025:18:07:45 +0000] "GET /api/v1/campaigns/550e8400-e29b-41d4-a716-446655440008 HTTP/1.1" 200 852 "http://localhost:3000/" "Mozilla/5.0 (Macintosh; Intel Mac OS X 10_15_7) AppleWebKit/537.36 (KHTML, like Gecko) Chrome/141.0.0.0 Safari/537.36"[39m
2025-10-23 21:07:45:745 [35mhttp[39m: [35m::1 - - [23/Oct/2025:18:07:45 +0000] "GET /api/v1/campaigns/550e8400-e29b-41d4-a716-446655440008 HTTP/1.1" 304 - "http://localhost:3000/" "Mozilla/5.0 (Macintosh; Intel Mac OS X 10_15_7) AppleWebKit/537.36 (KHTML, like Gecko) Chrome/141.0.0.0 Safari/537.36"[39m
2025-10-23 21:08:43:843 [35mhttp[39m: [35m::1 - - [23/Oct/2025:18:08:43 +0000] "POST /api/v1/auth/register HTTP/1.1" 400 63 "http://localhost:3000/" "Mozilla/5.0 (Macintosh; Intel Mac OS X 10_15_7) AppleWebKit/537.36 (KHTML, like Gecko) Chrome/141.0.0.0 Safari/537.36"[39m
2025-10-23 21:08:51:851 [35mhttp[39m: [35m::1 - - [23/Oct/2025:18:08:51 +0000] "POST /api/v1/auth/register HTTP/1.1" 201 376 "http://localhost:3000/" "Mozilla/5.0 (Macintosh; Intel Mac OS X 10_15_7) AppleWebKit/537.36 (KHTML, like Gecko) Chrome/141.0.0.0 Safari/537.36"[39m
2025-10-23 21:08:51:851 [35mhttp[39m: [35m::1 - - [23/Oct/2025:18:08:51 +0000] "GET /api/v1/campaigns?category=&status=ACTIVE&search=&page=1&limit=12 HTTP/1.1" 304 - "http://localhost:3000/" "Mozilla/5.0 (Macintosh; Intel Mac OS X 10_15_7) AppleWebKit/537.36 (KHTML, like Gecko) Chrome/141.0.0.0 Safari/537.36"[39m
2025-10-23 21:08:51:851 [35mhttp[39m: [35m::1 - - [23/Oct/2025:18:08:51 +0000] "GET /api/v1/campaigns/featured HTTP/1.1" 304 - "http://localhost:3000/" "Mozilla/5.0 (Macintosh; Intel Mac OS X 10_15_7) AppleWebKit/537.36 (KHTML, like Gecko) Chrome/141.0.0.0 Safari/537.36"[39m
2025-10-23 21:08:51:851 [35mhttp[39m: [35m::1 - - [23/Oct/2025:18:08:51 +0000] "GET /api/v1/campaigns?category=&status=ACTIVE&search=&page=1&limit=12 HTTP/1.1" 304 - "http://localhost:3000/" "Mozilla/5.0 (Macintosh; Intel Mac OS X 10_15_7) AppleWebKit/537.36 (KHTML, like Gecko) Chrome/141.0.0.0 Safari/537.36"[39m
2025-10-23 21:08:51:851 [35mhttp[39m: [35m::1 - - [23/Oct/2025:18:08:51 +0000] "GET /api/v1/campaigns/featured HTTP/1.1" 304 - "http://localhost:3000/" "Mozilla/5.0 (Macintosh; Intel Mac OS X 10_15_7) AppleWebKit/537.36 (KHTML, like Gecko) Chrome/141.0.0.0 Safari/537.36"[39m
2025-10-23 21:09:08:98 [35mhttp[39m: [35m::1 - - [23/Oct/2025:18:09:08 +0000] "POST /api/v1/auth/login HTTP/1.1" 200 376 "http://localhost:3000/" "Mozilla/5.0 (Macintosh; Intel Mac OS X 10_15_7) AppleWebKit/537.36 (KHTML, like Gecko) Chrome/141.0.0.0 Safari/537.36"[39m
2025-10-23 21:09:08:98 [35mhttp[39m: [35m::1 - - [23/Oct/2025:18:09:08 +0000] "GET /api/v1/campaigns/featured HTTP/1.1" 304 - "http://localhost:3000/" "Mozilla/5.0 (Macintosh; Intel Mac OS X 10_15_7) AppleWebKit/537.36 (KHTML, like Gecko) Chrome/141.0.0.0 Safari/537.36"[39m
2025-10-23 21:09:08:98 [35mhttp[39m: [35m::1 - - [23/Oct/2025:18:09:08 +0000] "GET /api/v1/campaigns?category=&status=ACTIVE&search=&page=1&limit=12 HTTP/1.1" 304 - "http://localhost:3000/" "Mozilla/5.0 (Macintosh; Intel Mac OS X 10_15_7) AppleWebKit/537.36 (KHTML, like Gecko) Chrome/141.0.0.0 Safari/537.36"[39m
2025-10-23 21:09:08:98 [35mhttp[39m: [35m::1 - - [23/Oct/2025:18:09:08 +0000] "GET /api/v1/campaigns/featured HTTP/1.1" 304 - "http://localhost:3000/" "Mozilla/5.0 (Macintosh; Intel Mac OS X 10_15_7) AppleWebKit/537.36 (KHTML, like Gecko) Chrome/141.0.0.0 Safari/537.36"[39m
2025-10-23 21:09:08:98 [35mhttp[39m: [35m::1 - - [23/Oct/2025:18:09:08 +0000] "GET /api/v1/campaigns?category=&status=ACTIVE&search=&page=1&limit=12 HTTP/1.1" 304 - "http://localhost:3000/" "Mozilla/5.0 (Macintosh; Intel Mac OS X 10_15_7) AppleWebKit/537.36 (KHTML, like Gecko) Chrome/141.0.0.0 Safari/537.36"[39m
2025-10-23 21:09:13:913 [33mwarn[39m: [33mClient Error Invalid id format[39m
2025-10-23 21:09:13:913 [35mhttp[39m: [35m::1 - - [23/Oct/2025:18:09:13 +0000] "GET /api/v1/campaigns/create HTTP/1.1" 400 2675 "http://localhost:3000/" "Mozilla/5.0 (Macintosh; Intel Mac OS X 10_15_7) AppleWebKit/537.36 (KHTML, like Gecko) Chrome/141.0.0.0 Safari/537.36"[39m
2025-10-23 21:09:13:913 [33mwarn[39m: [33mClient Error Invalid id format[39m
2025-10-23 21:09:13:913 [35mhttp[39m: [35m::1 - - [23/Oct/2025:18:09:13 +0000] "GET /api/v1/campaigns/create HTTP/1.1" 400 2675 "http://localhost:3000/" "Mozilla/5.0 (Macintosh; Intel Mac OS X 10_15_7) AppleWebKit/537.36 (KHTML, like Gecko) Chrome/141.0.0.0 Safari/537.36"[39m
2025-10-23 21:09:24:924 [33mwarn[39m: [33mClient Error Invalid id format[39m
2025-10-23 21:09:24:924 [35mhttp[39m: [35m::1 - - [23/Oct/2025:18:09:24 +0000] "GET /api/v1/campaigns/create HTTP/1.1" 400 2675 "http://localhost:3000/" "Mozilla/5.0 (Macintosh; Intel Mac OS X 10_15_7) AppleWebKit/537.36 (KHTML, like Gecko) Chrome/141.0.0.0 Safari/537.36"[39m
2025-10-23 21:09:24:924 [35mhttp[39m: [35m::1 - - [23/Oct/2025:18:09:24 +0000] "GET /api/v1/auth/me HTTP/1.1" 404 104 "http://localhost:3000/" "Mozilla/5.0 (Macintosh; Intel Mac OS X 10_15_7) AppleWebKit/537.36 (KHTML, like Gecko) Chrome/141.0.0.0 Safari/537.36"[39m
2025-10-23 21:09:24:924 [33mwarn[39m: [33mClient Error Invalid id format[39m
2025-10-23 21:09:24:924 [35mhttp[39m: [35m::1 - - [23/Oct/2025:18:09:24 +0000] "GET /api/v1/campaigns/create HTTP/1.1" 400 2675 "http://localhost:3000/" "Mozilla/5.0 (Macintosh; Intel Mac OS X 10_15_7) AppleWebKit/537.36 (KHTML, like Gecko) Chrome/141.0.0.0 Safari/537.36"[39m
2025-10-23 21:09:24:924 [35mhttp[39m: [35m::1 - - [23/Oct/2025:18:09:24 +0000] "GET /api/v1/auth/me HTTP/1.1" 404 104 "http://localhost:3000/" "Mozilla/5.0 (Macintosh; Intel Mac OS X 10_15_7) AppleWebKit/537.36 (KHTML, like Gecko) Chrome/141.0.0.0 Safari/537.36"[39m
2025-10-23 21:09:39:939 [35mhttp[39m: [35m::1 - - [23/Oct/2025:18:09:39 +0000] "GET /api/v1/campaigns?category=&status=ACTIVE&search=&page=1&limit=12 HTTP/1.1" 304 - "http://localhost:3000/" "Mozilla/5.0 (Macintosh; Intel Mac OS X 10_15_7) AppleWebKit/537.36 (KHTML, like Gecko) Chrome/141.0.0.0 Safari/537.36"[39m
2025-10-23 21:09:39:939 [35mhttp[39m: [35m::1 - - [23/Oct/2025:18:09:39 +0000] "GET /api/v1/campaigns/featured HTTP/1.1" 304 - "http://localhost:3000/" "Mozilla/5.0 (Macintosh; Intel Mac OS X 10_15_7) AppleWebKit/537.36 (KHTML, like Gecko) Chrome/141.0.0.0 Safari/537.36"[39m
2025-10-23 21:09:39:939 [35mhttp[39m: [35m::1 - - [23/Oct/2025:18:09:39 +0000] "GET /api/v1/campaigns?category=&status=ACTIVE&search=&page=1&limit=12 HTTP/1.1" 304 - "http://localhost:3000/" "Mozilla/5.0 (Macintosh; Intel Mac OS X 10_15_7) AppleWebKit/537.36 (KHTML, like Gecko) Chrome/141.0.0.0 Safari/537.36"[39m
2025-10-23 21:09:39:939 [35mhttp[39m: [35m::1 - - [23/Oct/2025:18:09:39 +0000] "GET /api/v1/campaigns/featured HTTP/1.1" 304 - "http://localhost:3000/" "Mozilla/5.0 (Macintosh; Intel Mac OS X 10_15_7) AppleWebKit/537.36 (KHTML, like Gecko) Chrome/141.0.0.0 Safari/537.36"[39m
2025-10-23 21:09:41:941 [35mhttp[39m: [35m::1 - - [23/Oct/2025:18:09:41 +0000] "GET /api/v1/campaigns/550e8400-e29b-41d4-a716-446655440009 HTTP/1.1" 304 - "http://localhost:3000/" "Mozilla/5.0 (Macintosh; Intel Mac OS X 10_15_7) AppleWebKit/537.36 (KHTML, like Gecko) Chrome/141.0.0.0 Safari/537.36"[39m
2025-10-23 21:09:41:941 [35mhttp[39m: [35m::1 - - [23/Oct/2025:18:09:41 +0000] "GET /api/v1/campaigns/550e8400-e29b-41d4-a716-446655440009 HTTP/1.1" 304 - "http://localhost:3000/" "Mozilla/5.0 (Macintosh; Intel Mac OS X 10_15_7) AppleWebKit/537.36 (KHTML, like Gecko) Chrome/141.0.0.0 Safari/537.36"[39m
2025-10-23 21:09:45:945 [35mhttp[39m: [35m::1 - - [23/Oct/2025:18:09:45 +0000] "GET /api/v1/campaigns/featured HTTP/1.1" 304 - "http://localhost:3000/" "Mozilla/5.0 (Macintosh; Intel Mac OS X 10_15_7) AppleWebKit/537.36 (KHTML, like Gecko) Chrome/141.0.0.0 Safari/537.36"[39m
2025-10-23 21:09:45:945 [35mhttp[39m: [35m::1 - - [23/Oct/2025:18:09:45 +0000] "GET /api/v1/campaigns/trending HTTP/1.1" 304 - "http://localhost:3000/" "Mozilla/5.0 (Macintosh; Intel Mac OS X 10_15_7) AppleWebKit/537.36 (KHTML, like Gecko) Chrome/141.0.0.0 Safari/537.36"[39m
2025-10-23 21:09:45:945 [35mhttp[39m: [35m::1 - - [23/Oct/2025:18:09:45 +0000] "GET /api/v1/campaigns/featured HTTP/1.1" 304 - "http://localhost:3000/" "Mozilla/5.0 (Macintosh; Intel Mac OS X 10_15_7) AppleWebKit/537.36 (KHTML, like Gecko) Chrome/141.0.0.0 Safari/537.36"[39m
2025-10-23 21:09:45:945 [35mhttp[39m: [35m::1 - - [23/Oct/2025:18:09:45 +0000] "GET /api/v1/campaigns/trending HTTP/1.1" 304 - "http://localhost:3000/" "Mozilla/5.0 (Macintosh; Intel Mac OS X 10_15_7) AppleWebKit/537.36 (KHTML, like Gecko) Chrome/141.0.0.0 Safari/537.36"[39m
2025-10-23 21:09:47:947 [35mhttp[39m: [35m::1 - - [23/Oct/2025:18:09:47 +0000] "GET /api/v1/campaigns/featured HTTP/1.1" 304 - "http://localhost:3000/" "Mozilla/5.0 (Macintosh; Intel Mac OS X 10_15_7) AppleWebKit/537.36 (KHTML, like Gecko) Chrome/141.0.0.0 Safari/537.36"[39m
2025-10-23 21:09:47:947 [35mhttp[39m: [35m::1 - - [23/Oct/2025:18:09:47 +0000] "GET /api/v1/campaigns/trending HTTP/1.1" 304 - "http://localhost:3000/" "Mozilla/5.0 (Macintosh; Intel Mac OS X 10_15_7) AppleWebKit/537.36 (KHTML, like Gecko) Chrome/141.0.0.0 Safari/537.36"[39m
2025-10-23 21:09:47:947 [35mhttp[39m: [35m::1 - - [23/Oct/2025:18:09:47 +0000] "GET /api/v1/campaigns/featured HTTP/1.1" 304 - "http://localhost:3000/" "Mozilla/5.0 (Macintosh; Intel Mac OS X 10_15_7) AppleWebKit/537.36 (KHTML, like Gecko) Chrome/141.0.0.0 Safari/537.36"[39m
2025-10-23 21:09:47:947 [35mhttp[39m: [35m::1 - - [23/Oct/2025:18:09:47 +0000] "GET /api/v1/campaigns/trending HTTP/1.1" 304 - "http://localhost:3000/" "Mozilla/5.0 (Macintosh; Intel Mac OS X 10_15_7) AppleWebKit/537.36 (KHTML, like Gecko) Chrome/141.0.0.0 Safari/537.36"[39m
2025-10-23 21:09:49:949 [35mhttp[39m: [35m::1 - - [23/Oct/2025:18:09:49 +0000] "GET /api/v1/campaigns?category=&status=ACTIVE&search=&page=1&limit=12 HTTP/1.1" 304 - "http://localhost:3000/" "Mozilla/5.0 (Macintosh; Intel Mac OS X 10_15_7) AppleWebKit/537.36 (KHTML, like Gecko) Chrome/141.0.0.0 Safari/537.36"[39m
2025-10-23 21:09:49:949 [35mhttp[39m: [35m::1 - - [23/Oct/2025:18:09:49 +0000] "GET /api/v1/campaigns/featured HTTP/1.1" 304 - "http://localhost:3000/" "Mozilla/5.0 (Macintosh; Intel Mac OS X 10_15_7) AppleWebKit/537.36 (KHTML, like Gecko) Chrome/141.0.0.0 Safari/537.36"[39m
2025-10-23 21:09:49:949 [35mhttp[39m: [35m::1 - - [23/Oct/2025:18:09:49 +0000] "GET /api/v1/campaigns?category=&status=ACTIVE&search=&page=1&limit=12 HTTP/1.1" 304 - "http://localhost:3000/" "Mozilla/5.0 (Macintosh; Intel Mac OS X 10_15_7) AppleWebKit/537.36 (KHTML, like Gecko) Chrome/141.0.0.0 Safari/537.36"[39m
2025-10-23 21:09:49:949 [35mhttp[39m: [35m::1 - - [23/Oct/2025:18:09:49 +0000] "GET /api/v1/campaigns/featured HTTP/1.1" 304 - "http://localhost:3000/" "Mozilla/5.0 (Macintosh; Intel Mac OS X 10_15_7) AppleWebKit/537.36 (KHTML, like Gecko) Chrome/141.0.0.0 Safari/537.36"[39m
2025-10-23 21:10:16:1016 [35mhttp[39m: [35m::1 - - [23/Oct/2025:18:10:16 +0000] "GET /api/v1/campaigns/featured HTTP/1.1" 304 - "http://localhost:3000/" "Mozilla/5.0 (Macintosh; Intel Mac OS X 10_15_7) AppleWebKit/537.36 (KHTML, like Gecko) Chrome/141.0.0.0 Safari/537.36"[39m
2025-10-23 21:10:16:1016 [35mhttp[39m: [35m::1 - - [23/Oct/2025:18:10:16 +0000] "GET /api/v1/campaigns/trending HTTP/1.1" 304 - "http://localhost:3000/" "Mozilla/5.0 (Macintosh; Intel Mac OS X 10_15_7) AppleWebKit/537.36 (KHTML, like Gecko) Chrome/141.0.0.0 Safari/537.36"[39m
2025-10-23 21:10:16:1016 [35mhttp[39m: [35m::1 - - [23/Oct/2025:18:10:16 +0000] "GET /api/v1/campaigns/featured HTTP/1.1" 304 - "http://localhost:3000/" "Mozilla/5.0 (Macintosh; Intel Mac OS X 10_15_7) AppleWebKit/537.36 (KHTML, like Gecko) Chrome/141.0.0.0 Safari/537.36"[39m
2025-10-23 21:10:16:1016 [35mhttp[39m: [35m::1 - - [23/Oct/2025:18:10:16 +0000] "GET /api/v1/campaigns/trending HTTP/1.1" 304 - "http://localhost:3000/" "Mozilla/5.0 (Macintosh; Intel Mac OS X 10_15_7) AppleWebKit/537.36 (KHTML, like Gecko) Chrome/141.0.0.0 Safari/537.36"[39m
2025-10-23 21:10:22:1022 [35mhttp[39m: [35m::1 - - [23/Oct/2025:18:10:22 +0000] "GET /api/v1/campaigns/featured HTTP/1.1" 304 - "http://localhost:3000/" "Mozilla/5.0 (Macintosh; Intel Mac OS X 10_15_7) AppleWebKit/537.36 (KHTML, like Gecko) Chrome/141.0.0.0 Safari/537.36"[39m
2025-10-23 21:10:22:1022 [35mhttp[39m: [35m::1 - - [23/Oct/2025:18:10:22 +0000] "GET /api/v1/campaigns/trending HTTP/1.1" 304 - "http://localhost:3000/" "Mozilla/5.0 (Macintosh; Intel Mac OS X 10_15_7) AppleWebKit/537.36 (KHTML, like Gecko) Chrome/141.0.0.0 Safari/537.36"[39m
2025-10-23 21:10:22:1022 [35mhttp[39m: [35m::1 - - [23/Oct/2025:18:10:22 +0000] "GET /api/v1/campaigns/featured HTTP/1.1" 304 - "http://localhost:3000/" "Mozilla/5.0 (Macintosh; Intel Mac OS X 10_15_7) AppleWebKit/537.36 (KHTML, like Gecko) Chrome/141.0.0.0 Safari/537.36"[39m
2025-10-23 21:10:22:1022 [35mhttp[39m: [35m::1 - - [23/Oct/2025:18:10:22 +0000] "GET /api/v1/campaigns/trending HTTP/1.1" 304 - "http://localhost:3000/" "Mozilla/5.0 (Macintosh; Intel Mac OS X 10_15_7) AppleWebKit/537.36 (KHTML, like Gecko) Chrome/141.0.0.0 Safari/537.36"[39m
2025-10-23 21:10:52:1052 [33mwarn[39m: [33mRate limit exceeded[39m
2025-10-23 21:10:52:1052 [35mhttp[39m: [35m::1 - - [23/Oct/2025:18:10:52 +0000] "GET /api/v1/campaigns/featured HTTP/1.1" 200 4256 "http://localhost:3000/" "Mozilla/5.0 (Macintosh; Intel Mac OS X 10_15_7) AppleWebKit/537.36 (KHTML, like Gecko) Chrome/141.0.0.0 Safari/537.36"[39m
2025-10-23 21:11:07:117 [32minfo[39m: [32mApplication started[39m
2025-10-23 21:11:10:1110 [35mhttp[39m: [35m::1 - - [23/Oct/2025:18:11:10 +0000] "GET /api/v1/campaigns?status=ACTIVE&limit=2 HTTP/1.1" 200 1476 "-" "curl/8.7.1"[39m
2025-10-23 21:11:35:1135 [35mhttp[39m: [35m::1 - - [23/Oct/2025:18:11:35 +0000] "GET /api/v1/campaigns/featured HTTP/1.1" 200 4256 "http://localhost:3000/" "Mozilla/5.0 (Macintosh; Intel Mac OS X 10_15_7) AppleWebKit/537.36 (KHTML, like Gecko) Chrome/141.0.0.0 Safari/537.36"[39m
2025-10-23 21:11:35:1135 [35mhttp[39m: [35m::1 - - [23/Oct/2025:18:11:35 +0000] "GET /api/v1/campaigns/featured HTTP/1.1" 304 - "http://localhost:3000/" "Mozilla/5.0 (Macintosh; Intel Mac OS X 10_15_7) AppleWebKit/537.36 (KHTML, like Gecko) Chrome/141.0.0.0 Safari/537.36"[39m
2025-10-23 21:11:35:1135 [35mhttp[39m: [35m::1 - - [23/Oct/2025:18:11:35 +0000] "GET /api/v1/campaigns/trending HTTP/1.1" 200 5823 "http://localhost:3000/" "Mozilla/5.0 (Macintosh; Intel Mac OS X 10_15_7) AppleWebKit/537.36 (KHTML, like Gecko) Chrome/141.0.0.0 Safari/537.36"[39m
2025-10-23 21:11:35:1135 [35mhttp[39m: [35m::1 - - [23/Oct/2025:18:11:35 +0000] "GET /api/v1/campaigns/trending HTTP/1.1" 304 - "http://localhost:3000/" "Mozilla/5.0 (Macintosh; Intel Mac OS X 10_15_7) AppleWebKit/537.36 (KHTML, like Gecko) Chrome/141.0.0.0 Safari/537.36"[39m
2025-10-23 21:11:39:1139 [35mhttp[39m: [35m::1 - - [23/Oct/2025:18:11:39 +0000] "GET /api/v1/campaigns/550e8400-e29b-41d4-a716-446655440009 HTTP/1.1" 200 863 "http://localhost:3000/" "Mozilla/5.0 (Macintosh; Intel Mac OS X 10_15_7) AppleWebKit/537.36 (KHTML, like Gecko) Chrome/141.0.0.0 Safari/537.36"[39m
2025-10-23 21:11:39:1139 [35mhttp[39m: [35m::1 - - [23/Oct/2025:18:11:39 +0000] "GET /api/v1/campaigns/550e8400-e29b-41d4-a716-446655440009 HTTP/1.1" 304 - "http://localhost:3000/" "Mozilla/5.0 (Macintosh; Intel Mac OS X 10_15_7) AppleWebKit/537.36 (KHTML, like Gecko) Chrome/141.0.0.0 Safari/537.36"[39m
2025-10-23 21:11:41:1141 [35mhttp[39m: [35m::1 - - [23/Oct/2025:18:11:41 +0000] "GET /api/v1/campaigns/550e8400-e29b-41d4-a716-446655440009 HTTP/1.1" 304 - "http://localhost:3000/" "Mozilla/5.0 (Macintosh; Intel Mac OS X 10_15_7) AppleWebKit/537.36 (KHTML, like Gecko) Chrome/141.0.0.0 Safari/537.36"[39m
2025-10-23 21:11:41:1141 [35mhttp[39m: [35m::1 - - [23/Oct/2025:18:11:41 +0000] "GET /api/v1/campaigns/550e8400-e29b-41d4-a716-446655440009 HTTP/1.1" 304 - "http://localhost:3000/" "Mozilla/5.0 (Macintosh; Intel Mac OS X 10_15_7) AppleWebKit/537.36 (KHTML, like Gecko) Chrome/141.0.0.0 Safari/537.36"[39m
2025-10-23 21:11:47:1147 [35mhttp[39m: [35m::1 - - [23/Oct/2025:18:11:47 +0000] "GET /api/v1/campaigns/550e8400-e29b-41d4-a716-446655440009 HTTP/1.1" 304 - "http://localhost:3000/" "Mozilla/5.0 (Macintosh; Intel Mac OS X 10_15_7) AppleWebKit/537.36 (KHTML, like Gecko) Chrome/141.0.0.0 Safari/537.36"[39m
2025-10-23 21:11:47:1147 [35mhttp[39m: [35m::1 - - [23/Oct/2025:18:11:47 +0000] "GET /api/v1/campaigns/550e8400-e29b-41d4-a716-446655440009 HTTP/1.1" 304 - "http://localhost:3000/" "Mozilla/5.0 (Macintosh; Intel Mac OS X 10_15_7) AppleWebKit/537.36 (KHTML, like Gecko) Chrome/141.0.0.0 Safari/537.36"[39m
2025-10-23 21:11:58:1158 [35mhttp[39m: [35m::1 - - [23/Oct/2025:18:11:58 +0000] "GET /api/v1/auth/me HTTP/1.1" 404 104 "-" "curl/8.7.1"[39m
2025-10-23 21:11:58:1158 [35mhttp[39m: [35m::1 - - [23/Oct/2025:18:11:58 +0000] "GET /api/v1/users/profile HTTP/1.1" 401 49 "-" "curl/8.7.1"[39m
2025-10-23 21:11:58:1158 [33mwarn[39m: [33mClient Error Invalid id format[39m
2025-10-23 21:11:58:1158 [35mhttp[39m: [35m::1 - - [23/Oct/2025:18:11:58 +0000] "GET /api/v1/campaigns/create HTTP/1.1" 400 2568 "-" "curl/8.7.1"[39m
2025-10-23 21:13:03:133 [32minfo[39m: [32mApplication started[39m
2025-10-23 21:13:06:136 [35mhttp[39m: [35m::1 - - [23/Oct/2025:18:13:06 +0000] "GET /api/v1/stats HTTP/1.1" 404 102 "-" "curl/8.7.1"[39m
2025-10-23 21:13:08:138 [35mhttp[39m: [35m::1 - - [23/Oct/2025:18:13:08 +0000] "GET /api/v1/stats HTTP/1.1" 404 102 "http://localhost:3000/" "Mozilla/5.0 (Macintosh; Intel Mac OS X 10_15_7) AppleWebKit/537.36 (KHTML, like Gecko) Chrome/141.0.0.0 Safari/537.36"[39m
2025-10-23 21:13:08:138 [35mhttp[39m: [35m::1 - - [23/Oct/2025:18:13:08 +0000] "GET /api/v1/stats HTTP/1.1" 404 102 "http://localhost:3000/" "Mozilla/5.0 (Macintosh; Intel Mac OS X 10_15_7) AppleWebKit/537.36 (KHTML, like Gecko) Chrome/141.0.0.0 Safari/537.36"[39m
2025-10-23 21:13:08:138 [35mhttp[39m: [35m::1 - - [23/Oct/2025:18:13:08 +0000] "GET /api/v1/campaigns/featured HTTP/1.1" 304 - "http://localhost:3000/" "Mozilla/5.0 (Macintosh; Intel Mac OS X 10_15_7) AppleWebKit/537.36 (KHTML, like Gecko) Chrome/141.0.0.0 Safari/537.36"[39m
2025-10-23 21:13:08:138 [35mhttp[39m: [35m::1 - - [23/Oct/2025:18:13:08 +0000] "GET /api/v1/campaigns/featured HTTP/1.1" 304 - "http://localhost:3000/" "Mozilla/5.0 (Macintosh; Intel Mac OS X 10_15_7) AppleWebKit/537.36 (KHTML, like Gecko) Chrome/141.0.0.0 Safari/537.36"[39m
2025-10-23 21:13:08:138 [35mhttp[39m: [35m::1 - - [23/Oct/2025:18:13:08 +0000] "GET /api/v1/campaigns/trending HTTP/1.1" 304 - "http://localhost:3000/" "Mozilla/5.0 (Macintosh; Intel Mac OS X 10_15_7) AppleWebKit/537.36 (KHTML, like Gecko) Chrome/141.0.0.0 Safari/537.36"[39m
2025-10-23 21:13:08:138 [35mhttp[39m: [35m::1 - - [23/Oct/2025:18:13:08 +0000] "GET /api/v1/campaigns/trending HTTP/1.1" 304 - "http://localhost:3000/" "Mozilla/5.0 (Macintosh; Intel Mac OS X 10_15_7) AppleWebKit/537.36 (KHTML, like Gecko) Chrome/141.0.0.0 Safari/537.36"[39m
2025-10-23 21:13:13:1313 [35mhttp[39m: [35m::1 - - [23/Oct/2025:18:13:13 +0000] "GET /api/v1/stats HTTP/1.1" 404 102 "http://localhost:3000/" "Mozilla/5.0 (Macintosh; Intel Mac OS X 10_15_7) AppleWebKit/537.36 (KHTML, like Gecko) Chrome/141.0.0.0 Safari/537.36"[39m
2025-10-23 21:13:13:1313 [35mhttp[39m: [35m::1 - - [23/Oct/2025:18:13:13 +0000] "GET /api/v1/stats HTTP/1.1" 404 102 "http://localhost:3000/" "Mozilla/5.0 (Macintosh; Intel Mac OS X 10_15_7) AppleWebKit/537.36 (KHTML, like Gecko) Chrome/141.0.0.0 Safari/537.36"[39m
2025-10-23 21:13:13:1313 [35mhttp[39m: [35m::1 - - [23/Oct/2025:18:13:13 +0000] "GET /api/v1/campaigns/featured HTTP/1.1" 304 - "http://localhost:3000/" "Mozilla/5.0 (Macintosh; Intel Mac OS X 10_15_7) AppleWebKit/537.36 (KHTML, like Gecko) Chrome/141.0.0.0 Safari/537.36"[39m
2025-10-23 21:13:13:1313 [35mhttp[39m: [35m::1 - - [23/Oct/2025:18:13:13 +0000] "GET /api/v1/campaigns/trending HTTP/1.1" 304 - "http://localhost:3000/" "Mozilla/5.0 (Macintosh; Intel Mac OS X 10_15_7) AppleWebKit/537.36 (KHTML, like Gecko) Chrome/141.0.0.0 Safari/537.36"[39m
2025-10-23 21:13:13:1313 [35mhttp[39m: [35m::1 - - [23/Oct/2025:18:13:13 +0000] "GET /api/v1/campaigns/featured HTTP/1.1" 304 - "http://localhost:3000/" "Mozilla/5.0 (Macintosh; Intel Mac OS X 10_15_7) AppleWebKit/537.36 (KHTML, like Gecko) Chrome/141.0.0.0 Safari/537.36"[39m
2025-10-23 21:13:13:1313 [35mhttp[39m: [35m::1 - - [23/Oct/2025:18:13:13 +0000] "GET /api/v1/campaigns/trending HTTP/1.1" 304 - "http://localhost:3000/" "Mozilla/5.0 (Macintosh; Intel Mac OS X 10_15_7) AppleWebKit/537.36 (KHTML, like Gecko) Chrome/141.0.0.0 Safari/537.36"[39m
2025-10-23 21:13:22:1322 [32minfo[39m: [32mApplication started[39m
2025-10-23 21:13:25:1325 [35mhttp[39m: [35m::1 - - [23/Oct/2025:18:13:25 +0000] "GET /api/v1/stats HTTP/1.1" 200 120 "-" "curl/8.7.1"[39m
2025-10-23 21:13:35:1335 [35mhttp[39m: [35m::1 - - [23/Oct/2025:18:13:35 +0000] "GET /api/v1/stats HTTP/1.1" 200 120 "http://localhost:3000/" "Mozilla/5.0 (Macintosh; Intel Mac OS X 10_15_7) AppleWebKit/537.36 (KHTML, like Gecko) Chrome/141.0.0.0 Safari/537.36"[39m
2025-10-23 21:13:35:1335 [35mhttp[39m: [35m::1 - - [23/Oct/2025:18:13:35 +0000] "GET /api/v1/stats HTTP/1.1" 304 - "http://localhost:3000/" "Mozilla/5.0 (Macintosh; Intel Mac OS X 10_15_7) AppleWebKit/537.36 (KHTML, like Gecko) Chrome/141.0.0.0 Safari/537.36"[39m
2025-10-23 21:13:35:1335 [35mhttp[39m: [35m::1 - - [23/Oct/2025:18:13:35 +0000] "GET /api/v1/campaigns/featured HTTP/1.1" 304 - "http://localhost:3000/" "Mozilla/5.0 (Macintosh; Intel Mac OS X 10_15_7) AppleWebKit/537.36 (KHTML, like Gecko) Chrome/141.0.0.0 Safari/537.36"[39m
2025-10-23 21:13:35:1335 [35mhttp[39m: [35m::1 - - [23/Oct/2025:18:13:35 +0000] "GET /api/v1/campaigns/trending HTTP/1.1" 304 - "http://localhost:3000/" "Mozilla/5.0 (Macintosh; Intel Mac OS X 10_15_7) AppleWebKit/537.36 (KHTML, like Gecko) Chrome/141.0.0.0 Safari/537.36"[39m
2025-10-23 21:13:35:1335 [35mhttp[39m: [35m::1 - - [23/Oct/2025:18:13:35 +0000] "GET /api/v1/campaigns/featured HTTP/1.1" 304 - "http://localhost:3000/" "Mozilla/5.0 (Macintosh; Intel Mac OS X 10_15_7) AppleWebKit/537.36 (KHTML, like Gecko) Chrome/141.0.0.0 Safari/537.36"[39m
2025-10-23 21:13:35:1335 [35mhttp[39m: [35m::1 - - [23/Oct/2025:18:13:35 +0000] "GET /api/v1/campaigns/trending HTTP/1.1" 304 - "http://localhost:3000/" "Mozilla/5.0 (Macintosh; Intel Mac OS X 10_15_7) AppleWebKit/537.36 (KHTML, like Gecko) Chrome/141.0.0.0 Safari/537.36"[39m
2025-10-23 21:15:04:154 [35mhttp[39m: [35m::1 - - [23/Oct/2025:18:15:04 +0000] "GET /api/v1/campaigns/featured HTTP/1.1" 304 - "http://localhost:3000/" "Mozilla/5.0 (Macintosh; Intel Mac OS X 10_15_7) AppleWebKit/537.36 (KHTML, like Gecko) Chrome/141.0.0.0 Safari/537.36"[39m
2025-10-23 21:15:04:154 [35mhttp[39m: [35m::1 - - [23/Oct/2025:18:15:04 +0000] "GET /api/v1/campaigns/trending HTTP/1.1" 304 - "http://localhost:3000/" "Mozilla/5.0 (Macintosh; Intel Mac OS X 10_15_7) AppleWebKit/537.36 (KHTML, like Gecko) Chrome/141.0.0.0 Safari/537.36"[39m
2025-10-23 21:15:04:154 [35mhttp[39m: [35m::1 - - [23/Oct/2025:18:15:04 +0000] "GET /api/v1/campaigns/featured HTTP/1.1" 304 - "http://localhost:3000/" "Mozilla/5.0 (Macintosh; Intel Mac OS X 10_15_7) AppleWebKit/537.36 (KHTML, like Gecko) Chrome/141.0.0.0 Safari/537.36"[39m
2025-10-23 21:15:04:154 [35mhttp[39m: [35m::1 - - [23/Oct/2025:18:15:04 +0000] "GET /api/v1/campaigns/trending HTTP/1.1" 304 - "http://localhost:3000/" "Mozilla/5.0 (Macintosh; Intel Mac OS X 10_15_7) AppleWebKit/537.36 (KHTML, like Gecko) Chrome/141.0.0.0 Safari/537.36"[39m
2025-10-23 21:15:04:154 [35mhttp[39m: [35m::1 - - [23/Oct/2025:18:15:04 +0000] "GET /api/v1/stats HTTP/1.1" 200 120 "http://localhost:3000/" "Mozilla/5.0 (Macintosh; Intel Mac OS X 10_15_7) AppleWebKit/537.36 (KHTML, like Gecko) Chrome/141.0.0.0 Safari/537.36"[39m
2025-10-23 21:15:04:154 [35mhttp[39m: [35m::1 - - [23/Oct/2025:18:15:04 +0000] "GET /api/v1/stats HTTP/1.1" 304 - "http://localhost:3000/" "Mozilla/5.0 (Macintosh; Intel Mac OS X 10_15_7) AppleWebKit/537.36 (KHTML, like Gecko) Chrome/141.0.0.0 Safari/537.36"[39m
2025-10-23 21:15:10:1510 [35mhttp[39m: [35m::1 - - [23/Oct/2025:18:15:10 +0000] "POST /api/v1/auth/login HTTP/1.1" 200 387 "http://localhost:3000/" "Mozilla/5.0 (Macintosh; Intel Mac OS X 10_15_7) AppleWebKit/537.36 (KHTML, like Gecko) Chrome/141.0.0.0 Safari/537.36"[39m
2025-10-23 21:15:10:1510 [35mhttp[39m: [35m::1 - - [23/Oct/2025:18:15:10 +0000] "GET /api/v1/campaigns?category=&status=ACTIVE&search=&page=1&limit=12 HTTP/1.1" 200 8149 "http://localhost:3000/" "Mozilla/5.0 (Macintosh; Intel Mac OS X 10_15_7) AppleWebKit/537.36 (KHTML, like Gecko) Chrome/141.0.0.0 Safari/537.36"[39m
2025-10-23 21:15:10:1510 [35mhttp[39m: [35m::1 - - [23/Oct/2025:18:15:10 +0000] "GET /api/v1/campaigns/featured HTTP/1.1" 304 - "http://localhost:3000/" "Mozilla/5.0 (Macintosh; Intel Mac OS X 10_15_7) AppleWebKit/537.36 (KHTML, like Gecko) Chrome/141.0.0.0 Safari/537.36"[39m
2025-10-23 21:15:10:1510 [35mhttp[39m: [35m::1 - - [23/Oct/2025:18:15:10 +0000] "GET /api/v1/campaigns?category=&status=ACTIVE&search=&page=1&limit=12 HTTP/1.1" 304 - "http://localhost:3000/" "Mozilla/5.0 (Macintosh; Intel Mac OS X 10_15_7) AppleWebKit/537.36 (KHTML, like Gecko) Chrome/141.0.0.0 Safari/537.36"[39m
2025-10-23 21:15:10:1510 [35mhttp[39m: [35m::1 - - [23/Oct/2025:18:15:10 +0000] "GET /api/v1/campaigns/featured HTTP/1.1" 304 - "http://localhost:3000/" "Mozilla/5.0 (Macintosh; Intel Mac OS X 10_15_7) AppleWebKit/537.36 (KHTML, like Gecko) Chrome/141.0.0.0 Safari/537.36"[39m
2025-10-23 21:15:12:1512 [33mwarn[39m: [33mClient Error Invalid id format[39m
2025-10-23 21:15:12:1512 [35mhttp[39m: [35m::1 - - [23/Oct/2025:18:15:12 +0000] "GET /api/v1/campaigns/create HTTP/1.1" 400 2675 "http://localhost:3000/" "Mozilla/5.0 (Macintosh; Intel Mac OS X 10_15_7) AppleWebKit/537.36 (KHTML, like Gecko) Chrome/141.0.0.0 Safari/537.36"[39m
2025-10-23 21:15:12:1512 [33mwarn[39m: [33mClient Error Invalid id format[39m
2025-10-23 21:15:12:1512 [35mhttp[39m: [35m::1 - - [23/Oct/2025:18:15:12 +0000] "GET /api/v1/campaigns/create HTTP/1.1" 400 2675 "http://localhost:3000/" "Mozilla/5.0 (Macintosh; Intel Mac OS X 10_15_7) AppleWebKit/537.36 (KHTML, like Gecko) Chrome/141.0.0.0 Safari/537.36"[39m
2025-10-23 21:15:14:1514 [35mhttp[39m: [35m::1 - - [23/Oct/2025:18:15:14 +0000] "GET /api/v1/campaigns?category=&status=ACTIVE&search=&page=1&limit=12 HTTP/1.1" 304 - "http://localhost:3000/" "Mozilla/5.0 (Macintosh; Intel Mac OS X 10_15_7) AppleWebKit/537.36 (KHTML, like Gecko) Chrome/141.0.0.0 Safari/537.36"[39m
2025-10-23 21:15:14:1514 [35mhttp[39m: [35m::1 - - [23/Oct/2025:18:15:14 +0000] "GET /api/v1/campaigns/featured HTTP/1.1" 304 - "http://localhost:3000/" "Mozilla/5.0 (Macintosh; Intel Mac OS X 10_15_7) AppleWebKit/537.36 (KHTML, like Gecko) Chrome/141.0.0.0 Safari/537.36"[39m
2025-10-23 21:15:14:1514 [35mhttp[39m: [35m::1 - - [23/Oct/2025:18:15:14 +0000] "GET /api/v1/campaigns?category=&status=ACTIVE&search=&page=1&limit=12 HTTP/1.1" 304 - "http://localhost:3000/" "Mozilla/5.0 (Macintosh; Intel Mac OS X 10_15_7) AppleWebKit/537.36 (KHTML, like Gecko) Chrome/141.0.0.0 Safari/537.36"[39m
2025-10-23 21:15:14:1514 [35mhttp[39m: [35m::1 - - [23/Oct/2025:18:15:14 +0000] "GET /api/v1/campaigns/featured HTTP/1.1" 304 - "http://localhost:3000/" "Mozilla/5.0 (Macintosh; Intel Mac OS X 10_15_7) AppleWebKit/537.36 (KHTML, like Gecko) Chrome/141.0.0.0 Safari/537.36"[39m
2025-10-23 21:15:15:1515 [35mhttp[39m: [35m::1 - - [23/Oct/2025:18:15:15 +0000] "GET /api/v1/campaigns/featured HTTP/1.1" 304 - "http://localhost:3000/" "Mozilla/5.0 (Macintosh; Intel Mac OS X 10_15_7) AppleWebKit/537.36 (KHTML, like Gecko) Chrome/141.0.0.0 Safari/537.36"[39m
2025-10-23 21:15:15:1515 [35mhttp[39m: [35m::1 - - [23/Oct/2025:18:15:15 +0000] "GET /api/v1/campaigns/trending HTTP/1.1" 304 - "http://localhost:3000/" "Mozilla/5.0 (Macintosh; Intel Mac OS X 10_15_7) AppleWebKit/537.36 (KHTML, like Gecko) Chrome/141.0.0.0 Safari/537.36"[39m
2025-10-23 21:15:15:1515 [35mhttp[39m: [35m::1 - - [23/Oct/2025:18:15:15 +0000] "GET /api/v1/campaigns/featured HTTP/1.1" 304 - "http://localhost:3000/" "Mozilla/5.0 (Macintosh; Intel Mac OS X 10_15_7) AppleWebKit/537.36 (KHTML, like Gecko) Chrome/141.0.0.0 Safari/537.36"[39m
2025-10-23 21:15:15:1515 [35mhttp[39m: [35m::1 - - [23/Oct/2025:18:15:15 +0000] "GET /api/v1/stats HTTP/1.1" 304 - "http://localhost:3000/" "Mozilla/5.0 (Macintosh; Intel Mac OS X 10_15_7) AppleWebKit/537.36 (KHTML, like Gecko) Chrome/141.0.0.0 Safari/537.36"[39m
2025-10-23 21:15:15:1515 [35mhttp[39m: [35m::1 - - [23/Oct/2025:18:15:15 +0000] "GET /api/v1/campaigns/trending HTTP/1.1" 304 - "http://localhost:3000/" "Mozilla/5.0 (Macintosh; Intel Mac OS X 10_15_7) AppleWebKit/537.36 (KHTML, like Gecko) Chrome/141.0.0.0 Safari/537.36"[39m
2025-10-23 21:15:15:1515 [35mhttp[39m: [35m::1 - - [23/Oct/2025:18:15:15 +0000] "GET /api/v1/stats HTTP/1.1" 304 - "http://localhost:3000/" "Mozilla/5.0 (Macintosh; Intel Mac OS X 10_15_7) AppleWebKit/537.36 (KHTML, like Gecko) Chrome/141.0.0.0 Safari/537.36"[39m
2025-10-23 21:15:18:1518 [35mhttp[39m: [35m::1 - - [23/Oct/2025:18:15:18 +0000] "GET /api/v1/campaigns/550e8400-e29b-41d4-a716-446655440007 HTTP/1.1" 200 871 "http://localhost:3000/" "Mozilla/5.0 (Macintosh; Intel Mac OS X 10_15_7) AppleWebKit/537.36 (KHTML, like Gecko) Chrome/141.0.0.0 Safari/537.36"[39m
2025-10-23 21:15:18:1518 [35mhttp[39m: [35m::1 - - [23/Oct/2025:18:15:18 +0000] "GET /api/v1/campaigns/550e8400-e29b-41d4-a716-446655440007 HTTP/1.1" 304 - "http://localhost:3000/" "Mozilla/5.0 (Macintosh; Intel Mac OS X 10_15_7) AppleWebKit/537.36 (KHTML, like Gecko) Chrome/141.0.0.0 Safari/537.36"[39m
2025-10-23 21:15:35:1535 [35mhttp[39m: [35m::1 - - [23/Oct/2025:18:15:35 +0000] "GET /api/v1/campaigns/550e8400-e29b-41d4-a716-446655440007 HTTP/1.1" 304 - "http://localhost:3000/" "Mozilla/5.0 (Macintosh; Intel Mac OS X 10_15_7) AppleWebKit/537.36 (KHTML, like Gecko) Chrome/141.0.0.0 Safari/537.36"[39m
2025-10-23 21:15:35:1535 [35mhttp[39m: [35m::1 - - [23/Oct/2025:18:15:35 +0000] "GET /api/v1/campaigns/550e8400-e29b-41d4-a716-446655440007 HTTP/1.1" 304 - "http://localhost:3000/" "Mozilla/5.0 (Macintosh; Intel Mac OS X 10_15_7) AppleWebKit/537.36 (KHTML, like Gecko) Chrome/141.0.0.0 Safari/537.36"[39m
2025-10-23 21:15:35:1535 [35mhttp[39m: [35m::1 - - [23/Oct/2025:18:15:35 +0000] "GET /api/v1/users/profile HTTP/1.1" 200 315 "http://localhost:3000/" "Mozilla/5.0 (Macintosh; Intel Mac OS X 10_15_7) AppleWebKit/537.36 (KHTML, like Gecko) Chrome/141.0.0.0 Safari/537.36"[39m
2025-10-23 21:15:35:1535 [35mhttp[39m: [35m::1 - - [23/Oct/2025:18:15:35 +0000] "GET /api/v1/users/profile HTTP/1.1" 304 - "http://localhost:3000/" "Mozilla/5.0 (Macintosh; Intel Mac OS X 10_15_7) AppleWebKit/537.36 (KHTML, like Gecko) Chrome/141.0.0.0 Safari/537.36"[39m
2025-10-23 21:15:57:1557 [35mhttp[39m: [35m::1 - - [23/Oct/2025:18:15:57 +0000] "GET /api/v1/campaigns/featured HTTP/1.1" 304 - "http://localhost:3000/" "Mozilla/5.0 (Macintosh; Intel Mac OS X 10_15_7) AppleWebKit/537.36 (KHTML, like Gecko) Chrome/141.0.0.0 Safari/537.36"[39m
2025-10-23 21:15:57:1557 [35mhttp[39m: [35m::1 - - [23/Oct/2025:18:15:57 +0000] "GET /api/v1/campaigns/trending HTTP/1.1" 304 - "http://localhost:3000/" "Mozilla/5.0 (Macintosh; Intel Mac OS X 10_15_7) AppleWebKit/537.36 (KHTML, like Gecko) Chrome/141.0.0.0 Safari/537.36"[39m
2025-10-23 21:15:57:1557 [35mhttp[39m: [35m::1 - - [23/Oct/2025:18:15:57 +0000] "GET /api/v1/stats HTTP/1.1" 304 - "http://localhost:3000/" "Mozilla/5.0 (Macintosh; Intel Mac OS X 10_15_7) AppleWebKit/537.36 (KHTML, like Gecko) Chrome/141.0.0.0 Safari/537.36"[39m
2025-10-23 21:15:57:1557 [35mhttp[39m: [35m::1 - - [23/Oct/2025:18:15:57 +0000] "GET /api/v1/campaigns/featured HTTP/1.1" 304 - "http://localhost:3000/" "Mozilla/5.0 (Macintosh; Intel Mac OS X 10_15_7) AppleWebKit/537.36 (KHTML, like Gecko) Chrome/141.0.0.0 Safari/537.36"[39m
2025-10-23 21:15:57:1557 [35mhttp[39m: [35m::1 - - [23/Oct/2025:18:15:57 +0000] "GET /api/v1/campaigns/trending HTTP/1.1" 304 - "http://localhost:3000/" "Mozilla/5.0 (Macintosh; Intel Mac OS X 10_15_7) AppleWebKit/537.36 (KHTML, like Gecko) Chrome/141.0.0.0 Safari/537.36"[39m
2025-10-23 21:15:57:1557 [35mhttp[39m: [35m::1 - - [23/Oct/2025:18:15:57 +0000] "GET /api/v1/stats HTTP/1.1" 304 - "http://localhost:3000/" "Mozilla/5.0 (Macintosh; Intel Mac OS X 10_15_7) AppleWebKit/537.36 (KHTML, like Gecko) Chrome/141.0.0.0 Safari/537.36"[39m
2025-10-23 21:16:09:169 [35mhttp[39m: [35m::1 - - [23/Oct/2025:18:16:09 +0000] "GET /api/v1/campaigns/550e8400-e29b-41d4-a716-446655440009 HTTP/1.1" 304 - "http://localhost:3000/" "Mozilla/5.0 (Macintosh; Intel Mac OS X 10_15_7) AppleWebKit/537.36 (KHTML, like Gecko) Chrome/141.0.0.0 Safari/537.36"[39m
2025-10-23 21:16:09:169 [35mhttp[39m: [35m::1 - - [23/Oct/2025:18:16:09 +0000] "GET /api/v1/campaigns/550e8400-e29b-41d4-a716-446655440009 HTTP/1.1" 304 - "http://localhost:3000/" "Mozilla/5.0 (Macintosh; Intel Mac OS X 10_15_7) AppleWebKit/537.36 (KHTML, like Gecko) Chrome/141.0.0.0 Safari/537.36"[39m
2025-10-23 21:16:11:1611 [35mhttp[39m: [35m::1 - - [23/Oct/2025:18:16:11 +0000] "GET /api/v1/campaigns/featured HTTP/1.1" 304 - "http://localhost:3000/" "Mozilla/5.0 (Macintosh; Intel Mac OS X 10_15_7) AppleWebKit/537.36 (KHTML, like Gecko) Chrome/141.0.0.0 Safari/537.36"[39m
2025-10-23 21:16:11:1611 [35mhttp[39m: [35m::1 - - [23/Oct/2025:18:16:11 +0000] "GET /api/v1/campaigns?category=&status=ACTIVE&search=&page=1&limit=12 HTTP/1.1" 304 - "http://localhost:3000/" "Mozilla/5.0 (Macintosh; Intel Mac OS X 10_15_7) AppleWebKit/537.36 (KHTML, like Gecko) Chrome/141.0.0.0 Safari/537.36"[39m
2025-10-23 21:16:11:1611 [35mhttp[39m: [35m::1 - - [23/Oct/2025:18:16:11 +0000] "GET /api/v1/campaigns/featured HTTP/1.1" 304 - "http://localhost:3000/" "Mozilla/5.0 (Macintosh; Intel Mac OS X 10_15_7) AppleWebKit/537.36 (KHTML, like Gecko) Chrome/141.0.0.0 Safari/537.36"[39m
2025-10-23 21:16:11:1611 [35mhttp[39m: [35m::1 - - [23/Oct/2025:18:16:11 +0000] "GET /api/v1/campaigns?category=&status=ACTIVE&search=&page=1&limit=12 HTTP/1.1" 304 - "http://localhost:3000/" "Mozilla/5.0 (Macintosh; Intel Mac OS X 10_15_7) AppleWebKit/537.36 (KHTML, like Gecko) Chrome/141.0.0.0 Safari/537.36"[39m
2025-10-23 21:16:14:1614 [35mhttp[39m: [35m::1 - - [23/Oct/2025:18:16:14 +0000] "POST /api/v1/auth/login HTTP/1.1" 200 387 "http://localhost:3000/" "Mozilla/5.0 (Macintosh; Intel Mac OS X 10_15_7) AppleWebKit/537.36 (KHTML, like Gecko) Chrome/141.0.0.0 Safari/537.36"[39m
2025-10-23 21:16:14:1614 [35mhttp[39m: [35m::1 - - [23/Oct/2025:18:16:14 +0000] "GET /api/v1/campaigns?category=&status=ACTIVE&search=&page=1&limit=12 HTTP/1.1" 304 - "http://localhost:3000/" "Mozilla/5.0 (Macintosh; Intel Mac OS X 10_15_7) AppleWebKit/537.36 (KHTML, like Gecko) Chrome/141.0.0.0 Safari/537.36"[39m
2025-10-23 21:16:14:1614 [35mhttp[39m: [35m::1 - - [23/Oct/2025:18:16:14 +0000] "GET /api/v1/campaigns/featured HTTP/1.1" 304 - "http://localhost:3000/" "Mozilla/5.0 (Macintosh; Intel Mac OS X 10_15_7) AppleWebKit/537.36 (KHTML, like Gecko) Chrome/141.0.0.0 Safari/537.36"[39m
2025-10-23 21:16:14:1614 [35mhttp[39m: [35m::1 - - [23/Oct/2025:18:16:14 +0000] "GET /api/v1/campaigns?category=&status=ACTIVE&search=&page=1&limit=12 HTTP/1.1" 304 - "http://localhost:3000/" "Mozilla/5.0 (Macintosh; Intel Mac OS X 10_15_7) AppleWebKit/537.36 (KHTML, like Gecko) Chrome/141.0.0.0 Safari/537.36"[39m
2025-10-23 21:16:14:1614 [35mhttp[39m: [35m::1 - - [23/Oct/2025:18:16:14 +0000] "GET /api/v1/campaigns/featured HTTP/1.1" 304 - "http://localhost:3000/" "Mozilla/5.0 (Macintosh; Intel Mac OS X 10_15_7) AppleWebKit/537.36 (KHTML, like Gecko) Chrome/141.0.0.0 Safari/537.36"[39m
2025-10-23 21:16:16:1616 [35mhttp[39m: [35m::1 - - [23/Oct/2025:18:16:16 +0000] "GET /api/v1/campaigns/550e8400-e29b-41d4-a716-446655440009 HTTP/1.1" 304 - "http://localhost:3000/" "Mozilla/5.0 (Macintosh; Intel Mac OS X 10_15_7) AppleWebKit/537.36 (KHTML, like Gecko) Chrome/141.0.0.0 Safari/537.36"[39m
2025-10-23 21:16:16:1616 [35mhttp[39m: [35m::1 - - [23/Oct/2025:18:16:16 +0000] "GET /api/v1/campaigns/550e8400-e29b-41d4-a716-446655440009 HTTP/1.1" 304 - "http://localhost:3000/" "Mozilla/5.0 (Macintosh; Intel Mac OS X 10_15_7) AppleWebKit/537.36 (KHTML, like Gecko) Chrome/141.0.0.0 Safari/537.36"[39m
2025-10-23 21:16:27:1627 [35mhttp[39m: [35m::1 - - [23/Oct/2025:18:16:27 +0000] "GET /api/v1/users/profile HTTP/1.1" 304 - "http://localhost:3000/" "Mozilla/5.0 (Macintosh; Intel Mac OS X 10_15_7) AppleWebKit/537.36 (KHTML, like Gecko) Chrome/141.0.0.0 Safari/537.36"[39m
2025-10-23 21:16:27:1627 [35mhttp[39m: [35m::1 - - [23/Oct/2025:18:16:27 +0000] "GET /api/v1/campaigns/550e8400-e29b-41d4-a716-446655440009 HTTP/1.1" 304 - "http://localhost:3000/" "Mozilla/5.0 (Macintosh; Intel Mac OS X 10_15_7) AppleWebKit/537.36 (KHTML, like Gecko) Chrome/141.0.0.0 Safari/537.36"[39m
2025-10-23 21:16:27:1627 [35mhttp[39m: [35m::1 - - [23/Oct/2025:18:16:27 +0000] "GET /api/v1/users/profile HTTP/1.1" 304 - "http://localhost:3000/" "Mozilla/5.0 (Macintosh; Intel Mac OS X 10_15_7) AppleWebKit/537.36 (KHTML, like Gecko) Chrome/141.0.0.0 Safari/537.36"[39m
2025-10-23 21:16:27:1627 [35mhttp[39m: [35m::1 - - [23/Oct/2025:18:16:27 +0000] "GET /api/v1/campaigns/550e8400-e29b-41d4-a716-446655440009 HTTP/1.1" 304 - "http://localhost:3000/" "Mozilla/5.0 (Macintosh; Intel Mac OS X 10_15_7) AppleWebKit/537.36 (KHTML, like Gecko) Chrome/141.0.0.0 Safari/537.36"[39m
2025-10-23 21:16:39:1639 [35mhttp[39m: [35m::1 - - [23/Oct/2025:18:16:39 +0000] "GET /api/v1/campaigns/featured HTTP/1.1" 304 - "http://localhost:3000/" "Mozilla/5.0 (Macintosh; Intel Mac OS X 10_15_7) AppleWebKit/537.36 (KHTML, like Gecko) Chrome/141.0.0.0 Safari/537.36"[39m
2025-10-23 21:16:39:1639 [35mhttp[39m: [35m::1 - - [23/Oct/2025:18:16:39 +0000] "GET /api/v1/campaigns/trending HTTP/1.1" 304 - "http://localhost:3000/" "Mozilla/5.0 (Macintosh; Intel Mac OS X 10_15_7) AppleWebKit/537.36 (KHTML, like Gecko) Chrome/141.0.0.0 Safari/537.36"[39m
2025-10-23 21:16:39:1639 [35mhttp[39m: [35m::1 - - [23/Oct/2025:18:16:39 +0000] "GET /api/v1/campaigns/featured HTTP/1.1" 304 - "http://localhost:3000/" "Mozilla/5.0 (Macintosh; Intel Mac OS X 10_15_7) AppleWebKit/537.36 (KHTML, like Gecko) Chrome/141.0.0.0 Safari/537.36"[39m
2025-10-23 21:16:39:1639 [35mhttp[39m: [35m::1 - - [23/Oct/2025:18:16:39 +0000] "GET /api/v1/campaigns/trending HTTP/1.1" 304 - "http://localhost:3000/" "Mozilla/5.0 (Macintosh; Intel Mac OS X 10_15_7) AppleWebKit/537.36 (KHTML, like Gecko) Chrome/141.0.0.0 Safari/537.36"[39m
2025-10-23 21:16:39:1639 [35mhttp[39m: [35m::1 - - [23/Oct/2025:18:16:39 +0000] "GET /api/v1/stats HTTP/1.1" 304 - "http://localhost:3000/" "Mozilla/5.0 (Macintosh; Intel Mac OS X 10_15_7) AppleWebKit/537.36 (KHTML, like Gecko) Chrome/141.0.0.0 Safari/537.36"[39m
2025-10-23 21:16:39:1639 [35mhttp[39m: [35m::1 - - [23/Oct/2025:18:16:39 +0000] "GET /api/v1/stats HTTP/1.1" 304 - "http://localhost:3000/" "Mozilla/5.0 (Macintosh; Intel Mac OS X 10_15_7) AppleWebKit/537.36 (KHTML, like Gecko) Chrome/141.0.0.0 Safari/537.36"[39m
2025-10-23 21:16:46:1646 [35mhttp[39m: [35m::1 - - [23/Oct/2025:18:16:46 +0000] "GET /api/v1/campaigns/550e8400-e29b-41d4-a716-446655440009 HTTP/1.1" 304 - "http://localhost:3000/" "Mozilla/5.0 (Macintosh; Intel Mac OS X 10_15_7) AppleWebKit/537.36 (KHTML, like Gecko) Chrome/141.0.0.0 Safari/537.36"[39m
2025-10-23 21:16:46:1646 [35mhttp[39m: [35m::1 - - [23/Oct/2025:18:16:46 +0000] "GET /api/v1/campaigns/550e8400-e29b-41d4-a716-446655440009 HTTP/1.1" 304 - "http://localhost:3000/" "Mozilla/5.0 (Macintosh; Intel Mac OS X 10_15_7) AppleWebKit/537.36 (KHTML, like Gecko) Chrome/141.0.0.0 Safari/537.36"[39m
2025-10-23 21:17:25:1725 [35mhttp[39m: [35m::1 - - [23/Oct/2025:18:17:25 +0000] "GET /api/v1/campaigns/550e8400-e29b-41d4-a716-446655440009 HTTP/1.1" 304 - "http://localhost:3000/" "Mozilla/5.0 (Macintosh; Intel Mac OS X 10_15_7) AppleWebKit/537.36 (KHTML, like Gecko) Chrome/141.0.0.0 Safari/537.36"[39m
2025-10-23 21:17:25:1725 [35mhttp[39m: [35m::1 - - [23/Oct/2025:18:17:25 +0000] "GET /api/v1/campaigns/550e8400-e29b-41d4-a716-446655440009 HTTP/1.1" 304 - "http://localhost:3000/" "Mozilla/5.0 (Macintosh; Intel Mac OS X 10_15_7) AppleWebKit/537.36 (KHTML, like Gecko) Chrome/141.0.0.0 Safari/537.36"[39m
2025-10-23 21:17:52:1752 [35mhttp[39m: [35m::1 - - [23/Oct/2025:18:17:52 +0000] "POST /api/v1/auth/login HTTP/1.1" 200 387 "http://localhost:3000/" "Mozilla/5.0 (Macintosh; Intel Mac OS X 10_15_7) AppleWebKit/537.36 (KHTML, like Gecko) Chrome/141.0.0.0 Safari/537.36"[39m
2025-10-23 21:17:52:1752 [35mhttp[39m: [35m::1 - - [23/Oct/2025:18:17:52 +0000] "GET /api/v1/campaigns?category=&status=ACTIVE&search=&page=1&limit=12 HTTP/1.1" 304 - "http://localhost:3000/" "Mozilla/5.0 (Macintosh; Intel Mac OS X 10_15_7) AppleWebKit/537.36 (KHTML, like Gecko) Chrome/141.0.0.0 Safari/537.36"[39m
2025-10-23 21:17:52:1752 [35mhttp[39m: [35m::1 - - [23/Oct/2025:18:17:52 +0000] "GET /api/v1/campaigns/featured HTTP/1.1" 304 - "http://localhost:3000/" "Mozilla/5.0 (Macintosh; Intel Mac OS X 10_15_7) AppleWebKit/537.36 (KHTML, like Gecko) Chrome/141.0.0.0 Safari/537.36"[39m
2025-10-23 21:17:52:1752 [35mhttp[39m: [35m::1 - - [23/Oct/2025:18:17:52 +0000] "GET /api/v1/campaigns?category=&status=ACTIVE&search=&page=1&limit=12 HTTP/1.1" 304 - "http://localhost:3000/" "Mozilla/5.0 (Macintosh; Intel Mac OS X 10_15_7) AppleWebKit/537.36 (KHTML, like Gecko) Chrome/141.0.0.0 Safari/537.36"[39m
2025-10-23 21:17:52:1752 [35mhttp[39m: [35m::1 - - [23/Oct/2025:18:17:52 +0000] "GET /api/v1/campaigns/featured HTTP/1.1" 304 - "http://localhost:3000/" "Mozilla/5.0 (Macintosh; Intel Mac OS X 10_15_7) AppleWebKit/537.36 (KHTML, like Gecko) Chrome/141.0.0.0 Safari/537.36"[39m
2025-10-23 21:17:53:1753 [35mhttp[39m: [35m::1 - - [23/Oct/2025:18:17:53 +0000] "POST /api/v1/campaigns/550e8400-e29b-41d4-a716-446655440004/donations HTTP/1.1" 401 41 "-" "curl/8.7.1"[39m
2025-10-23 21:17:54:1754 [33mwarn[39m: [33mClient Error Invalid id format[39m
2025-10-23 21:17:54:1754 [35mhttp[39m: [35m::1 - - [23/Oct/2025:18:17:54 +0000] "GET /api/v1/campaigns/create HTTP/1.1" 400 2675 "http://localhost:3000/" "Mozilla/5.0 (Macintosh; Intel Mac OS X 10_15_7) AppleWebKit/537.36 (KHTML, like Gecko) Chrome/141.0.0.0 Safari/537.36"[39m
2025-10-23 21:17:54:1754 [33mwarn[39m: [33mClient Error Invalid id format[39m
2025-10-23 21:17:54:1754 [35mhttp[39m: [35m::1 - - [23/Oct/2025:18:17:54 +0000] "GET /api/v1/campaigns/create HTTP/1.1" 400 2675 "http://localhost:3000/" "Mozilla/5.0 (Macintosh; Intel Mac OS X 10_15_7) AppleWebKit/537.36 (KHTML, like Gecko) Chrome/141.0.0.0 Safari/537.36"[39m
2025-10-23 21:18:03:183 [33mwarn[39m: [33mBody validation failed[39m
2025-10-23 21:18:03:183 [33mwarn[39m: [33mClient Error Validation failed: Payment method must be one of: CREDIT_CARD, DEBIT_CARD, PAYPAL, BANK_TRANSFER, CRYPTO[39m
2025-10-23 21:18:03:183 [35mhttp[39m: [35m::1 - - [23/Oct/2025:18:18:03 +0000] "POST /api/v1/campaigns/550e8400-e29b-41d4-a716-446655440004/donations HTTP/1.1" 400 933 "-" "curl/8.7.1"[39m
2025-10-23 21:18:16:1816 [35mhttp[39m: [35m::1 - - [23/Oct/2025:18:18:16 +0000] "POST /api/v1/campaigns/550e8400-e29b-41d4-a716-446655440004/donations HTTP/1.1" 400 62 "-" "curl/8.7.1"[39m
2025-10-23 21:18:26:1826 [35mhttp[39m: [35m::1 - - [23/Oct/2025:18:18:26 +0000] "POST /api/v1/campaigns/550e8400-e29b-41d4-a716-446655440005/donations HTTP/1.1" 201 1260 "-" "curl/8.7.1"[39m
2025-10-23 21:18:51:1851 [35mhttp[39m: [35m::1 - - [23/Oct/2025:18:18:51 +0000] "GET /api/v1/campaigns/featured HTTP/1.1" 304 - "http://localhost:3000/" "Mozilla/5.0 (Macintosh; Intel Mac OS X 10_15_7) AppleWebKit/537.36 (KHTML, like Gecko) Chrome/141.0.0.0 Safari/537.36"[39m
2025-10-23 21:18:51:1851 [35mhttp[39m: [35m::1 - - [23/Oct/2025:18:18:51 +0000] "GET /api/v1/campaigns?category=&status=ACTIVE&search=&page=1&limit=12 HTTP/1.1" 304 - "http://localhost:3000/" "Mozilla/5.0 (Macintosh; Intel Mac OS X 10_15_7) AppleWebKit/537.36 (KHTML, like Gecko) Chrome/141.0.0.0 Safari/537.36"[39m
2025-10-23 21:18:51:1851 [35mhttp[39m: [35m::1 - - [23/Oct/2025:18:18:51 +0000] "GET /api/v1/campaigns/featured HTTP/1.1" 304 - "http://localhost:3000/" "Mozilla/5.0 (Macintosh; Intel Mac OS X 10_15_7) AppleWebKit/537.36 (KHTML, like Gecko) Chrome/141.0.0.0 Safari/537.36"[39m
2025-10-23 21:18:51:1851 [35mhttp[39m: [35m::1 - - [23/Oct/2025:18:18:51 +0000] "GET /api/v1/campaigns?category=&status=ACTIVE&search=&page=1&limit=12 HTTP/1.1" 304 - "http://localhost:3000/" "Mozilla/5.0 (Macintosh; Intel Mac OS X 10_15_7) AppleWebKit/537.36 (KHTML, like Gecko) Chrome/141.0.0.0 Safari/537.36"[39m
2025-10-23 21:18:53:1853 [35mhttp[39m: [35m::1 - - [23/Oct/2025:18:18:53 +0000] "GET /api/v1/campaigns/550e8400-e29b-41d4-a716-446655440009 HTTP/1.1" 304 - "http://localhost:3000/" "Mozilla/5.0 (Macintosh; Intel Mac OS X 10_15_7) AppleWebKit/537.36 (KHTML, like Gecko) Chrome/141.0.0.0 Safari/537.36"[39m
2025-10-23 21:18:53:1853 [35mhttp[39m: [35m::1 - - [23/Oct/2025:18:18:53 +0000] "GET /api/v1/campaigns/550e8400-e29b-41d4-a716-446655440009 HTTP/1.1" 304 - "http://localhost:3000/" "Mozilla/5.0 (Macintosh; Intel Mac OS X 10_15_7) AppleWebKit/537.36 (KHTML, like Gecko) Chrome/141.0.0.0 Safari/537.36"[39m
2025-10-23 21:19:06:196 [33mwarn[39m: [33mBody validation failed[39m
2025-10-23 21:19:06:196 [33mwarn[39m: [33mClient Error Validation failed: Amount cannot exceed $10,000[39m
2025-10-23 21:19:06:196 [35mhttp[39m: [35m::1 - - [23/Oct/2025:18:19:06 +0000] "POST /api/v1/campaigns/550e8400-e29b-41d4-a716-446655440009/donations HTTP/1.1" 400 812 "http://localhost:3000/" "Mozilla/5.0 (Macintosh; Intel Mac OS X 10_15_7) AppleWebKit/537.36 (KHTML, like Gecko) Chrome/141.0.0.0 Safari/537.36"[39m
2025-10-23 21:19:12:1912 [35mhttp[39m: [35m::1 - - [23/Oct/2025:18:19:12 +0000] "POST /api/v1/campaigns/550e8400-e29b-41d4-a716-446655440009/donations HTTP/1.1" 201 1204 "http://localhost:3000/" "Mozilla/5.0 (Macintosh; Intel Mac OS X 10_15_7) AppleWebKit/537.36 (KHTML, like Gecko) Chrome/141.0.0.0 Safari/537.36"[39m
2025-10-23 21:19:13:1913 [35mhttp[39m: [35m::1 - - [23/Oct/2025:18:19:13 +0000] "GET /api/v1/users/profile HTTP/1.1" 304 - "http://localhost:3000/" "Mozilla/5.0 (Macintosh; Intel Mac OS X 10_15_7) AppleWebKit/537.36 (KHTML, like Gecko) Chrome/141.0.0.0 Safari/537.36"[39m
2025-10-23 21:19:13:1913 [35mhttp[39m: [35m::1 - - [23/Oct/2025:18:19:13 +0000] "GET /api/v1/campaigns/550e8400-e29b-41d4-a716-446655440009 HTTP/1.1" 200 1239 "http://localhost:3000/" "Mozilla/5.0 (Macintosh; Intel Mac OS X 10_15_7) AppleWebKit/537.36 (KHTML, like Gecko) Chrome/141.0.0.0 Safari/537.36"[39m
2025-10-23 21:19:13:1913 [35mhttp[39m: [35m::1 - - [23/Oct/2025:18:19:13 +0000] "GET /api/v1/users/profile HTTP/1.1" 304 - "http://localhost:3000/" "Mozilla/5.0 (Macintosh; Intel Mac OS X 10_15_7) AppleWebKit/537.36 (KHTML, like Gecko) Chrome/141.0.0.0 Safari/537.36"[39m
2025-10-23 21:19:13:1913 [35mhttp[39m: [35m::1 - - [23/Oct/2025:18:19:13 +0000] "GET /api/v1/campaigns/550e8400-e29b-41d4-a716-446655440009 HTTP/1.1" 304 - "http://localhost:3000/" "Mozilla/5.0 (Macintosh; Intel Mac OS X 10_15_7) AppleWebKit/537.36 (KHTML, like Gecko) Chrome/141.0.0.0 Safari/537.36"[39m
2025-10-23 21:19:27:1927 [35mhttp[39m: [35m::1 - - [23/Oct/2025:18:19:27 +0000] "POST /api/v1/auth/login HTTP/1.1" 200 387 "http://localhost:3000/" "Mozilla/5.0 (Macintosh; Intel Mac OS X 10_15_7) AppleWebKit/537.36 (KHTML, like Gecko) Chrome/141.0.0.0 Safari/537.36"[39m
2025-10-23 21:19:27:1927 [35mhttp[39m: [35m::1 - - [23/Oct/2025:18:19:27 +0000] "GET /api/v1/campaigns?category=&status=ACTIVE&search=&page=1&limit=12 HTTP/1.1" 304 - "http://localhost:3000/" "Mozilla/5.0 (Macintosh; Intel Mac OS X 10_15_7) AppleWebKit/537.36 (KHTML, like Gecko) Chrome/141.0.0.0 Safari/537.36"[39m
2025-10-23 21:19:27:1927 [35mhttp[39m: [35m::1 - - [23/Oct/2025:18:19:27 +0000] "GET /api/v1/campaigns/featured HTTP/1.1" 304 - "http://localhost:3000/" "Mozilla/5.0 (Macintosh; Intel Mac OS X 10_15_7) AppleWebKit/537.36 (KHTML, like Gecko) Chrome/141.0.0.0 Safari/537.36"[39m
2025-10-23 21:19:27:1927 [35mhttp[39m: [35m::1 - - [23/Oct/2025:18:19:27 +0000] "GET /api/v1/campaigns?category=&status=ACTIVE&search=&page=1&limit=12 HTTP/1.1" 304 - "http://localhost:3000/" "Mozilla/5.0 (Macintosh; Intel Mac OS X 10_15_7) AppleWebKit/537.36 (KHTML, like Gecko) Chrome/141.0.0.0 Safari/537.36"[39m
2025-10-23 21:19:27:1927 [35mhttp[39m: [35m::1 - - [23/Oct/2025:18:19:27 +0000] "GET /api/v1/campaigns/featured HTTP/1.1" 304 - "http://localhost:3000/" "Mozilla/5.0 (Macintosh; Intel Mac OS X 10_15_7) AppleWebKit/537.36 (KHTML, like Gecko) Chrome/141.0.0.0 Safari/537.36"[39m
2025-10-23 21:19:30:1930 [35mhttp[39m: [35m::1 - - [23/Oct/2025:18:19:30 +0000] "GET /api/v1/campaigns/550e8400-e29b-41d4-a716-446655440009 HTTP/1.1" 304 - "http://localhost:3000/" "Mozilla/5.0 (Macintosh; Intel Mac OS X 10_15_7) AppleWebKit/537.36 (KHTML, like Gecko) Chrome/141.0.0.0 Safari/537.36"[39m
2025-10-23 21:19:30:1930 [35mhttp[39m: [35m::1 - - [23/Oct/2025:18:19:30 +0000] "GET /api/v1/campaigns/550e8400-e29b-41d4-a716-446655440009 HTTP/1.1" 304 - "http://localhost:3000/" "Mozilla/5.0 (Macintosh; Intel Mac OS X 10_15_7) AppleWebKit/537.36 (KHTML, like Gecko) Chrome/141.0.0.0 Safari/537.36"[39m
2025-10-23 21:19:38:1938 [35mhttp[39m: [35m::1 - - [23/Oct/2025:18:19:38 +0000] "POST /api/v1/campaigns/550e8400-e29b-41d4-a716-446655440009/donations HTTP/1.1" 201 1204 "http://localhost:3000/" "Mozilla/5.0 (Macintosh; Intel Mac OS X 10_15_7) AppleWebKit/537.36 (KHTML, like Gecko) Chrome/141.0.0.0 Safari/537.36"[39m
2025-10-23 21:19:40:1940 [35mhttp[39m: [35m::1 - - [23/Oct/2025:18:19:40 +0000] "GET /api/v1/users/profile HTTP/1.1" 304 - "http://localhost:3000/" "Mozilla/5.0 (Macintosh; Intel Mac OS X 10_15_7) AppleWebKit/537.36 (KHTML, like Gecko) Chrome/141.0.0.0 Safari/537.36"[39m
2025-10-23 21:19:40:1940 [35mhttp[39m: [35m::1 - - [23/Oct/2025:18:19:40 +0000] "GET /api/v1/campaigns/550e8400-e29b-41d4-a716-446655440009 HTTP/1.1" 200 1612 "http://localhost:3000/" "Mozilla/5.0 (Macintosh; Intel Mac OS X 10_15_7) AppleWebKit/537.36 (KHTML, like Gecko) Chrome/141.0.0.0 Safari/537.36"[39m
2025-10-23 21:19:40:1940 [35mhttp[39m: [35m::1 - - [23/Oct/2025:18:19:40 +0000] "GET /api/v1/users/profile HTTP/1.1" 304 - "http://localhost:3000/" "Mozilla/5.0 (Macintosh; Intel Mac OS X 10_15_7) AppleWebKit/537.36 (KHTML, like Gecko) Chrome/141.0.0.0 Safari/537.36"[39m
2025-10-23 21:19:40:1940 [35mhttp[39m: [35m::1 - - [23/Oct/2025:18:19:40 +0000] "GET /api/v1/campaigns/550e8400-e29b-41d4-a716-446655440009 HTTP/1.1" 304 - "http://localhost:3000/" "Mozilla/5.0 (Macintosh; Intel Mac OS X 10_15_7) AppleWebKit/537.36 (KHTML, like Gecko) Chrome/141.0.0.0 Safari/537.36"[39m
2025-10-23 21:20:01:201 [35mhttp[39m: [35m::1 - - [23/Oct/2025:18:20:01 +0000] "POST /api/v1/auth/login HTTP/1.1" 200 387 "http://localhost:3000/" "Mozilla/5.0 (Macintosh; Intel Mac OS X 10_15_7) AppleWebKit/537.36 (KHTML, like Gecko) Chrome/141.0.0.0 Safari/537.36"[39m
2025-10-23 21:20:01:201 [35mhttp[39m: [35m::1 - - [23/Oct/2025:18:20:01 +0000] "GET /api/v1/campaigns/featured HTTP/1.1" 304 - "http://localhost:3000/" "Mozilla/5.0 (Macintosh; Intel Mac OS X 10_15_7) AppleWebKit/537.36 (KHTML, like Gecko) Chrome/141.0.0.0 Safari/537.36"[39m
2025-10-23 21:20:01:201 [35mhttp[39m: [35m::1 - - [23/Oct/2025:18:20:01 +0000] "GET /api/v1/campaigns?category=&status=ACTIVE&search=&page=1&limit=12 HTTP/1.1" 304 - "http://localhost:3000/" "Mozilla/5.0 (Macintosh; Intel Mac OS X 10_15_7) AppleWebKit/537.36 (KHTML, like Gecko) Chrome/141.0.0.0 Safari/537.36"[39m
2025-10-23 21:20:01:201 [35mhttp[39m: [35m::1 - - [23/Oct/2025:18:20:01 +0000] "GET /api/v1/campaigns/featured HTTP/1.1" 304 - "http://localhost:3000/" "Mozilla/5.0 (Macintosh; Intel Mac OS X 10_15_7) AppleWebKit/537.36 (KHTML, like Gecko) Chrome/141.0.0.0 Safari/537.36"[39m
2025-10-23 21:20:01:201 [35mhttp[39m: [35m::1 - - [23/Oct/2025:18:20:01 +0000] "GET /api/v1/campaigns?category=&status=ACTIVE&search=&page=1&limit=12 HTTP/1.1" 304 - "http://localhost:3000/" "Mozilla/5.0 (Macintosh; Intel Mac OS X 10_15_7) AppleWebKit/537.36 (KHTML, like Gecko) Chrome/141.0.0.0 Safari/537.36"[39m
2025-10-23 21:20:08:208 [35mhttp[39m: [35m::1 - - [23/Oct/2025:18:20:08 +0000] "POST /api/v1/auth/login HTTP/1.1" 200 387 "-" "curl/8.7.1"[39m
2025-10-23 21:20:10:2010 [35mhttp[39m: [35m::1 - - [23/Oct/2025:18:20:10 +0000] "GET /api/v1/campaigns/featured HTTP/1.1" 304 - "http://localhost:3000/" "Mozilla/5.0 (Macintosh; Intel Mac OS X 10_15_7) AppleWebKit/537.36 (KHTML, like Gecko) Chrome/141.0.0.0 Safari/537.36"[39m
2025-10-23 21:20:10:2010 [35mhttp[39m: [35m::1 - - [23/Oct/2025:18:20:10 +0000] "GET /api/v1/campaigns/trending HTTP/1.1" 304 - "http://localhost:3000/" "Mozilla/5.0 (Macintosh; Intel Mac OS X 10_15_7) AppleWebKit/537.36 (KHTML, like Gecko) Chrome/141.0.0.0 Safari/537.36"[39m
2025-10-23 21:20:10:2010 [35mhttp[39m: [35m::1 - - [23/Oct/2025:18:20:10 +0000] "GET /api/v1/campaigns/featured HTTP/1.1" 304 - "http://localhost:3000/" "Mozilla/5.0 (Macintosh; Intel Mac OS X 10_15_7) AppleWebKit/537.36 (KHTML, like Gecko) Chrome/141.0.0.0 Safari/537.36"[39m
2025-10-23 21:20:10:2010 [35mhttp[39m: [35m::1 - - [23/Oct/2025:18:20:10 +0000] "GET /api/v1/campaigns/trending HTTP/1.1" 304 - "http://localhost:3000/" "Mozilla/5.0 (Macintosh; Intel Mac OS X 10_15_7) AppleWebKit/537.36 (KHTML, like Gecko) Chrome/141.0.0.0 Safari/537.36"[39m
2025-10-23 21:20:10:2010 [35mhttp[39m: [35m::1 - - [23/Oct/2025:18:20:10 +0000] "GET /api/v1/stats HTTP/1.1" 200 120 "http://localhost:3000/" "Mozilla/5.0 (Macintosh; Intel Mac OS X 10_15_7) AppleWebKit/537.36 (KHTML, like Gecko) Chrome/141.0.0.0 Safari/537.36"[39m
2025-10-23 21:20:10:2010 [35mhttp[39m: [35m::1 - - [23/Oct/2025:18:20:10 +0000] "GET /api/v1/stats HTTP/1.1" 304 - "http://localhost:3000/" "Mozilla/5.0 (Macintosh; Intel Mac OS X 10_15_7) AppleWebKit/537.36 (KHTML, like Gecko) Chrome/141.0.0.0 Safari/537.36"[39m
2025-10-23 21:20:13:2013 [35mhttp[39m: [35m::1 - - [23/Oct/2025:18:20:13 +0000] "POST /api/v1/campaigns/550e8400-e29b-41d4-a716-446655440005/donations HTTP/1.1" 201 1226 "-" "curl/8.7.1"[39m
2025-10-23 21:20:17:2017 [35mhttp[39m: [35m::1 - - [23/Oct/2025:18:20:17 +0000] "GET /api/v1/campaigns/featured HTTP/1.1" 304 - "http://localhost:3000/" "Mozilla/5.0 (Macintosh; Intel Mac OS X 10_15_7) AppleWebKit/537.36 (KHTML, like Gecko) Chrome/141.0.0.0 Safari/537.36"[39m
2025-10-23 21:20:17:2017 [35mhttp[39m: [35m::1 - - [23/Oct/2025:18:20:17 +0000] "GET /api/v1/campaigns?category=&status=ACTIVE&search=&page=1&limit=12 HTTP/1.1" 304 - "http://localhost:3000/" "Mozilla/5.0 (Macintosh; Intel Mac OS X 10_15_7) AppleWebKit/537.36 (KHTML, like Gecko) Chrome/141.0.0.0 Safari/537.36"[39m
2025-10-23 21:20:17:2017 [35mhttp[39m: [35m::1 - - [23/Oct/2025:18:20:17 +0000] "GET /api/v1/campaigns/featured HTTP/1.1" 304 - "http://localhost:3000/" "Mozilla/5.0 (Macintosh; Intel Mac OS X 10_15_7) AppleWebKit/537.36 (KHTML, like Gecko) Chrome/141.0.0.0 Safari/537.36"[39m
2025-10-23 21:20:17:2017 [35mhttp[39m: [35m::1 - - [23/Oct/2025:18:20:17 +0000] "GET /api/v1/campaigns?category=&status=ACTIVE&search=&page=1&limit=12 HTTP/1.1" 304 - "http://localhost:3000/" "Mozilla/5.0 (Macintosh; Intel Mac OS X 10_15_7) AppleWebKit/537.36 (KHTML, like Gecko) Chrome/141.0.0.0 Safari/537.36"[39m
2025-10-23 21:20:20:2020 [35mhttp[39m: [35m::1 - - [23/Oct/2025:18:20:20 +0000] "GET /api/v1/campaigns/550e8400-e29b-41d4-a716-446655440010 HTTP/1.1" 200 872 "http://localhost:3000/" "Mozilla/5.0 (Macintosh; Intel Mac OS X 10_15_7) AppleWebKit/537.36 (KHTML, like Gecko) Chrome/141.0.0.0 Safari/537.36"[39m
2025-10-23 21:20:20:2020 [35mhttp[39m: [35m::1 - - [23/Oct/2025:18:20:20 +0000] "GET /api/v1/campaigns/550e8400-e29b-41d4-a716-446655440010 HTTP/1.1" 304 - "http://localhost:3000/" "Mozilla/5.0 (Macintosh; Intel Mac OS X 10_15_7) AppleWebKit/537.36 (KHTML, like Gecko) Chrome/141.0.0.0 Safari/537.36"[39m
2025-10-23 21:20:25:2025 [35mhttp[39m: [35m::1 - - [23/Oct/2025:18:20:25 +0000] "GET /api/v1/campaigns/featured HTTP/1.1" 304 - "http://localhost:3000/" "Mozilla/5.0 (Macintosh; Intel Mac OS X 10_15_7) AppleWebKit/537.36 (KHTML, like Gecko) Chrome/141.0.0.0 Safari/537.36"[39m
2025-10-23 21:20:25:2025 [35mhttp[39m: [35m::1 - - [23/Oct/2025:18:20:25 +0000] "GET /api/v1/campaigns/trending HTTP/1.1" 304 - "http://localhost:3000/" "Mozilla/5.0 (Macintosh; Intel Mac OS X 10_15_7) AppleWebKit/537.36 (KHTML, like Gecko) Chrome/141.0.0.0 Safari/537.36"[39m
2025-10-23 21:20:25:2025 [35mhttp[39m: [35m::1 - - [23/Oct/2025:18:20:25 +0000] "GET /api/v1/campaigns/featured HTTP/1.1" 304 - "http://localhost:3000/" "Mozilla/5.0 (Macintosh; Intel Mac OS X 10_15_7) AppleWebKit/537.36 (KHTML, like Gecko) Chrome/141.0.0.0 Safari/537.36"[39m
2025-10-23 21:20:25:2025 [35mhttp[39m: [35m::1 - - [23/Oct/2025:18:20:25 +0000] "GET /api/v1/campaigns/trending HTTP/1.1" 304 - "http://localhost:3000/" "Mozilla/5.0 (Macintosh; Intel Mac OS X 10_15_7) AppleWebKit/537.36 (KHTML, like Gecko) Chrome/141.0.0.0 Safari/537.36"[39m
2025-10-23 21:20:25:2025 [35mhttp[39m: [35m::1 - - [23/Oct/2025:18:20:25 +0000] "GET /api/v1/stats HTTP/1.1" 200 120 "http://localhost:3000/" "Mozilla/5.0 (Macintosh; Intel Mac OS X 10_15_7) AppleWebKit/537.36 (KHTML, like Gecko) Chrome/141.0.0.0 Safari/537.36"[39m
2025-10-23 21:20:25:2025 [35mhttp[39m: [35m::1 - - [23/Oct/2025:18:20:25 +0000] "GET /api/v1/stats HTTP/1.1" 304 - "http://localhost:3000/" "Mozilla/5.0 (Macintosh; Intel Mac OS X 10_15_7) AppleWebKit/537.36 (KHTML, like Gecko) Chrome/141.0.0.0 Safari/537.36"[39m
2025-10-23 21:22:48:2248 [35mhttp[39m: [35m::1 - - [23/Oct/2025:18:22:48 +0000] "GET /api/v1/campaigns/featured HTTP/1.1" 304 - "http://localhost:3000/" "Mozilla/5.0 (Macintosh; Intel Mac OS X 10_15_7) AppleWebKit/537.36 (KHTML, like Gecko) Chrome/141.0.0.0 Safari/537.36"[39m
2025-10-23 21:22:48:2248 [35mhttp[39m: [35m::1 - - [23/Oct/2025:18:22:48 +0000] "GET /api/v1/campaigns/trending HTTP/1.1" 304 - "http://localhost:3000/" "Mozilla/5.0 (Macintosh; Intel Mac OS X 10_15_7) AppleWebKit/537.36 (KHTML, like Gecko) Chrome/141.0.0.0 Safari/537.36"[39m
2025-10-23 21:22:48:2248 [35mhttp[39m: [35m::1 - - [23/Oct/2025:18:22:48 +0000] "GET /api/v1/campaigns/featured HTTP/1.1" 304 - "http://localhost:3000/" "Mozilla/5.0 (Macintosh; Intel Mac OS X 10_15_7) AppleWebKit/537.36 (KHTML, like Gecko) Chrome/141.0.0.0 Safari/537.36"[39m
2025-10-23 21:22:48:2248 [35mhttp[39m: [35m::1 - - [23/Oct/2025:18:22:48 +0000] "GET /api/v1/campaigns/trending HTTP/1.1" 304 - "http://localhost:3000/" "Mozilla/5.0 (Macintosh; Intel Mac OS X 10_15_7) AppleWebKit/537.36 (KHTML, like Gecko) Chrome/141.0.0.0 Safari/537.36"[39m
2025-10-23 21:22:48:2248 [35mhttp[39m: [35m::1 - - [23/Oct/2025:18:22:48 +0000] "GET /api/v1/stats HTTP/1.1" 304 - "http://localhost:3000/" "Mozilla/5.0 (Macintosh; Intel Mac OS X 10_15_7) AppleWebKit/537.36 (KHTML, like Gecko) Chrome/141.0.0.0 Safari/537.36"[39m
2025-10-23 21:22:48:2248 [35mhttp[39m: [35m::1 - - [23/Oct/2025:18:22:48 +0000] "GET /api/v1/users/profile HTTP/1.1" 304 - "http://localhost:3000/" "Mozilla/5.0 (Macintosh; Intel Mac OS X 10_15_7) AppleWebKit/537.36 (KHTML, like Gecko) Chrome/141.0.0.0 Safari/537.36"[39m
2025-10-23 21:22:48:2248 [35mhttp[39m: [35m::1 - - [23/Oct/2025:18:22:48 +0000] "GET /api/v1/stats HTTP/1.1" 304 - "http://localhost:3000/" "Mozilla/5.0 (Macintosh; Intel Mac OS X 10_15_7) AppleWebKit/537.36 (KHTML, like Gecko) Chrome/141.0.0.0 Safari/537.36"[39m
2025-10-23 21:22:48:2248 [35mhttp[39m: [35m::1 - - [23/Oct/2025:18:22:48 +0000] "GET /api/v1/users/profile HTTP/1.1" 304 - "http://localhost:3000/" "Mozilla/5.0 (Macintosh; Intel Mac OS X 10_15_7) AppleWebKit/537.36 (KHTML, like Gecko) Chrome/141.0.0.0 Safari/537.36"[39m
2025-10-23 21:22:50:2250 [35mhttp[39m: [35m::1 - - [23/Oct/2025:18:22:50 +0000] "POST /api/v1/auth/login HTTP/1.1" 200 387 "http://localhost:3000/" "Mozilla/5.0 (Macintosh; Intel Mac OS X 10_15_7) AppleWebKit/537.36 (KHTML, like Gecko) Chrome/141.0.0.0 Safari/537.36"[39m
2025-10-23 21:22:51:2251 [35mhttp[39m: [35m::1 - - [23/Oct/2025:18:22:51 +0000] "GET /api/v1/campaigns/featured HTTP/1.1" 304 - "http://localhost:3000/" "Mozilla/5.0 (Macintosh; Intel Mac OS X 10_15_7) AppleWebKit/537.36 (KHTML, like Gecko) Chrome/141.0.0.0 Safari/537.36"[39m
2025-10-23 21:22:51:2251 [35mhttp[39m: [35m::1 - - [23/Oct/2025:18:22:51 +0000] "GET /api/v1/campaigns?category=&status=ACTIVE&search=&page=1&limit=12 HTTP/1.1" 304 - "http://localhost:3000/" "Mozilla/5.0 (Macintosh; Intel Mac OS X 10_15_7) AppleWebKit/537.36 (KHTML, like Gecko) Chrome/141.0.0.0 Safari/537.36"[39m
2025-10-23 21:22:51:2251 [35mhttp[39m: [35m::1 - - [23/Oct/2025:18:22:51 +0000] "GET /api/v1/campaigns/featured HTTP/1.1" 304 - "http://localhost:3000/" "Mozilla/5.0 (Macintosh; Intel Mac OS X 10_15_7) AppleWebKit/537.36 (KHTML, like Gecko) Chrome/141.0.0.0 Safari/537.36"[39m
2025-10-23 21:22:51:2251 [35mhttp[39m: [35m::1 - - [23/Oct/2025:18:22:51 +0000] "GET /api/v1/campaigns?category=&status=ACTIVE&search=&page=1&limit=12 HTTP/1.1" 304 - "http://localhost:3000/" "Mozilla/5.0 (Macintosh; Intel Mac OS X 10_15_7) AppleWebKit/537.36 (KHTML, like Gecko) Chrome/141.0.0.0 Safari/537.36"[39m
2025-10-23 21:22:52:2252 [35mhttp[39m: [35m::1 - - [23/Oct/2025:18:22:52 +0000] "GET /api/v1/campaigns/550e8400-e29b-41d4-a716-446655440009 HTTP/1.1" 304 - "http://localhost:3000/" "Mozilla/5.0 (Macintosh; Intel Mac OS X 10_15_7) AppleWebKit/537.36 (KHTML, like Gecko) Chrome/141.0.0.0 Safari/537.36"[39m
2025-10-23 21:22:52:2252 [35mhttp[39m: [35m::1 - - [23/Oct/2025:18:22:52 +0000] "GET /api/v1/campaigns/550e8400-e29b-41d4-a716-446655440009 HTTP/1.1" 304 - "http://localhost:3000/" "Mozilla/5.0 (Macintosh; Intel Mac OS X 10_15_7) AppleWebKit/537.36 (KHTML, like Gecko) Chrome/141.0.0.0 Safari/537.36"[39m
2025-10-23 21:22:58:2258 [35mhttp[39m: [35m::1 - - [23/Oct/2025:18:22:58 +0000] "POST /api/v1/campaigns/550e8400-e29b-41d4-a716-446655440009/donations HTTP/1.1" 201 1205 "http://localhost:3000/" "Mozilla/5.0 (Macintosh; Intel Mac OS X 10_15_7) AppleWebKit/537.36 (KHTML, like Gecko) Chrome/141.0.0.0 Safari/537.36"[39m
2025-10-23 21:23:04:234 [35mhttp[39m: [35m::1 - - [23/Oct/2025:18:23:04 +0000] "GET /api/v1/users/profile HTTP/1.1" 304 - "http://localhost:3000/" "Mozilla/5.0 (Macintosh; Intel Mac OS X 10_15_7) AppleWebKit/537.36 (KHTML, like Gecko) Chrome/141.0.0.0 Safari/537.36"[39m
2025-10-23 21:23:04:234 [35mhttp[39m: [35m::1 - - [23/Oct/2025:18:23:04 +0000] "GET /api/v1/campaigns/550e8400-e29b-41d4-a716-446655440009 HTTP/1.1" 200 1986 "http://localhost:3000/" "Mozilla/5.0 (Macintosh; Intel Mac OS X 10_15_7) AppleWebKit/537.36 (KHTML, like Gecko) Chrome/141.0.0.0 Safari/537.36"[39m
2025-10-23 21:23:04:234 [35mhttp[39m: [35m::1 - - [23/Oct/2025:18:23:04 +0000] "GET /api/v1/users/profile HTTP/1.1" 304 - "http://localhost:3000/" "Mozilla/5.0 (Macintosh; Intel Mac OS X 10_15_7) AppleWebKit/537.36 (KHTML, like Gecko) Chrome/141.0.0.0 Safari/537.36"[39m
2025-10-23 21:23:04:234 [35mhttp[39m: [35m::1 - - [23/Oct/2025:18:23:04 +0000] "GET /api/v1/campaigns/550e8400-e29b-41d4-a716-446655440009 HTTP/1.1" 304 - "http://localhost:3000/" "Mozilla/5.0 (Macintosh; Intel Mac OS X 10_15_7) AppleWebKit/537.36 (KHTML, like Gecko) Chrome/141.0.0.0 Safari/537.36"[39m
2025-10-23 21:23:16:2316 [35mhttp[39m: [35m::1 - - [23/Oct/2025:18:23:16 +0000] "POST /api/v1/auth/login HTTP/1.1" 200 387 "http://localhost:3000/" "Mozilla/5.0 (Macintosh; Intel Mac OS X 10_15_7) AppleWebKit/537.36 (KHTML, like Gecko) Chrome/141.0.0.0 Safari/537.36"[39m
2025-10-23 21:23:16:2316 [35mhttp[39m: [35m::1 - - [23/Oct/2025:18:23:16 +0000] "GET /api/v1/campaigns/featured HTTP/1.1" 304 - "http://localhost:3000/" "Mozilla/5.0 (Macintosh; Intel Mac OS X 10_15_7) AppleWebKit/537.36 (KHTML, like Gecko) Chrome/141.0.0.0 Safari/537.36"[39m
2025-10-23 21:23:16:2316 [35mhttp[39m: [35m::1 - - [23/Oct/2025:18:23:16 +0000] "GET /api/v1/campaigns?category=&status=ACTIVE&search=&page=1&limit=12 HTTP/1.1" 304 - "http://localhost:3000/" "Mozilla/5.0 (Macintosh; Intel Mac OS X 10_15_7) AppleWebKit/537.36 (KHTML, like Gecko) Chrome/141.0.0.0 Safari/537.36"[39m
2025-10-23 21:23:16:2316 [35mhttp[39m: [35m::1 - - [23/Oct/2025:18:23:16 +0000] "GET /api/v1/campaigns/featured HTTP/1.1" 304 - "http://localhost:3000/" "Mozilla/5.0 (Macintosh; Intel Mac OS X 10_15_7) AppleWebKit/537.36 (KHTML, like Gecko) Chrome/141.0.0.0 Safari/537.36"[39m
2025-10-23 21:23:16:2316 [35mhttp[39m: [35m::1 - - [23/Oct/2025:18:23:16 +0000] "GET /api/v1/campaigns?category=&status=ACTIVE&search=&page=1&limit=12 HTTP/1.1" 304 - "http://localhost:3000/" "Mozilla/5.0 (Macintosh; Intel Mac OS X 10_15_7) AppleWebKit/537.36 (KHTML, like Gecko) Chrome/141.0.0.0 Safari/537.36"[39m
2025-10-23 21:23:17:2317 [35mhttp[39m: [35m::1 - - [23/Oct/2025:18:23:17 +0000] "GET /api/v1/campaigns/550e8400-e29b-41d4-a716-446655440009 HTTP/1.1" 304 - "http://localhost:3000/" "Mozilla/5.0 (Macintosh; Intel Mac OS X 10_15_7) AppleWebKit/537.36 (KHTML, like Gecko) Chrome/141.0.0.0 Safari/537.36"[39m
2025-10-23 21:23:17:2317 [35mhttp[39m: [35m::1 - - [23/Oct/2025:18:23:17 +0000] "GET /api/v1/campaigns/550e8400-e29b-41d4-a716-446655440009 HTTP/1.1" 304 - "http://localhost:3000/" "Mozilla/5.0 (Macintosh; Intel Mac OS X 10_15_7) AppleWebKit/537.36 (KHTML, like Gecko) Chrome/141.0.0.0 Safari/537.36"[39m
2025-10-23 21:23:22:2322 [35mhttp[39m: [35m::1 - - [23/Oct/2025:18:23:22 +0000] "POST /api/v1/campaigns/550e8400-e29b-41d4-a716-446655440009/donations HTTP/1.1" 201 1204 "http://localhost:3000/" "Mozilla/5.0 (Macintosh; Intel Mac OS X 10_15_7) AppleWebKit/537.36 (KHTML, like Gecko) Chrome/141.0.0.0 Safari/537.36"[39m
2025-10-23 21:23:44:2344 [35mhttp[39m: [35m::1 - - [23/Oct/2025:18:23:44 +0000] "POST /api/v1/campaigns/550e8400-e29b-41d4-a716-446655440009/donations HTTP/1.1" 201 1201 "http://localhost:3000/" "Mozilla/5.0 (Macintosh; Intel Mac OS X 10_15_7) AppleWebKit/537.36 (KHTML, like Gecko) Chrome/141.0.0.0 Safari/537.36"[39m
2025-10-23 21:24:35:2435 [35mhttp[39m: [35m::1 - - [23/Oct/2025:18:24:35 +0000] "GET /api/v1/campaigns/550e8400-e29b-41d4-a716-446655440009 HTTP/1.1" 200 2730 "http://localhost:3000/" "Mozilla/5.0 (Macintosh; Intel Mac OS X 10_15_7) AppleWebKit/537.36 (KHTML, like Gecko) Chrome/141.0.0.0 Safari/537.36"[39m
2025-10-23 21:24:35:2435 [35mhttp[39m: [35m::1 - - [23/Oct/2025:18:24:35 +0000] "GET /api/v1/campaigns/550e8400-e29b-41d4-a716-446655440009 HTTP/1.1" 304 - "http://localhost:3000/" "Mozilla/5.0 (Macintosh; Intel Mac OS X 10_15_7) AppleWebKit/537.36 (KHTML, like Gecko) Chrome/141.0.0.0 Safari/537.36"[39m
2025-10-23 21:24:50:2450 [35mhttp[39m: [35m::1 - - [23/Oct/2025:18:24:50 +0000] "GET /api/v1/users/profile HTTP/1.1" 304 - "http://localhost:3000/" "Mozilla/5.0 (Macintosh; Intel Mac OS X 10_15_7) AppleWebKit/537.36 (KHTML, like Gecko) Chrome/141.0.0.0 Safari/537.36"[39m
2025-10-23 21:24:50:2450 [35mhttp[39m: [35m::1 - - [23/Oct/2025:18:24:50 +0000] "GET /api/v1/campaigns/550e8400-e29b-41d4-a716-446655440009 HTTP/1.1" 304 - "http://localhost:3000/" "Mozilla/5.0 (Macintosh; Intel Mac OS X 10_15_7) AppleWebKit/537.36 (KHTML, like Gecko) Chrome/141.0.0.0 Safari/537.36"[39m
2025-10-23 21:24:50:2450 [35mhttp[39m: [35m::1 - - [23/Oct/2025:18:24:50 +0000] "GET /api/v1/users/profile HTTP/1.1" 304 - "http://localhost:3000/" "Mozilla/5.0 (Macintosh; Intel Mac OS X 10_15_7) AppleWebKit/537.36 (KHTML, like Gecko) Chrome/141.0.0.0 Safari/537.36"[39m
2025-10-23 21:24:50:2450 [35mhttp[39m: [35m::1 - - [23/Oct/2025:18:24:50 +0000] "GET /api/v1/campaigns/550e8400-e29b-41d4-a716-446655440009 HTTP/1.1" 304 - "http://localhost:3000/" "Mozilla/5.0 (Macintosh; Intel Mac OS X 10_15_7) AppleWebKit/537.36 (KHTML, like Gecko) Chrome/141.0.0.0 Safari/537.36"[39m
2025-10-23 21:25:03:253 [35mhttp[39m: [35m::1 - - [23/Oct/2025:18:25:03 +0000] "GET /api/v1/campaigns/550e8400-e29b-41d4-a716-446655440009 HTTP/1.1" 304 - "http://localhost:3000/" "Mozilla/5.0 (Macintosh; Intel Mac OS X 10_15_7) AppleWebKit/537.36 (KHTML, like Gecko) Chrome/141.0.0.0 Safari/537.36"[39m
2025-10-23 21:25:03:253 [35mhttp[39m: [35m::1 - - [23/Oct/2025:18:25:03 +0000] "GET /api/v1/campaigns/550e8400-e29b-41d4-a716-446655440009 HTTP/1.1" 304 - "http://localhost:3000/" "Mozilla/5.0 (Macintosh; Intel Mac OS X 10_15_7) AppleWebKit/537.36 (KHTML, like Gecko) Chrome/141.0.0.0 Safari/537.36"[39m
2025-10-23 21:25:06:256 [35mhttp[39m: [35m::1 - - [23/Oct/2025:18:25:06 +0000] "POST /api/v1/auth/login HTTP/1.1" 200 387 "http://localhost:3000/" "Mozilla/5.0 (Macintosh; Intel Mac OS X 10_15_7) AppleWebKit/537.36 (KHTML, like Gecko) Chrome/141.0.0.0 Safari/537.36"[39m
2025-10-23 21:25:06:256 [35mhttp[39m: [35m::1 - - [23/Oct/2025:18:25:06 +0000] "GET /api/v1/campaigns?category=&status=ACTIVE&search=&page=1&limit=12 HTTP/1.1" 304 - "http://localhost:3000/" "Mozilla/5.0 (Macintosh; Intel Mac OS X 10_15_7) AppleWebKit/537.36 (KHTML, like Gecko) Chrome/141.0.0.0 Safari/537.36"[39m
2025-10-23 21:25:06:256 [35mhttp[39m: [35m::1 - - [23/Oct/2025:18:25:06 +0000] "GET /api/v1/campaigns/featured HTTP/1.1" 304 - "http://localhost:3000/" "Mozilla/5.0 (Macintosh; Intel Mac OS X 10_15_7) AppleWebKit/537.36 (KHTML, like Gecko) Chrome/141.0.0.0 Safari/537.36"[39m
2025-10-23 21:25:06:256 [35mhttp[39m: [35m::1 - - [23/Oct/2025:18:25:06 +0000] "GET /api/v1/campaigns?category=&status=ACTIVE&search=&page=1&limit=12 HTTP/1.1" 304 - "http://localhost:3000/" "Mozilla/5.0 (Macintosh; Intel Mac OS X 10_15_7) AppleWebKit/537.36 (KHTML, like Gecko) Chrome/141.0.0.0 Safari/537.36"[39m
2025-10-23 21:25:06:256 [35mhttp[39m: [35m::1 - - [23/Oct/2025:18:25:06 +0000] "GET /api/v1/campaigns/featured HTTP/1.1" 304 - "http://localhost:3000/" "Mozilla/5.0 (Macintosh; Intel Mac OS X 10_15_7) AppleWebKit/537.36 (KHTML, like Gecko) Chrome/141.0.0.0 Safari/537.36"[39m
2025-10-23 21:25:07:257 [35mhttp[39m: [35m::1 - - [23/Oct/2025:18:25:07 +0000] "GET /api/v1/campaigns/550e8400-e29b-41d4-a716-446655440009 HTTP/1.1" 304 - "http://localhost:3000/" "Mozilla/5.0 (Macintosh; Intel Mac OS X 10_15_7) AppleWebKit/537.36 (KHTML, like Gecko) Chrome/141.0.0.0 Safari/537.36"[39m
2025-10-23 21:25:07:257 [35mhttp[39m: [35m::1 - - [23/Oct/2025:18:25:07 +0000] "GET /api/v1/campaigns/550e8400-e29b-41d4-a716-446655440009 HTTP/1.1" 304 - "http://localhost:3000/" "Mozilla/5.0 (Macintosh; Intel Mac OS X 10_15_7) AppleWebKit/537.36 (KHTML, like Gecko) Chrome/141.0.0.0 Safari/537.36"[39m
2025-10-23 21:25:12:2512 [35mhttp[39m: [35m::1 - - [23/Oct/2025:18:25:12 +0000] "POST /api/v1/campaigns/550e8400-e29b-41d4-a716-446655440009/donations HTTP/1.1" 201 1203 "http://localhost:3000/" "Mozilla/5.0 (Macintosh; Intel Mac OS X 10_15_7) AppleWebKit/537.36 (KHTML, like Gecko) Chrome/141.0.0.0 Safari/537.36"[39m
2025-10-23 21:25:13:2513 [35mhttp[39m: [35m::1 - - [23/Oct/2025:18:25:13 +0000] "GET /api/v1/campaigns/550e8400-e29b-41d4-a716-446655440009 HTTP/1.1" 200 3113 "http://localhost:3000/" "Mozilla/5.0 (Macintosh; Intel Mac OS X 10_15_7) AppleWebKit/537.36 (KHTML, like Gecko) Chrome/141.0.0.0 Safari/537.36"[39m
2025-10-23 21:25:23:2523 [35mhttp[39m: [35m::1 - - [23/Oct/2025:18:25:23 +0000] "POST /api/v1/campaigns/550e8400-e29b-41d4-a716-446655440009/donations HTTP/1.1" 201 1202 "http://localhost:3000/" "Mozilla/5.0 (Macintosh; Intel Mac OS X 10_15_7) AppleWebKit/537.36 (KHTML, like Gecko) Chrome/141.0.0.0 Safari/537.36"[39m
2025-10-23 21:25:24:2524 [35mhttp[39m: [35m::1 - - [23/Oct/2025:18:25:24 +0000] "GET /api/v1/campaigns/550e8400-e29b-41d4-a716-446655440009 HTTP/1.1" 200 3471 "http://localhost:3000/" "Mozilla/5.0 (Macintosh; Intel Mac OS X 10_15_7) AppleWebKit/537.36 (KHTML, like Gecko) Chrome/141.0.0.0 Safari/537.36"[39m
2025-10-23 21:25:28:2528 [35mhttp[39m: [35m::1 - - [23/Oct/2025:18:25:28 +0000] "GET /api/v1/users/profile HTTP/1.1" 304 - "http://localhost:3000/" "Mozilla/5.0 (Macintosh; Intel Mac OS X 10_15_7) AppleWebKit/537.36 (KHTML, like Gecko) Chrome/141.0.0.0 Safari/537.36"[39m
2025-10-23 21:25:28:2528 [35mhttp[39m: [35m::1 - - [23/Oct/2025:18:25:28 +0000] "GET /api/v1/campaigns/550e8400-e29b-41d4-a716-446655440009 HTTP/1.1" 304 - "http://localhost:3000/" "Mozilla/5.0 (Macintosh; Intel Mac OS X 10_15_7) AppleWebKit/537.36 (KHTML, like Gecko) Chrome/141.0.0.0 Safari/537.36"[39m
2025-10-23 21:25:28:2528 [35mhttp[39m: [35m::1 - - [23/Oct/2025:18:25:28 +0000] "GET /api/v1/users/profile HTTP/1.1" 304 - "http://localhost:3000/" "Mozilla/5.0 (Macintosh; Intel Mac OS X 10_15_7) AppleWebKit/537.36 (KHTML, like Gecko) Chrome/141.0.0.0 Safari/537.36"[39m
2025-10-23 21:25:28:2528 [35mhttp[39m: [35m::1 - - [23/Oct/2025:18:25:28 +0000] "GET /api/v1/campaigns/550e8400-e29b-41d4-a716-446655440009 HTTP/1.1" 304 - "http://localhost:3000/" "Mozilla/5.0 (Macintosh; Intel Mac OS X 10_15_7) AppleWebKit/537.36 (KHTML, like Gecko) Chrome/141.0.0.0 Safari/537.36"[39m
2025-10-23 21:25:56:2556 [35mhttp[39m: [35m::1 - - [23/Oct/2025:18:25:56 +0000] "POST /api/v1/auth/login HTTP/1.1" 200 387 "http://localhost:3000/" "Mozilla/5.0 (Macintosh; Intel Mac OS X 10_15_7) AppleWebKit/537.36 (KHTML, like Gecko) Chrome/141.0.0.0 Safari/537.36"[39m
2025-10-23 21:25:56:2556 [35mhttp[39m: [35m::1 - - [23/Oct/2025:18:25:56 +0000] "GET /api/v1/campaigns?category=&status=ACTIVE&search=&page=1&limit=12 HTTP/1.1" 304 - "http://localhost:3000/" "Mozilla/5.0 (Macintosh; Intel Mac OS X 10_15_7) AppleWebKit/537.36 (KHTML, like Gecko) Chrome/141.0.0.0 Safari/537.36"[39m
2025-10-23 21:25:56:2556 [35mhttp[39m: [35m::1 - - [23/Oct/2025:18:25:56 +0000] "GET /api/v1/campaigns/featured HTTP/1.1" 304 - "http://localhost:3000/" "Mozilla/5.0 (Macintosh; Intel Mac OS X 10_15_7) AppleWebKit/537.36 (KHTML, like Gecko) Chrome/141.0.0.0 Safari/537.36"[39m
2025-10-23 21:25:56:2556 [35mhttp[39m: [35m::1 - - [23/Oct/2025:18:25:56 +0000] "GET /api/v1/campaigns?category=&status=ACTIVE&search=&page=1&limit=12 HTTP/1.1" 304 - "http://localhost:3000/" "Mozilla/5.0 (Macintosh; Intel Mac OS X 10_15_7) AppleWebKit/537.36 (KHTML, like Gecko) Chrome/141.0.0.0 Safari/537.36"[39m
2025-10-23 21:25:56:2556 [35mhttp[39m: [35m::1 - - [23/Oct/2025:18:25:56 +0000] "GET /api/v1/campaigns/featured HTTP/1.1" 304 - "http://localhost:3000/" "Mozilla/5.0 (Macintosh; Intel Mac OS X 10_15_7) AppleWebKit/537.36 (KHTML, like Gecko) Chrome/141.0.0.0 Safari/537.36"[39m
2025-10-23 21:25:57:2557 [35mhttp[39m: [35m::1 - - [23/Oct/2025:18:25:57 +0000] "GET /api/v1/campaigns/550e8400-e29b-41d4-a716-446655440009 HTTP/1.1" 304 - "http://localhost:3000/" "Mozilla/5.0 (Macintosh; Intel Mac OS X 10_15_7) AppleWebKit/537.36 (KHTML, like Gecko) Chrome/141.0.0.0 Safari/537.36"[39m
2025-10-23 21:25:57:2557 [35mhttp[39m: [35m::1 - - [23/Oct/2025:18:25:57 +0000] "GET /api/v1/campaigns/550e8400-e29b-41d4-a716-446655440009 HTTP/1.1" 304 - "http://localhost:3000/" "Mozilla/5.0 (Macintosh; Intel Mac OS X 10_15_7) AppleWebKit/537.36 (KHTML, like Gecko) Chrome/141.0.0.0 Safari/537.36"[39m
2025-10-23 21:26:10:2610 [35mhttp[39m: [35m::1 - - [23/Oct/2025:18:26:10 +0000] "GET /api/v1/users/profile HTTP/1.1" 304 - "http://localhost:3000/" "Mozilla/5.0 (Macintosh; Intel Mac OS X 10_15_7) AppleWebKit/537.36 (KHTML, like Gecko) Chrome/141.0.0.0 Safari/537.36"[39m
2025-10-23 21:26:10:2610 [35mhttp[39m: [35m::1 - - [23/Oct/2025:18:26:10 +0000] "GET /api/v1/campaigns/550e8400-e29b-41d4-a716-446655440009 HTTP/1.1" 304 - "http://localhost:3000/" "Mozilla/5.0 (Macintosh; Intel Mac OS X 10_15_7) AppleWebKit/537.36 (KHTML, like Gecko) Chrome/141.0.0.0 Safari/537.36"[39m
2025-10-23 21:26:10:2610 [35mhttp[39m: [35m::1 - - [23/Oct/2025:18:26:10 +0000] "GET /api/v1/users/profile HTTP/1.1" 304 - "http://localhost:3000/" "Mozilla/5.0 (Macintosh; Intel Mac OS X 10_15_7) AppleWebKit/537.36 (KHTML, like Gecko) Chrome/141.0.0.0 Safari/537.36"[39m
2025-10-23 21:26:10:2610 [35mhttp[39m: [35m::1 - - [23/Oct/2025:18:26:10 +0000] "GET /api/v1/campaigns/550e8400-e29b-41d4-a716-446655440009 HTTP/1.1" 304 - "http://localhost:3000/" "Mozilla/5.0 (Macintosh; Intel Mac OS X 10_15_7) AppleWebKit/537.36 (KHTML, like Gecko) Chrome/141.0.0.0 Safari/537.36"[39m
2025-10-23 21:26:14:2614 [35mhttp[39m: [35m::1 - - [23/Oct/2025:18:26:14 +0000] "GET /api/v1/campaigns/550e8400-e29b-41d4-a716-446655440009 HTTP/1.1" 304 - "http://localhost:3000/" "Mozilla/5.0 (Macintosh; Intel Mac OS X 10_15_7) AppleWebKit/537.36 (KHTML, like Gecko) Chrome/141.0.0.0 Safari/537.36"[39m
2025-10-23 21:26:14:2614 [35mhttp[39m: [35m::1 - - [23/Oct/2025:18:26:14 +0000] "GET /api/v1/campaigns/550e8400-e29b-41d4-a716-446655440009 HTTP/1.1" 304 - "http://localhost:3000/" "Mozilla/5.0 (Macintosh; Intel Mac OS X 10_15_7) AppleWebKit/537.36 (KHTML, like Gecko) Chrome/141.0.0.0 Safari/537.36"[39m
2025-10-23 21:26:18:2618 [35mhttp[39m: [35m::1 - - [23/Oct/2025:18:26:18 +0000] "GET /api/v1/campaigns/550e8400-e29b-41d4-a716-446655440009 HTTP/1.1" 304 - "http://localhost:3000/" "Mozilla/5.0 (Macintosh; Intel Mac OS X 10_15_7) AppleWebKit/537.36 (KHTML, like Gecko) Chrome/141.0.0.0 Safari/537.36"[39m
2025-10-23 21:26:18:2618 [35mhttp[39m: [35m::1 - - [23/Oct/2025:18:26:18 +0000] "GET /api/v1/campaigns/550e8400-e29b-41d4-a716-446655440009 HTTP/1.1" 304 - "http://localhost:3000/" "Mozilla/5.0 (Macintosh; Intel Mac OS X 10_15_7) AppleWebKit/537.36 (KHTML, like Gecko) Chrome/141.0.0.0 Safari/537.36"[39m
2025-10-23 21:26:21:2621 [35mhttp[39m: [35m::1 - - [23/Oct/2025:18:26:21 +0000] "GET /api/v1/campaigns/550e8400-e29b-41d4-a716-446655440009 HTTP/1.1" 304 - "http://localhost:3000/" "Mozilla/5.0 (Macintosh; Intel Mac OS X 10_15_7) AppleWebKit/537.36 (KHTML, like Gecko) Chrome/141.0.0.0 Safari/537.36"[39m
2025-10-23 21:26:21:2621 [35mhttp[39m: [35m::1 - - [23/Oct/2025:18:26:21 +0000] "GET /api/v1/campaigns/550e8400-e29b-41d4-a716-446655440009 HTTP/1.1" 304 - "http://localhost:3000/" "Mozilla/5.0 (Macintosh; Intel Mac OS X 10_15_7) AppleWebKit/537.36 (KHTML, like Gecko) Chrome/141.0.0.0 Safari/537.36"[39m
2025-10-23 21:26:23:2623 [35mhttp[39m: [35m::1 - - [23/Oct/2025:18:26:23 +0000] "GET /api/v1/campaigns/550e8400-e29b-41d4-a716-446655440009 HTTP/1.1" 304 - "http://localhost:3000/" "Mozilla/5.0 (Macintosh; Intel Mac OS X 10_15_7) AppleWebKit/537.36 (KHTML, like Gecko) Chrome/141.0.0.0 Safari/537.36"[39m
2025-10-23 21:26:23:2623 [35mhttp[39m: [35m::1 - - [23/Oct/2025:18:26:23 +0000] "GET /api/v1/campaigns/550e8400-e29b-41d4-a716-446655440009 HTTP/1.1" 304 - "http://localhost:3000/" "Mozilla/5.0 (Macintosh; Intel Mac OS X 10_15_7) AppleWebKit/537.36 (KHTML, like Gecko) Chrome/141.0.0.0 Safari/537.36"[39m
2025-10-23 21:26:33:2633 [35mhttp[39m: [35m::1 - - [23/Oct/2025:18:26:33 +0000] "GET /api/v1/campaigns/550e8400-e29b-41d4-a716-446655440009 HTTP/1.1" 304 - "http://localhost:3000/" "Mozilla/5.0 (Macintosh; Intel Mac OS X 10_15_7) AppleWebKit/537.36 (KHTML, like Gecko) Chrome/141.0.0.0 Safari/537.36"[39m
2025-10-23 21:26:33:2633 [35mhttp[39m: [35m::1 - - [23/Oct/2025:18:26:33 +0000] "GET /api/v1/campaigns/550e8400-e29b-41d4-a716-446655440009 HTTP/1.1" 304 - "http://localhost:3000/" "Mozilla/5.0 (Macintosh; Intel Mac OS X 10_15_7) AppleWebKit/537.36 (KHTML, like Gecko) Chrome/141.0.0.0 Safari/537.36"[39m
2025-10-23 21:26:35:2635 [35mhttp[39m: [35m::1 - - [23/Oct/2025:18:26:35 +0000] "POST /api/v1/auth/login HTTP/1.1" 200 387 "http://localhost:3000/" "Mozilla/5.0 (Macintosh; Intel Mac OS X 10_15_7) AppleWebKit/537.36 (KHTML, like Gecko) Chrome/141.0.0.0 Safari/537.36"[39m
2025-10-23 21:26:35:2635 [35mhttp[39m: [35m::1 - - [23/Oct/2025:18:26:35 +0000] "GET /api/v1/campaigns?category=&status=ACTIVE&search=&page=1&limit=12 HTTP/1.1" 304 - "http://localhost:3000/" "Mozilla/5.0 (Macintosh; Intel Mac OS X 10_15_7) AppleWebKit/537.36 (KHTML, like Gecko) Chrome/141.0.0.0 Safari/537.36"[39m
2025-10-23 21:26:35:2635 [35mhttp[39m: [35m::1 - - [23/Oct/2025:18:26:35 +0000] "GET /api/v1/campaigns/featured HTTP/1.1" 304 - "http://localhost:3000/" "Mozilla/5.0 (Macintosh; Intel Mac OS X 10_15_7) AppleWebKit/537.36 (KHTML, like Gecko) Chrome/141.0.0.0 Safari/537.36"[39m
2025-10-23 21:26:35:2635 [35mhttp[39m: [35m::1 - - [23/Oct/2025:18:26:35 +0000] "GET /api/v1/campaigns?category=&status=ACTIVE&search=&page=1&limit=12 HTTP/1.1" 304 - "http://localhost:3000/" "Mozilla/5.0 (Macintosh; Intel Mac OS X 10_15_7) AppleWebKit/537.36 (KHTML, like Gecko) Chrome/141.0.0.0 Safari/537.36"[39m
2025-10-23 21:26:35:2635 [35mhttp[39m: [35m::1 - - [23/Oct/2025:18:26:35 +0000] "GET /api/v1/campaigns/featured HTTP/1.1" 304 - "http://localhost:3000/" "Mozilla/5.0 (Macintosh; Intel Mac OS X 10_15_7) AppleWebKit/537.36 (KHTML, like Gecko) Chrome/141.0.0.0 Safari/537.36"[39m
2025-10-23 21:26:36:2636 [35mhttp[39m: [35m::1 - - [23/Oct/2025:18:26:36 +0000] "GET /api/v1/campaigns/550e8400-e29b-41d4-a716-446655440009 HTTP/1.1" 304 - "http://localhost:3000/" "Mozilla/5.0 (Macintosh; Intel Mac OS X 10_15_7) AppleWebKit/537.36 (KHTML, like Gecko) Chrome/141.0.0.0 Safari/537.36"[39m
2025-10-23 21:26:36:2636 [35mhttp[39m: [35m::1 - - [23/Oct/2025:18:26:36 +0000] "GET /api/v1/campaigns/550e8400-e29b-41d4-a716-446655440009 HTTP/1.1" 304 - "http://localhost:3000/" "Mozilla/5.0 (Macintosh; Intel Mac OS X 10_15_7) AppleWebKit/537.36 (KHTML, like Gecko) Chrome/141.0.0.0 Safari/537.36"[39m
2025-10-23 21:26:41:2641 [35mhttp[39m: [35m::1 - - [23/Oct/2025:18:26:41 +0000] "POST /api/v1/campaigns/550e8400-e29b-41d4-a716-446655440009/donations HTTP/1.1" 201 1205 "http://localhost:3000/" "Mozilla/5.0 (Macintosh; Intel Mac OS X 10_15_7) AppleWebKit/537.36 (KHTML, like Gecko) Chrome/141.0.0.0 Safari/537.36"[39m
2025-10-23 21:26:43:2643 [35mhttp[39m: [35m::1 - - [23/Oct/2025:18:26:43 +0000] "GET /api/v1/campaigns/550e8400-e29b-41d4-a716-446655440009 HTTP/1.1" 200 3849 "http://localhost:3000/" "Mozilla/5.0 (Macintosh; Intel Mac OS X 10_15_7) AppleWebKit/537.36 (KHTML, like Gecko) Chrome/141.0.0.0 Safari/537.36"[39m
2025-10-23 21:27:28:2728 [35mhttp[39m: [35m::1 - - [23/Oct/2025:18:27:28 +0000] "GET /api/v1/campaigns/550e8400-e29b-41d4-a716-446655440009 HTTP/1.1" 200 3849 "-" "curl/8.7.1"[39m
2025-10-23 21:27:29:2729 [35mhttp[39m: [35m::1 - - [23/Oct/2025:18:27:29 +0000] "GET /api/v1/campaigns/featured HTTP/1.1" 200 4256 "http://localhost:3000/" "Mozilla/5.0 (Macintosh; Intel Mac OS X 10_15_7) AppleWebKit/537.36 (KHTML, like Gecko) Chrome/141.0.0.0 Safari/537.36"[39m
2025-10-23 21:27:29:2729 [35mhttp[39m: [35m::1 - - [23/Oct/2025:18:27:29 +0000] "GET /api/v1/campaigns/trending HTTP/1.1" 200 5823 "http://localhost:3000/" "Mozilla/5.0 (Macintosh; Intel Mac OS X 10_15_7) AppleWebKit/537.36 (KHTML, like Gecko) Chrome/141.0.0.0 Safari/537.36"[39m
2025-10-23 21:27:29:2729 [35mhttp[39m: [35m::1 - - [23/Oct/2025:18:27:29 +0000] "GET /api/v1/stats HTTP/1.1" 200 120 "http://localhost:3000/" "Mozilla/5.0 (Macintosh; Intel Mac OS X 10_15_7) AppleWebKit/537.36 (KHTML, like Gecko) Chrome/141.0.0.0 Safari/537.36"[39m
2025-10-23 21:27:29:2729 [35mhttp[39m: [35m::1 - - [23/Oct/2025:18:27:29 +0000] "GET /api/v1/campaigns/featured HTTP/1.1" 304 - "http://localhost:3000/" "Mozilla/5.0 (Macintosh; Intel Mac OS X 10_15_7) AppleWebKit/537.36 (KHTML, like Gecko) Chrome/141.0.0.0 Safari/537.36"[39m
2025-10-23 21:27:29:2729 [35mhttp[39m: [35m::1 - - [23/Oct/2025:18:27:29 +0000] "GET /api/v1/campaigns/trending HTTP/1.1" 304 - "http://localhost:3000/" "Mozilla/5.0 (Macintosh; Intel Mac OS X 10_15_7) AppleWebKit/537.36 (KHTML, like Gecko) Chrome/141.0.0.0 Safari/537.36"[39m
2025-10-23 21:27:29:2729 [35mhttp[39m: [35m::1 - - [23/Oct/2025:18:27:29 +0000] "GET /api/v1/stats HTTP/1.1" 304 - "http://localhost:3000/" "Mozilla/5.0 (Macintosh; Intel Mac OS X 10_15_7) AppleWebKit/537.36 (KHTML, like Gecko) Chrome/141.0.0.0 Safari/537.36"[39m
2025-10-23 21:27:33:2733 [35mhttp[39m: [35m::1 - - [23/Oct/2025:18:27:33 +0000] "POST /api/v1/auth/login HTTP/1.1" 200 387 "http://localhost:3000/" "Mozilla/5.0 (Macintosh; Intel Mac OS X 10_15_7) AppleWebKit/537.36 (KHTML, like Gecko) Chrome/141.0.0.0 Safari/537.36"[39m
2025-10-23 21:27:33:2733 [35mhttp[39m: [35m::1 - - [23/Oct/2025:18:27:33 +0000] "GET /api/v1/campaigns?category=&status=ACTIVE&search=&page=1&limit=12 HTTP/1.1" 200 8149 "http://localhost:3000/" "Mozilla/5.0 (Macintosh; Intel Mac OS X 10_15_7) AppleWebKit/537.36 (KHTML, like Gecko) Chrome/141.0.0.0 Safari/537.36"[39m
2025-10-23 21:27:33:2733 [35mhttp[39m: [35m::1 - - [23/Oct/2025:18:27:33 +0000] "GET /api/v1/campaigns/featured HTTP/1.1" 304 - "http://localhost:3000/" "Mozilla/5.0 (Macintosh; Intel Mac OS X 10_15_7) AppleWebKit/537.36 (KHTML, like Gecko) Chrome/141.0.0.0 Safari/537.36"[39m
2025-10-23 21:27:33:2733 [35mhttp[39m: [35m::1 - - [23/Oct/2025:18:27:33 +0000] "GET /api/v1/campaigns?category=&status=ACTIVE&search=&page=1&limit=12 HTTP/1.1" 304 - "http://localhost:3000/" "Mozilla/5.0 (Macintosh; Intel Mac OS X 10_15_7) AppleWebKit/537.36 (KHTML, like Gecko) Chrome/141.0.0.0 Safari/537.36"[39m
2025-10-23 21:27:33:2733 [35mhttp[39m: [35m::1 - - [23/Oct/2025:18:27:33 +0000] "GET /api/v1/campaigns/featured HTTP/1.1" 304 - "http://localhost:3000/" "Mozilla/5.0 (Macintosh; Intel Mac OS X 10_15_7) AppleWebKit/537.36 (KHTML, like Gecko) Chrome/141.0.0.0 Safari/537.36"[39m
2025-10-23 21:27:34:2734 [35mhttp[39m: [35m::1 - - [23/Oct/2025:18:27:34 +0000] "GET /api/v1/campaigns/550e8400-e29b-41d4-a716-446655440009 HTTP/1.1" 200 3849 "http://localhost:3000/" "Mozilla/5.0 (Macintosh; Intel Mac OS X 10_15_7) AppleWebKit/537.36 (KHTML, like Gecko) Chrome/141.0.0.0 Safari/537.36"[39m
2025-10-23 21:27:34:2734 [35mhttp[39m: [35m::1 - - [23/Oct/2025:18:27:34 +0000] "GET /api/v1/campaigns/550e8400-e29b-41d4-a716-446655440009 HTTP/1.1" 304 - "http://localhost:3000/" "Mozilla/5.0 (Macintosh; Intel Mac OS X 10_15_7) AppleWebKit/537.36 (KHTML, like Gecko) Chrome/141.0.0.0 Safari/537.36"[39m
2025-10-23 21:27:55:2755 [35mhttp[39m: [35m::1 - - [23/Oct/2025:18:27:55 +0000] "POST /api/v1/campaigns/550e8400-e29b-41d4-a716-446655440009/donations HTTP/1.1" 201 1224 "-" "curl/8.7.1"[39m
2025-10-23 21:27:58:2758 [35mhttp[39m: [35m::1 - - [23/Oct/2025:18:27:58 +0000] "GET /api/v1/campaigns/550e8400-e29b-41d4-a716-446655440009 HTTP/1.1" 200 4251 "-" "curl/8.7.1"[39m
2025-10-23 21:28:05:285 [35mhttp[39m: [35m::1 - - [23/Oct/2025:18:28:05 +0000] "GET /api/v1/campaigns/550e8400-e29b-41d4-a716-446655440009 HTTP/1.1" 200 4251 "-" "curl/8.7.1"[39m
2025-10-23 21:28:21:2821 [35mhttp[39m: [35m::1 - - [23/Oct/2025:18:28:21 +0000] "POST /api/v1/campaigns/550e8400-e29b-41d4-a716-446655440009/donations HTTP/1.1" 201 1218 "-" "curl/8.7.1"[39m
2025-10-23 21:28:32:2832 [35mhttp[39m: [35m::1 - - [23/Oct/2025:18:28:32 +0000] "POST /api/v1/campaigns/550e8400-e29b-41d4-a716-446655440009/donations HTTP/1.1" 201 1218 "-" "curl/8.7.1"[39m
2025-10-23 21:28:49:2849 [35mhttp[39m: [35m::1 - - [23/Oct/2025:18:28:49 +0000] "POST /api/v1/campaigns/550e8400-e29b-41d4-a716-446655440009/donations HTTP/1.1" 201 1216 "-" "curl/8.7.1"[39m
2025-10-23 21:28:52:2852 [35mhttp[39m: [35m::1 - - [23/Oct/2025:18:28:52 +0000] "GET /api/v1/health HTTP/1.1" 404 103 "-" "curl/8.7.1"[39m
2025-10-23 21:28:52:2852 [35mhttp[39m: [35m::1 - - [23/Oct/2025:18:28:52 +0000] "GET /api/v1/campaigns/550e8400-e29b-41d4-a716-446655440009 HTTP/1.1" 200 4655 "-" "curl/8.7.1"[39m
2025-10-23 21:28:54:2854 [35mhttp[39m: [35m::1 - - [23/Oct/2025:18:28:54 +0000] "GET /api/v1/campaigns/550e8400-e29b-41d4-a716-446655440009/donations?limit=50 HTTP/1.1" 200 4647 "-" "curl/8.7.1"[39m
2025-10-23 21:29:17:2917 [35mhttp[39m: [35m::1 - - [23/Oct/2025:18:29:17 +0000] "POST /api/v1/campaigns/550e8400-e29b-41d4-a716-446655440009/donations HTTP/1.1" 201 1229 "-" "curl/8.7.1"[39m
2025-10-23 21:29:23:2923 [32minfo[39m: [32mApplication started[39m
2025-10-23 21:29:40:2940 [35mhttp[39m: [35m::1 - - [23/Oct/2025:18:29:40 +0000] "POST /api/v1/campaigns/550e8400-e29b-41d4-a716-446655440009/donations HTTP/1.1" 201 1217 "-" "curl/8.7.1"[39m
2025-10-23 21:29:45:2945 [35mhttp[39m: [35m::1 - - [23/Oct/2025:18:29:45 +0000] "GET /api/v1/campaigns/550e8400-e29b-41d4-a716-446655440009 HTTP/1.1" 200 4706 "-" "curl/8.7.1"[39m
2025-10-23 21:31:43:3143 [32minfo[39m: [32mApplication started[39m
2025-10-23 21:32:07:327 [35mhttp[39m: [35m::1 - - [23/Oct/2025:18:32:07 +0000] "GET /api/v1/users/profile HTTP/1.1" 200 315 "http://localhost:3000/" "Mozilla/5.0 (Macintosh; Intel Mac OS X 10_15_7) AppleWebKit/537.36 (KHTML, like Gecko) Chrome/141.0.0.0 Safari/537.36"[39m
2025-10-23 21:32:07:327 [35mhttp[39m: [35m::1 - - [23/Oct/2025:18:32:07 +0000] "GET /api/v1/users/profile HTTP/1.1" 304 - "http://localhost:3000/" "Mozilla/5.0 (Macintosh; Intel Mac OS X 10_15_7) AppleWebKit/537.36 (KHTML, like Gecko) Chrome/141.0.0.0 Safari/537.36"[39m
2025-10-23 21:32:07:327 [35mhttp[39m: [35m::1 - - [23/Oct/2025:18:32:07 +0000] "GET /api/v1/campaigns/550e8400-e29b-41d4-a716-446655440009 HTTP/1.1" 200 4706 "http://localhost:3000/" "Mozilla/5.0 (Macintosh; Intel Mac OS X 10_15_7) AppleWebKit/537.36 (KHTML, like Gecko) Chrome/141.0.0.0 Safari/537.36"[39m
2025-10-23 21:32:07:327 [35mhttp[39m: [35m::1 - - [23/Oct/2025:18:32:07 +0000] "GET /api/v1/campaigns/550e8400-e29b-41d4-a716-446655440009 HTTP/1.1" 304 - "http://localhost:3000/" "Mozilla/5.0 (Macintosh; Intel Mac OS X 10_15_7) AppleWebKit/537.36 (KHTML, like Gecko) Chrome/141.0.0.0 Safari/537.36"[39m
2025-10-23 21:32:30:3230 [35mhttp[39m: [35m::1 - - [23/Oct/2025:18:32:30 +0000] "POST /api/v1/auth/login HTTP/1.1" 200 387 "http://localhost:3000/" "Mozilla/5.0 (Macintosh; Intel Mac OS X 10_15_7) AppleWebKit/537.36 (KHTML, like Gecko) Chrome/141.0.0.0 Safari/537.36"[39m
2025-10-23 21:32:31:3231 [35mhttp[39m: [35m::1 - - [23/Oct/2025:18:32:31 +0000] "GET /api/v1/campaigns?category=&status=ACTIVE&search=&page=1&limit=12 HTTP/1.1" 200 8149 "http://localhost:3000/" "Mozilla/5.0 (Macintosh; Intel Mac OS X 10_15_7) AppleWebKit/537.36 (KHTML, like Gecko) Chrome/141.0.0.0 Safari/537.36"[39m
2025-10-23 21:32:31:3231 [35mhttp[39m: [35m::1 - - [23/Oct/2025:18:32:31 +0000] "GET /api/v1/campaigns?category=&status=ACTIVE&search=&page=1&limit=12 HTTP/1.1" 304 - "http://localhost:3000/" "Mozilla/5.0 (Macintosh; Intel Mac OS X 10_15_7) AppleWebKit/537.36 (KHTML, like Gecko) Chrome/141.0.0.0 Safari/537.36"[39m
2025-10-23 21:32:31:3231 [35mhttp[39m: [35m::1 - - [23/Oct/2025:18:32:31 +0000] "GET /api/v1/campaigns/featured HTTP/1.1" 200 4259 "http://localhost:3000/" "Mozilla/5.0 (Macintosh; Intel Mac OS X 10_15_7) AppleWebKit/537.36 (KHTML, like Gecko) Chrome/141.0.0.0 Safari/537.36"[39m
2025-10-23 21:32:31:3231 [35mhttp[39m: [35m::1 - - [23/Oct/2025:18:32:31 +0000] "GET /api/v1/campaigns/featured HTTP/1.1" 304 - "http://localhost:3000/" "Mozilla/5.0 (Macintosh; Intel Mac OS X 10_15_7) AppleWebKit/537.36 (KHTML, like Gecko) Chrome/141.0.0.0 Safari/537.36"[39m
2025-10-23 21:32:33:3233 [35mhttp[39m: [35m::1 - - [23/Oct/2025:18:32:33 +0000] "GET /api/v1/campaigns/550e8400-e29b-41d4-a716-446655440009 HTTP/1.1" 304 - "http://localhost:3000/" "Mozilla/5.0 (Macintosh; Intel Mac OS X 10_15_7) AppleWebKit/537.36 (KHTML, like Gecko) Chrome/141.0.0.0 Safari/537.36"[39m
2025-10-23 21:32:33:3233 [35mhttp[39m: [35m::1 - - [23/Oct/2025:18:32:33 +0000] "GET /api/v1/campaigns/550e8400-e29b-41d4-a716-446655440009 HTTP/1.1" 304 - "http://localhost:3000/" "Mozilla/5.0 (Macintosh; Intel Mac OS X 10_15_7) AppleWebKit/537.36 (KHTML, like Gecko) Chrome/141.0.0.0 Safari/537.36"[39m
2025-10-23 21:32:43:3243 [35mhttp[39m: [35m::1 - - [23/Oct/2025:18:32:43 +0000] "POST /api/v1/campaigns/550e8400-e29b-41d4-a716-446655440009/donations HTTP/1.1" 201 1208 "http://localhost:3000/" "Mozilla/5.0 (Macintosh; Intel Mac OS X 10_15_7) AppleWebKit/537.36 (KHTML, like Gecko) Chrome/141.0.0.0 Safari/537.36"[39m
2025-10-23 21:32:43:3243 [35mhttp[39m: [35m::1 - - [23/Oct/2025:18:32:43 +0000] "GET /api/v1/campaigns/550e8400-e29b-41d4-a716-446655440009 HTTP/1.1" 200 4709 "http://localhost:3000/" "Mozilla/5.0 (Macintosh; Intel Mac OS X 10_15_7) AppleWebKit/537.36 (KHTML, like Gecko) Chrome/141.0.0.0 Safari/537.36"[39m
2025-10-23 21:32:49:3249 [35mhttp[39m: [35m::1 - - [23/Oct/2025:18:32:49 +0000] "GET /api/v1/users/profile HTTP/1.1" 304 - "http://localhost:3000/" "Mozilla/5.0 (Macintosh; Intel Mac OS X 10_15_7) AppleWebKit/537.36 (KHTML, like Gecko) Chrome/141.0.0.0 Safari/537.36"[39m
2025-10-23 21:32:49:3249 [35mhttp[39m: [35m::1 - - [23/Oct/2025:18:32:49 +0000] "GET /api/v1/campaigns/550e8400-e29b-41d4-a716-446655440009 HTTP/1.1" 304 - "http://localhost:3000/" "Mozilla/5.0 (Macintosh; Intel Mac OS X 10_15_7) AppleWebKit/537.36 (KHTML, like Gecko) Chrome/141.0.0.0 Safari/537.36"[39m
2025-10-23 21:32:49:3249 [35mhttp[39m: [35m::1 - - [23/Oct/2025:18:32:49 +0000] "GET /api/v1/users/profile HTTP/1.1" 304 - "http://localhost:3000/" "Mozilla/5.0 (Macintosh; Intel Mac OS X 10_15_7) AppleWebKit/537.36 (KHTML, like Gecko) Chrome/141.0.0.0 Safari/537.36"[39m
2025-10-23 21:32:49:3249 [35mhttp[39m: [35m::1 - - [23/Oct/2025:18:32:49 +0000] "GET /api/v1/campaigns/550e8400-e29b-41d4-a716-446655440009 HTTP/1.1" 304 - "http://localhost:3000/" "Mozilla/5.0 (Macintosh; Intel Mac OS X 10_15_7) AppleWebKit/537.36 (KHTML, like Gecko) Chrome/141.0.0.0 Safari/537.36"[39m
2025-10-23 21:33:36:3336 [35mhttp[39m: [35m::1 - - [23/Oct/2025:18:33:36 +0000] "GET /api/v1/campaigns/550e8400-e29b-41d4-a716-446655440009 HTTP/1.1" 304 - "http://localhost:3000/" "Mozilla/5.0 (Macintosh; Intel Mac OS X 10_15_7) AppleWebKit/537.36 (KHTML, like Gecko) Chrome/141.0.0.0 Safari/537.36"[39m
2025-10-23 21:33:36:3336 [35mhttp[39m: [35m::1 - - [23/Oct/2025:18:33:36 +0000] "GET /api/v1/campaigns/550e8400-e29b-41d4-a716-446655440009 HTTP/1.1" 304 - "http://localhost:3000/" "Mozilla/5.0 (Macintosh; Intel Mac OS X 10_15_7) AppleWebKit/537.36 (KHTML, like Gecko) Chrome/141.0.0.0 Safari/537.36"[39m
2025-10-23 21:33:36:3336 [35mhttp[39m: [35m::1 - - [23/Oct/2025:18:33:36 +0000] "GET /api/v1/campaigns/550e8400-e29b-41d4-a716-446655440009/donations?page=1&limit=10 HTTP/1.1" 200 3941 "http://localhost:3000/" "Mozilla/5.0 (Macintosh; Intel Mac OS X 10_15_7) AppleWebKit/537.36 (KHTML, like Gecko) Chrome/141.0.0.0 Safari/537.36"[39m
2025-10-23 21:33:36:3336 [35mhttp[39m: [35m::1 - - [23/Oct/2025:18:33:36 +0000] "GET /api/v1/campaigns/550e8400-e29b-41d4-a716-446655440009/donations?page=1&limit=10 HTTP/1.1" 304 - "http://localhost:3000/" "Mozilla/5.0 (Macintosh; Intel Mac OS X 10_15_7) AppleWebKit/537.36 (KHTML, like Gecko) Chrome/141.0.0.0 Safari/537.36"[39m
2025-10-23 21:34:23:3423 [35mhttp[39m: [35m::1 - - [23/Oct/2025:18:34:23 +0000] "GET /api/v1/campaigns/550e8400-e29b-41d4-a716-446655440009/donations?page=1&limit=10 HTTP/1.1" 304 - "http://localhost:3000/" "Mozilla/5.0 (Macintosh; Intel Mac OS X 10_15_7) AppleWebKit/537.36 (KHTML, like Gecko) Chrome/141.0.0.0 Safari/537.36"[39m
2025-10-23 21:34:23:3423 [35mhttp[39m: [35m::1 - - [23/Oct/2025:18:34:23 +0000] "GET /api/v1/campaigns/550e8400-e29b-41d4-a716-446655440009/donations?page=1&limit=10 HTTP/1.1" 304 - "http://localhost:3000/" "Mozilla/5.0 (Macintosh; Intel Mac OS X 10_15_7) AppleWebKit/537.36 (KHTML, like Gecko) Chrome/141.0.0.0 Safari/537.36"[39m
2025-10-23 21:34:23:3423 [35mhttp[39m: [35m::1 - - [23/Oct/2025:18:34:23 +0000] "GET /api/v1/campaigns/550e8400-e29b-41d4-a716-446655440009 HTTP/1.1" 304 - "http://localhost:3000/" "Mozilla/5.0 (Macintosh; Intel Mac OS X 10_15_7) AppleWebKit/537.36 (KHTML, like Gecko) Chrome/141.0.0.0 Safari/537.36"[39m
2025-10-23 21:34:23:3423 [35mhttp[39m: [35m::1 - - [23/Oct/2025:18:34:23 +0000] "GET /api/v1/campaigns/550e8400-e29b-41d4-a716-446655440009 HTTP/1.1" 304 - "http://localhost:3000/" "Mozilla/5.0 (Macintosh; Intel Mac OS X 10_15_7) AppleWebKit/537.36 (KHTML, like Gecko) Chrome/141.0.0.0 Safari/537.36"[39m
2025-10-23 21:34:31:3431 [35mhttp[39m: [35m::1 - - [23/Oct/2025:18:34:31 +0000] "POST /api/v1/auth/login HTTP/1.1" 200 387 "http://localhost:3000/" "Mozilla/5.0 (Macintosh; Intel Mac OS X 10_15_7) AppleWebKit/537.36 (KHTML, like Gecko) Chrome/141.0.0.0 Safari/537.36"[39m
2025-10-23 21:34:33:3433 [35mhttp[39m: [35m::1 - - [23/Oct/2025:18:34:33 +0000] "GET /api/v1/campaigns?category=&status=ACTIVE&search=&page=1&limit=12 HTTP/1.1" 200 8149 "http://localhost:3000/" "Mozilla/5.0 (Macintosh; Intel Mac OS X 10_15_7) AppleWebKit/537.36 (KHTML, like Gecko) Chrome/141.0.0.0 Safari/537.36"[39m
2025-10-23 21:34:33:3433 [35mhttp[39m: [35m::1 - - [23/Oct/2025:18:34:33 +0000] "GET /api/v1/campaigns/featured HTTP/1.1" 200 4256 "http://localhost:3000/" "Mozilla/5.0 (Macintosh; Intel Mac OS X 10_15_7) AppleWebKit/537.36 (KHTML, like Gecko) Chrome/141.0.0.0 Safari/537.36"[39m
2025-10-23 21:34:33:3433 [35mhttp[39m: [35m::1 - - [23/Oct/2025:18:34:33 +0000] "GET /api/v1/campaigns/featured HTTP/1.1" 304 - "http://localhost:3000/" "Mozilla/5.0 (Macintosh; Intel Mac OS X 10_15_7) AppleWebKit/537.36 (KHTML, like Gecko) Chrome/141.0.0.0 Safari/537.36"[39m
2025-10-23 21:34:33:3433 [35mhttp[39m: [35m::1 - - [23/Oct/2025:18:34:33 +0000] "GET /api/v1/campaigns?category=&status=ACTIVE&search=&page=1&limit=12 HTTP/1.1" 304 - "http://localhost:3000/" "Mozilla/5.0 (Macintosh; Intel Mac OS X 10_15_7) AppleWebKit/537.36 (KHTML, like Gecko) Chrome/141.0.0.0 Safari/537.36"[39m
2025-10-23 21:34:34:3434 [35mhttp[39m: [35m::1 - - [23/Oct/2025:18:34:34 +0000] "GET /api/v1/campaigns/550e8400-e29b-41d4-a716-446655440009/donations?page=1&limit=10 HTTP/1.1" 304 - "http://localhost:3000/" "Mozilla/5.0 (Macintosh; Intel Mac OS X 10_15_7) AppleWebKit/537.36 (KHTML, like Gecko) Chrome/141.0.0.0 Safari/537.36"[39m
2025-10-23 21:34:34:3434 [35mhttp[39m: [35m::1 - - [23/Oct/2025:18:34:34 +0000] "GET /api/v1/campaigns/550e8400-e29b-41d4-a716-446655440009/donations?page=1&limit=10 HTTP/1.1" 304 - "http://localhost:3000/" "Mozilla/5.0 (Macintosh; Intel Mac OS X 10_15_7) AppleWebKit/537.36 (KHTML, like Gecko) Chrome/141.0.0.0 Safari/537.36"[39m
2025-10-23 21:34:34:3434 [35mhttp[39m: [35m::1 - - [23/Oct/2025:18:34:34 +0000] "GET /api/v1/campaigns/550e8400-e29b-41d4-a716-446655440009 HTTP/1.1" 304 - "http://localhost:3000/" "Mozilla/5.0 (Macintosh; Intel Mac OS X 10_15_7) AppleWebKit/537.36 (KHTML, like Gecko) Chrome/141.0.0.0 Safari/537.36"[39m
2025-10-23 21:34:34:3434 [35mhttp[39m: [35m::1 - - [23/Oct/2025:18:34:34 +0000] "GET /api/v1/campaigns/550e8400-e29b-41d4-a716-446655440009 HTTP/1.1" 304 - "http://localhost:3000/" "Mozilla/5.0 (Macintosh; Intel Mac OS X 10_15_7) AppleWebKit/537.36 (KHTML, like Gecko) Chrome/141.0.0.0 Safari/537.36"[39m
2025-10-23 21:34:47:3447 [35mhttp[39m: [35m::1 - - [23/Oct/2025:18:34:47 +0000] "POST /api/v1/campaigns/550e8400-e29b-41d4-a716-446655440009/donations HTTP/1.1" 201 1207 "http://localhost:3000/" "Mozilla/5.0 (Macintosh; Intel Mac OS X 10_15_7) AppleWebKit/537.36 (KHTML, like Gecko) Chrome/141.0.0.0 Safari/537.36"[39m
2025-10-23 21:34:47:3447 [35mhttp[39m: [35m::1 - - [23/Oct/2025:18:34:47 +0000] "GET /api/v1/campaigns/550e8400-e29b-41d4-a716-446655440009 HTTP/1.1" 200 4710 "http://localhost:3000/" "Mozilla/5.0 (Macintosh; Intel Mac OS X 10_15_7) AppleWebKit/537.36 (KHTML, like Gecko) Chrome/141.0.0.0 Safari/537.36"[39m
2025-10-23 21:34:47:3447 [35mhttp[39m: [35m::1 - - [23/Oct/2025:18:34:47 +0000] "GET /api/v1/campaigns/550e8400-e29b-41d4-a716-446655440009/donations?page=1&limit=10 HTTP/1.1" 200 3945 "http://localhost:3000/" "Mozilla/5.0 (Macintosh; Intel Mac OS X 10_15_7) AppleWebKit/537.36 (KHTML, like Gecko) Chrome/141.0.0.0 Safari/537.36"[39m
2025-10-23 21:34:53:3453 [35mhttp[39m: [35m::1 - - [23/Oct/2025:18:34:53 +0000] "GET /api/v1/campaigns/featured HTTP/1.1" 200 4278 "http://localhost:3000/" "Mozilla/5.0 (Macintosh; Intel Mac OS X 10_15_7) AppleWebKit/537.36 (KHTML, like Gecko) Chrome/141.0.0.0 Safari/537.36"[39m
2025-10-23 21:34:53:3453 [35mhttp[39m: [35m::1 - - [23/Oct/2025:18:34:53 +0000] "GET /api/v1/campaigns/trending HTTP/1.1" 200 5812 "http://localhost:3000/" "Mozilla/5.0 (Macintosh; Intel Mac OS X 10_15_7) AppleWebKit/537.36 (KHTML, like Gecko) Chrome/141.0.0.0 Safari/537.36"[39m
2025-10-23 21:34:53:3453 [35mhttp[39m: [35m::1 - - [23/Oct/2025:18:34:53 +0000] "GET /api/v1/campaigns/featured HTTP/1.1" 304 - "http://localhost:3000/" "Mozilla/5.0 (Macintosh; Intel Mac OS X 10_15_7) AppleWebKit/537.36 (KHTML, like Gecko) Chrome/141.0.0.0 Safari/537.36"[39m
2025-10-23 21:34:53:3453 [35mhttp[39m: [35m::1 - - [23/Oct/2025:18:34:53 +0000] "GET /api/v1/campaigns/trending HTTP/1.1" 304 - "http://localhost:3000/" "Mozilla/5.0 (Macintosh; Intel Mac OS X 10_15_7) AppleWebKit/537.36 (KHTML, like Gecko) Chrome/141.0.0.0 Safari/537.36"[39m
2025-10-23 21:34:53:3453 [35mhttp[39m: [35m::1 - - [23/Oct/2025:18:34:53 +0000] "GET /api/v1/stats HTTP/1.1" 200 120 "http://localhost:3000/" "Mozilla/5.0 (Macintosh; Intel Mac OS X 10_15_7) AppleWebKit/537.36 (KHTML, like Gecko) Chrome/141.0.0.0 Safari/537.36"[39m
2025-10-23 21:34:53:3453 [35mhttp[39m: [35m::1 - - [23/Oct/2025:18:34:53 +0000] "GET /api/v1/stats HTTP/1.1" 304 - "http://localhost:3000/" "Mozilla/5.0 (Macintosh; Intel Mac OS X 10_15_7) AppleWebKit/537.36 (KHTML, like Gecko) Chrome/141.0.0.0 Safari/537.36"[39m
2025-10-23 21:35:01:351 [33mwarn[39m: [33mClient Error Invalid id format[39m
2025-10-23 21:35:01:351 [35mhttp[39m: [35m::1 - - [23/Oct/2025:18:35:01 +0000] "GET /api/v1/campaigns/campaign-9 HTTP/1.1" 400 2679 "http://localhost:3000/" "Mozilla/5.0 (Macintosh; Intel Mac OS X 10_15_7) AppleWebKit/537.36 (KHTML, like Gecko) Chrome/141.0.0.0 Safari/537.36"[39m
2025-10-23 21:35:01:351 [33mwarn[39m: [33mClient Error Invalid id format[39m
2025-10-23 21:35:01:351 [35mhttp[39m: [35m::1 - - [23/Oct/2025:18:35:01 +0000] "GET /api/v1/campaigns/campaign-9/donations?page=1&limit=10 HTTP/1.1" 400 2705 "http://localhost:3000/" "Mozilla/5.0 (Macintosh; Intel Mac OS X 10_15_7) AppleWebKit/537.36 (KHTML, like Gecko) Chrome/141.0.0.0 Safari/537.36"[39m
2025-10-23 21:35:01:351 [33mwarn[39m: [33mClient Error Invalid id format[39m
2025-10-23 21:35:01:351 [35mhttp[39m: [35m::1 - - [23/Oct/2025:18:35:01 +0000] "GET /api/v1/campaigns/campaign-9 HTTP/1.1" 400 2679 "http://localhost:3000/" "Mozilla/5.0 (Macintosh; Intel Mac OS X 10_15_7) AppleWebKit/537.36 (KHTML, like Gecko) Chrome/141.0.0.0 Safari/537.36"[39m
2025-10-23 21:35:01:351 [33mwarn[39m: [33mClient Error Invalid id format[39m
2025-10-23 21:35:01:351 [35mhttp[39m: [35m::1 - - [23/Oct/2025:18:35:01 +0000] "GET /api/v1/campaigns/campaign-9/donations?page=1&limit=10 HTTP/1.1" 400 2705 "http://localhost:3000/" "Mozilla/5.0 (Macintosh; Intel Mac OS X 10_15_7) AppleWebKit/537.36 (KHTML, like Gecko) Chrome/141.0.0.0 Safari/537.36"[39m
2025-10-23 21:35:03:353 [35mhttp[39m: [35m::1 - - [23/Oct/2025:18:35:03 +0000] "GET /api/v1/campaigns/featured HTTP/1.1" 304 - "http://localhost:3000/" "Mozilla/5.0 (Macintosh; Intel Mac OS X 10_15_7) AppleWebKit/537.36 (KHTML, like Gecko) Chrome/141.0.0.0 Safari/537.36"[39m
2025-10-23 21:35:03:353 [35mhttp[39m: [35m::1 - - [23/Oct/2025:18:35:03 +0000] "GET /api/v1/campaigns/trending HTTP/1.1" 304 - "http://localhost:3000/" "Mozilla/5.0 (Macintosh; Intel Mac OS X 10_15_7) AppleWebKit/537.36 (KHTML, like Gecko) Chrome/141.0.0.0 Safari/537.36"[39m
2025-10-23 21:35:03:353 [35mhttp[39m: [35m::1 - - [23/Oct/2025:18:35:03 +0000] "GET /api/v1/stats HTTP/1.1" 304 - "http://localhost:3000/" "Mozilla/5.0 (Macintosh; Intel Mac OS X 10_15_7) AppleWebKit/537.36 (KHTML, like Gecko) Chrome/141.0.0.0 Safari/537.36"[39m
2025-10-23 21:35:03:353 [35mhttp[39m: [35m::1 - - [23/Oct/2025:18:35:03 +0000] "GET /api/v1/campaigns/featured HTTP/1.1" 304 - "http://localhost:3000/" "Mozilla/5.0 (Macintosh; Intel Mac OS X 10_15_7) AppleWebKit/537.36 (KHTML, like Gecko) Chrome/141.0.0.0 Safari/537.36"[39m
2025-10-23 21:35:03:353 [35mhttp[39m: [35m::1 - - [23/Oct/2025:18:35:03 +0000] "GET /api/v1/campaigns/trending HTTP/1.1" 304 - "http://localhost:3000/" "Mozilla/5.0 (Macintosh; Intel Mac OS X 10_15_7) AppleWebKit/537.36 (KHTML, like Gecko) Chrome/141.0.0.0 Safari/537.36"[39m
2025-10-23 21:35:03:353 [35mhttp[39m: [35m::1 - - [23/Oct/2025:18:35:03 +0000] "GET /api/v1/stats HTTP/1.1" 304 - "http://localhost:3000/" "Mozilla/5.0 (Macintosh; Intel Mac OS X 10_15_7) AppleWebKit/537.36 (KHTML, like Gecko) Chrome/141.0.0.0 Safari/537.36"[39m
2025-10-23 21:35:04:354 [33mwarn[39m: [33mClient Error Invalid id format[39m
2025-10-23 21:35:04:354 [35mhttp[39m: [35m::1 - - [23/Oct/2025:18:35:04 +0000] "GET /api/v1/campaigns/campaign-2 HTTP/1.1" 400 2679 "http://localhost:3000/" "Mozilla/5.0 (Macintosh; Intel Mac OS X 10_15_7) AppleWebKit/537.36 (KHTML, like Gecko) Chrome/141.0.0.0 Safari/537.36"[39m
2025-10-23 21:35:04:354 [33mwarn[39m: [33mClient Error Invalid id format[39m
2025-10-23 21:35:04:354 [35mhttp[39m: [35m::1 - - [23/Oct/2025:18:35:04 +0000] "GET /api/v1/campaigns/campaign-2/donations?page=1&limit=10 HTTP/1.1" 400 2705 "http://localhost:3000/" "Mozilla/5.0 (Macintosh; Intel Mac OS X 10_15_7) AppleWebKit/537.36 (KHTML, like Gecko) Chrome/141.0.0.0 Safari/537.36"[39m
2025-10-23 21:35:04:354 [33mwarn[39m: [33mClient Error Invalid id format[39m
2025-10-23 21:35:04:354 [35mhttp[39m: [35m::1 - - [23/Oct/2025:18:35:04 +0000] "GET /api/v1/campaigns/campaign-2 HTTP/1.1" 400 2679 "http://localhost:3000/" "Mozilla/5.0 (Macintosh; Intel Mac OS X 10_15_7) AppleWebKit/537.36 (KHTML, like Gecko) Chrome/141.0.0.0 Safari/537.36"[39m
2025-10-23 21:35:04:354 [33mwarn[39m: [33mClient Error Invalid id format[39m
2025-10-23 21:35:04:354 [35mhttp[39m: [35m::1 - - [23/Oct/2025:18:35:04 +0000] "GET /api/v1/campaigns/campaign-2/donations?page=1&limit=10 HTTP/1.1" 400 2705 "http://localhost:3000/" "Mozilla/5.0 (Macintosh; Intel Mac OS X 10_15_7) AppleWebKit/537.36 (KHTML, like Gecko) Chrome/141.0.0.0 Safari/537.36"[39m
2025-10-23 21:35:06:356 [35mhttp[39m: [35m::1 - - [23/Oct/2025:18:35:06 +0000] "GET /api/v1/campaigns/featured HTTP/1.1" 304 - "http://localhost:3000/" "Mozilla/5.0 (Macintosh; Intel Mac OS X 10_15_7) AppleWebKit/537.36 (KHTML, like Gecko) Chrome/141.0.0.0 Safari/537.36"[39m
2025-10-23 21:35:06:356 [35mhttp[39m: [35m::1 - - [23/Oct/2025:18:35:06 +0000] "GET /api/v1/campaigns/trending HTTP/1.1" 304 - "http://localhost:3000/" "Mozilla/5.0 (Macintosh; Intel Mac OS X 10_15_7) AppleWebKit/537.36 (KHTML, like Gecko) Chrome/141.0.0.0 Safari/537.36"[39m
2025-10-23 21:35:06:356 [35mhttp[39m: [35m::1 - - [23/Oct/2025:18:35:06 +0000] "GET /api/v1/campaigns/featured HTTP/1.1" 304 - "http://localhost:3000/" "Mozilla/5.0 (Macintosh; Intel Mac OS X 10_15_7) AppleWebKit/537.36 (KHTML, like Gecko) Chrome/141.0.0.0 Safari/537.36"[39m
2025-10-23 21:35:06:356 [35mhttp[39m: [35m::1 - - [23/Oct/2025:18:35:06 +0000] "GET /api/v1/campaigns/trending HTTP/1.1" 304 - "http://localhost:3000/" "Mozilla/5.0 (Macintosh; Intel Mac OS X 10_15_7) AppleWebKit/537.36 (KHTML, like Gecko) Chrome/141.0.0.0 Safari/537.36"[39m
2025-10-23 21:35:06:356 [35mhttp[39m: [35m::1 - - [23/Oct/2025:18:35:06 +0000] "GET /api/v1/stats HTTP/1.1" 304 - "http://localhost:3000/" "Mozilla/5.0 (Macintosh; Intel Mac OS X 10_15_7) AppleWebKit/537.36 (KHTML, like Gecko) Chrome/141.0.0.0 Safari/537.36"[39m
2025-10-23 21:35:06:356 [35mhttp[39m: [35m::1 - - [23/Oct/2025:18:35:06 +0000] "GET /api/v1/stats HTTP/1.1" 304 - "http://localhost:3000/" "Mozilla/5.0 (Macintosh; Intel Mac OS X 10_15_7) AppleWebKit/537.36 (KHTML, like Gecko) Chrome/141.0.0.0 Safari/537.36"[39m
2025-10-23 21:35:09:359 [35mhttp[39m: [35m::1 - - [23/Oct/2025:18:35:09 +0000] "GET /api/v1/campaigns/550e8400-e29b-41d4-a716-446655440008/donations?page=1&limit=10 HTTP/1.1" 200 91 "http://localhost:3000/" "Mozilla/5.0 (Macintosh; Intel Mac OS X 10_15_7) AppleWebKit/537.36 (KHTML, like Gecko) Chrome/141.0.0.0 Safari/537.36"[39m
2025-10-23 21:35:09:359 [35mhttp[39m: [35m::1 - - [23/Oct/2025:18:35:09 +0000] "GET /api/v1/campaigns/550e8400-e29b-41d4-a716-446655440008/donations?page=1&limit=10 HTTP/1.1" 304 - "http://localhost:3000/" "Mozilla/5.0 (Macintosh; Intel Mac OS X 10_15_7) AppleWebKit/537.36 (KHTML, like Gecko) Chrome/141.0.0.0 Safari/537.36"[39m
2025-10-23 21:35:09:359 [35mhttp[39m: [35m::1 - - [23/Oct/2025:18:35:09 +0000] "GET /api/v1/campaigns/550e8400-e29b-41d4-a716-446655440008 HTTP/1.1" 200 852 "http://localhost:3000/" "Mozilla/5.0 (Macintosh; Intel Mac OS X 10_15_7) AppleWebKit/537.36 (KHTML, like Gecko) Chrome/141.0.0.0 Safari/537.36"[39m
2025-10-23 21:35:09:359 [35mhttp[39m: [35m::1 - - [23/Oct/2025:18:35:09 +0000] "GET /api/v1/campaigns/550e8400-e29b-41d4-a716-446655440008 HTTP/1.1" 304 - "http://localhost:3000/" "Mozilla/5.0 (Macintosh; Intel Mac OS X 10_15_7) AppleWebKit/537.36 (KHTML, like Gecko) Chrome/141.0.0.0 Safari/537.36"[39m
2025-10-23 21:35:11:3511 [35mhttp[39m: [35m::1 - - [23/Oct/2025:18:35:11 +0000] "GET /api/v1/campaigns/trending HTTP/1.1" 304 - "http://localhost:3000/" "Mozilla/5.0 (Macintosh; Intel Mac OS X 10_15_7) AppleWebKit/537.36 (KHTML, like Gecko) Chrome/141.0.0.0 Safari/537.36"[39m
2025-10-23 21:35:11:3511 [35mhttp[39m: [35m::1 - - [23/Oct/2025:18:35:11 +0000] "GET /api/v1/campaigns/featured HTTP/1.1" 304 - "http://localhost:3000/" "Mozilla/5.0 (Macintosh; Intel Mac OS X 10_15_7) AppleWebKit/537.36 (KHTML, like Gecko) Chrome/141.0.0.0 Safari/537.36"[39m
2025-10-23 21:35:11:3511 [35mhttp[39m: [35m::1 - - [23/Oct/2025:18:35:11 +0000] "GET /api/v1/campaigns/featured HTTP/1.1" 304 - "http://localhost:3000/" "Mozilla/5.0 (Macintosh; Intel Mac OS X 10_15_7) AppleWebKit/537.36 (KHTML, like Gecko) Chrome/141.0.0.0 Safari/537.36"[39m
2025-10-23 21:35:11:3511 [35mhttp[39m: [35m::1 - - [23/Oct/2025:18:35:11 +0000] "GET /api/v1/stats HTTP/1.1" 304 - "http://localhost:3000/" "Mozilla/5.0 (Macintosh; Intel Mac OS X 10_15_7) AppleWebKit/537.36 (KHTML, like Gecko) Chrome/141.0.0.0 Safari/537.36"[39m
2025-10-23 21:35:11:3511 [35mhttp[39m: [35m::1 - - [23/Oct/2025:18:35:11 +0000] "GET /api/v1/campaigns/trending HTTP/1.1" 304 - "http://localhost:3000/" "Mozilla/5.0 (Macintosh; Intel Mac OS X 10_15_7) AppleWebKit/537.36 (KHTML, like Gecko) Chrome/141.0.0.0 Safari/537.36"[39m
2025-10-23 21:35:11:3511 [35mhttp[39m: [35m::1 - - [23/Oct/2025:18:35:11 +0000] "GET /api/v1/stats HTTP/1.1" 304 - "http://localhost:3000/" "Mozilla/5.0 (Macintosh; Intel Mac OS X 10_15_7) AppleWebKit/537.36 (KHTML, like Gecko) Chrome/141.0.0.0 Safari/537.36"[39m
2025-10-23 21:35:13:3513 [35mhttp[39m: [35m::1 - - [23/Oct/2025:18:35:13 +0000] "GET /api/v1/campaigns/featured HTTP/1.1" 304 - "http://localhost:3000/" "Mozilla/5.0 (Macintosh; Intel Mac OS X 10_15_7) AppleWebKit/537.36 (KHTML, like Gecko) Chrome/141.0.0.0 Safari/537.36"[39m
2025-10-23 21:35:13:3513 [35mhttp[39m: [35m::1 - - [23/Oct/2025:18:35:13 +0000] "GET /api/v1/campaigns?category=&status=ACTIVE&search=&page=1&limit=12 HTTP/1.1" 200 8109 "http://localhost:3000/" "Mozilla/5.0 (Macintosh; Intel Mac OS X 10_15_7) AppleWebKit/537.36 (KHTML, like Gecko) Chrome/141.0.0.0 Safari/537.36"[39m
2025-10-23 21:35:13:3513 [35mhttp[39m: [35m::1 - - [23/Oct/2025:18:35:13 +0000] "GET /api/v1/campaigns/featured HTTP/1.1" 304 - "http://localhost:3000/" "Mozilla/5.0 (Macintosh; Intel Mac OS X 10_15_7) AppleWebKit/537.36 (KHTML, like Gecko) Chrome/141.0.0.0 Safari/537.36"[39m
2025-10-23 21:35:13:3513 [35mhttp[39m: [35m::1 - - [23/Oct/2025:18:35:13 +0000] "GET /api/v1/campaigns?category=&status=ACTIVE&search=&page=1&limit=12 HTTP/1.1" 304 - "http://localhost:3000/" "Mozilla/5.0 (Macintosh; Intel Mac OS X 10_15_7) AppleWebKit/537.36 (KHTML, like Gecko) Chrome/141.0.0.0 Safari/537.36"[39m
2025-10-23 21:35:26:3526 [35mhttp[39m: [35m::1 - - [23/Oct/2025:18:35:26 +0000] "GET /api/v1/campaigns/550e8400-e29b-41d4-a716-446655440004/donations?page=1&limit=10 HTTP/1.1" 200 1293 "http://localhost:3000/" "Mozilla/5.0 (Macintosh; Intel Mac OS X 10_15_7) AppleWebKit/537.36 (KHTML, like Gecko) Chrome/141.0.0.0 Safari/537.36"[39m
2025-10-23 21:35:26:3526 [35mhttp[39m: [35m::1 - - [23/Oct/2025:18:35:26 +0000] "GET /api/v1/campaigns/550e8400-e29b-41d4-a716-446655440004/donations?page=1&limit=10 HTTP/1.1" 304 - "http://localhost:3000/" "Mozilla/5.0 (Macintosh; Intel Mac OS X 10_15_7) AppleWebKit/537.36 (KHTML, like Gecko) Chrome/141.0.0.0 Safari/537.36"[39m
2025-10-23 21:35:26:3526 [35mhttp[39m: [35m::1 - - [23/Oct/2025:18:35:26 +0000] "GET /api/v1/campaigns/550e8400-e29b-41d4-a716-446655440004 HTTP/1.1" 200 3367 "http://localhost:3000/" "Mozilla/5.0 (Macintosh; Intel Mac OS X 10_15_7) AppleWebKit/537.36 (KHTML, like Gecko) Chrome/141.0.0.0 Safari/537.36"[39m
2025-10-23 21:35:26:3526 [35mhttp[39m: [35m::1 - - [23/Oct/2025:18:35:26 +0000] "GET /api/v1/campaigns/550e8400-e29b-41d4-a716-446655440004 HTTP/1.1" 304 - "http://localhost:3000/" "Mozilla/5.0 (Macintosh; Intel Mac OS X 10_15_7) AppleWebKit/537.36 (KHTML, like Gecko) Chrome/141.0.0.0 Safari/537.36"[39m
2025-10-23 21:35:28:3528 [35mhttp[39m: [35m::1 - - [23/Oct/2025:18:35:28 +0000] "GET /api/v1/campaigns/featured HTTP/1.1" 304 - "http://localhost:3000/" "Mozilla/5.0 (Macintosh; Intel Mac OS X 10_15_7) AppleWebKit/537.36 (KHTML, like Gecko) Chrome/141.0.0.0 Safari/537.36"[39m
2025-10-23 21:35:28:3528 [35mhttp[39m: [35m::1 - - [23/Oct/2025:18:35:28 +0000] "GET /api/v1/campaigns/trending HTTP/1.1" 304 - "http://localhost:3000/" "Mozilla/5.0 (Macintosh; Intel Mac OS X 10_15_7) AppleWebKit/537.36 (KHTML, like Gecko) Chrome/141.0.0.0 Safari/537.36"[39m
2025-10-23 21:35:28:3528 [35mhttp[39m: [35m::1 - - [23/Oct/2025:18:35:28 +0000] "GET /api/v1/campaigns/featured HTTP/1.1" 304 - "http://localhost:3000/" "Mozilla/5.0 (Macintosh; Intel Mac OS X 10_15_7) AppleWebKit/537.36 (KHTML, like Gecko) Chrome/141.0.0.0 Safari/537.36"[39m
2025-10-23 21:35:28:3528 [35mhttp[39m: [35m::1 - - [23/Oct/2025:18:35:28 +0000] "GET /api/v1/stats HTTP/1.1" 304 - "http://localhost:3000/" "Mozilla/5.0 (Macintosh; Intel Mac OS X 10_15_7) AppleWebKit/537.36 (KHTML, like Gecko) Chrome/141.0.0.0 Safari/537.36"[39m
2025-10-23 21:35:28:3528 [35mhttp[39m: [35m::1 - - [23/Oct/2025:18:35:28 +0000] "GET /api/v1/campaigns/trending HTTP/1.1" 304 - "http://localhost:3000/" "Mozilla/5.0 (Macintosh; Intel Mac OS X 10_15_7) AppleWebKit/537.36 (KHTML, like Gecko) Chrome/141.0.0.0 Safari/537.36"[39m
2025-10-23 21:35:28:3528 [35mhttp[39m: [35m::1 - - [23/Oct/2025:18:35:28 +0000] "GET /api/v1/stats HTTP/1.1" 304 - "http://localhost:3000/" "Mozilla/5.0 (Macintosh; Intel Mac OS X 10_15_7) AppleWebKit/537.36 (KHTML, like Gecko) Chrome/141.0.0.0 Safari/537.36"[39m
2025-10-23 21:35:40:3540 [33mwarn[39m: [33mClient Error Invalid id format[39m
2025-10-23 21:35:40:3540 [35mhttp[39m: [35m::1 - - [23/Oct/2025:18:35:40 +0000] "GET /api/v1/campaigns/campaign-9 HTTP/1.1" 400 2679 "http://localhost:3000/" "Mozilla/5.0 (Macintosh; Intel Mac OS X 10_15_7) AppleWebKit/537.36 (KHTML, like Gecko) Chrome/141.0.0.0 Safari/537.36"[39m
2025-10-23 21:35:40:3540 [33mwarn[39m: [33mClient Error Invalid id format[39m
2025-10-23 21:35:40:3540 [35mhttp[39m: [35m::1 - - [23/Oct/2025:18:35:40 +0000] "GET /api/v1/campaigns/campaign-9/donations?page=1&limit=10 HTTP/1.1" 400 2705 "http://localhost:3000/" "Mozilla/5.0 (Macintosh; Intel Mac OS X 10_15_7) AppleWebKit/537.36 (KHTML, like Gecko) Chrome/141.0.0.0 Safari/537.36"[39m
2025-10-23 21:35:40:3540 [33mwarn[39m: [33mClient Error Invalid id format[39m
2025-10-23 21:35:40:3540 [35mhttp[39m: [35m::1 - - [23/Oct/2025:18:35:40 +0000] "GET /api/v1/campaigns/campaign-9 HTTP/1.1" 400 2679 "http://localhost:3000/" "Mozilla/5.0 (Macintosh; Intel Mac OS X 10_15_7) AppleWebKit/537.36 (KHTML, like Gecko) Chrome/141.0.0.0 Safari/537.36"[39m
2025-10-23 21:35:40:3540 [33mwarn[39m: [33mClient Error Invalid id format[39m
2025-10-23 21:35:40:3540 [35mhttp[39m: [35m::1 - - [23/Oct/2025:18:35:40 +0000] "GET /api/v1/campaigns/campaign-9/donations?page=1&limit=10 HTTP/1.1" 400 2705 "http://localhost:3000/" "Mozilla/5.0 (Macintosh; Intel Mac OS X 10_15_7) AppleWebKit/537.36 (KHTML, like Gecko) Chrome/141.0.0.0 Safari/537.36"[39m
2025-10-23 21:36:11:3611 [35mhttp[39m: [35m::1 - - [23/Oct/2025:18:36:11 +0000] "GET /api/v1/campaigns/featured HTTP/1.1" 304 - "http://localhost:3000/" "Mozilla/5.0 (Macintosh; Intel Mac OS X 10_15_7) AppleWebKit/537.36 (KHTML, like Gecko) Chrome/141.0.0.0 Safari/537.36"[39m
2025-10-23 21:36:11:3611 [35mhttp[39m: [35m::1 - - [23/Oct/2025:18:36:11 +0000] "GET /api/v1/campaigns/trending HTTP/1.1" 304 - "http://localhost:3000/" "Mozilla/5.0 (Macintosh; Intel Mac OS X 10_15_7) AppleWebKit/537.36 (KHTML, like Gecko) Chrome/141.0.0.0 Safari/537.36"[39m
2025-10-23 21:36:11:3611 [35mhttp[39m: [35m::1 - - [23/Oct/2025:18:36:11 +0000] "GET /api/v1/stats HTTP/1.1" 304 - "http://localhost:3000/" "Mozilla/5.0 (Macintosh; Intel Mac OS X 10_15_7) AppleWebKit/537.36 (KHTML, like Gecko) Chrome/141.0.0.0 Safari/537.36"[39m
2025-10-23 21:36:11:3611 [35mhttp[39m: [35m::1 - - [23/Oct/2025:18:36:11 +0000] "GET /api/v1/campaigns/featured HTTP/1.1" 304 - "http://localhost:3000/" "Mozilla/5.0 (Macintosh; Intel Mac OS X 10_15_7) AppleWebKit/537.36 (KHTML, like Gecko) Chrome/141.0.0.0 Safari/537.36"[39m
2025-10-23 21:36:11:3611 [35mhttp[39m: [35m::1 - - [23/Oct/2025:18:36:11 +0000] "GET /api/v1/campaigns/trending HTTP/1.1" 304 - "http://localhost:3000/" "Mozilla/5.0 (Macintosh; Intel Mac OS X 10_15_7) AppleWebKit/537.36 (KHTML, like Gecko) Chrome/141.0.0.0 Safari/537.36"[39m
2025-10-23 21:36:11:3611 [35mhttp[39m: [35m::1 - - [23/Oct/2025:18:36:11 +0000] "GET /api/v1/stats HTTP/1.1" 304 - "http://localhost:3000/" "Mozilla/5.0 (Macintosh; Intel Mac OS X 10_15_7) AppleWebKit/537.36 (KHTML, like Gecko) Chrome/141.0.0.0 Safari/537.36"[39m
2025-10-23 21:36:20:3620 [33mwarn[39m: [33mClient Error Invalid id format[39m
2025-10-23 21:36:20:3620 [35mhttp[39m: [35m::1 - - [23/Oct/2025:18:36:20 +0000] "GET /api/v1/campaigns/campaign-9/donations?page=1&limit=10 HTTP/1.1" 400 2705 "http://localhost:3000/" "Mozilla/5.0 (Macintosh; Intel Mac OS X 10_15_7) AppleWebKit/537.36 (KHTML, like Gecko) Chrome/141.0.0.0 Safari/537.36"[39m
2025-10-23 21:36:20:3620 [33mwarn[39m: [33mClient Error Invalid id format[39m
2025-10-23 21:36:20:3620 [35mhttp[39m: [35m::1 - - [23/Oct/2025:18:36:20 +0000] "GET /api/v1/campaigns/campaign-9 HTTP/1.1" 400 2679 "http://localhost:3000/" "Mozilla/5.0 (Macintosh; Intel Mac OS X 10_15_7) AppleWebKit/537.36 (KHTML, like Gecko) Chrome/141.0.0.0 Safari/537.36"[39m
2025-10-23 21:36:20:3620 [33mwarn[39m: [33mClient Error Invalid id format[39m
2025-10-23 21:36:20:3620 [35mhttp[39m: [35m::1 - - [23/Oct/2025:18:36:20 +0000] "GET /api/v1/campaigns/campaign-9 HTTP/1.1" 400 2679 "http://localhost:3000/" "Mozilla/5.0 (Macintosh; Intel Mac OS X 10_15_7) AppleWebKit/537.36 (KHTML, like Gecko) Chrome/141.0.0.0 Safari/537.36"[39m
2025-10-23 21:36:20:3620 [33mwarn[39m: [33mClient Error Invalid id format[39m
2025-10-23 21:36:20:3620 [35mhttp[39m: [35m::1 - - [23/Oct/2025:18:36:20 +0000] "GET /api/v1/campaigns/campaign-9/donations?page=1&limit=10 HTTP/1.1" 400 2705 "http://localhost:3000/" "Mozilla/5.0 (Macintosh; Intel Mac OS X 10_15_7) AppleWebKit/537.36 (KHTML, like Gecko) Chrome/141.0.0.0 Safari/537.36"[39m
2025-10-23 21:36:21:3621 [35mhttp[39m: [35m::1 - - [23/Oct/2025:18:36:21 +0000] "GET /api/v1/campaigns/featured HTTP/1.1" 304 - "http://localhost:3000/" "Mozilla/5.0 (Macintosh; Intel Mac OS X 10_15_7) AppleWebKit/537.36 (KHTML, like Gecko) Chrome/141.0.0.0 Safari/537.36"[39m
2025-10-23 21:36:21:3621 [35mhttp[39m: [35m::1 - - [23/Oct/2025:18:36:21 +0000] "GET /api/v1/campaigns/trending HTTP/1.1" 304 - "http://localhost:3000/" "Mozilla/5.0 (Macintosh; Intel Mac OS X 10_15_7) AppleWebKit/537.36 (KHTML, like Gecko) Chrome/141.0.0.0 Safari/537.36"[39m
2025-10-23 21:36:21:3621 [35mhttp[39m: [35m::1 - - [23/Oct/2025:18:36:21 +0000] "GET /api/v1/stats HTTP/1.1" 304 - "http://localhost:3000/" "Mozilla/5.0 (Macintosh; Intel Mac OS X 10_15_7) AppleWebKit/537.36 (KHTML, like Gecko) Chrome/141.0.0.0 Safari/537.36"[39m
2025-10-23 21:36:21:3621 [35mhttp[39m: [35m::1 - - [23/Oct/2025:18:36:21 +0000] "GET /api/v1/campaigns/featured HTTP/1.1" 304 - "http://localhost:3000/" "Mozilla/5.0 (Macintosh; Intel Mac OS X 10_15_7) AppleWebKit/537.36 (KHTML, like Gecko) Chrome/141.0.0.0 Safari/537.36"[39m
2025-10-23 21:36:21:3621 [35mhttp[39m: [35m::1 - - [23/Oct/2025:18:36:21 +0000] "GET /api/v1/campaigns/trending HTTP/1.1" 304 - "http://localhost:3000/" "Mozilla/5.0 (Macintosh; Intel Mac OS X 10_15_7) AppleWebKit/537.36 (KHTML, like Gecko) Chrome/141.0.0.0 Safari/537.36"[39m
2025-10-23 21:36:21:3621 [35mhttp[39m: [35m::1 - - [23/Oct/2025:18:36:21 +0000] "GET /api/v1/stats HTTP/1.1" 304 - "http://localhost:3000/" "Mozilla/5.0 (Macintosh; Intel Mac OS X 10_15_7) AppleWebKit/537.36 (KHTML, like Gecko) Chrome/141.0.0.0 Safari/537.36"[39m
2025-10-23 21:36:22:3622 [35mhttp[39m: [35m::1 - - [23/Oct/2025:18:36:22 +0000] "GET /api/v1/campaigns/featured HTTP/1.1" 304 - "http://localhost:3000/" "Mozilla/5.0 (Macintosh; Intel Mac OS X 10_15_7) AppleWebKit/537.36 (KHTML, like Gecko) Chrome/141.0.0.0 Safari/537.36"[39m
2025-10-23 21:36:22:3622 [35mhttp[39m: [35m::1 - - [23/Oct/2025:18:36:22 +0000] "GET /api/v1/campaigns/trending HTTP/1.1" 304 - "http://localhost:3000/" "Mozilla/5.0 (Macintosh; Intel Mac OS X 10_15_7) AppleWebKit/537.36 (KHTML, like Gecko) Chrome/141.0.0.0 Safari/537.36"[39m
2025-10-23 21:36:22:3622 [35mhttp[39m: [35m::1 - - [23/Oct/2025:18:36:22 +0000] "GET /api/v1/campaigns/featured HTTP/1.1" 304 - "http://localhost:3000/" "Mozilla/5.0 (Macintosh; Intel Mac OS X 10_15_7) AppleWebKit/537.36 (KHTML, like Gecko) Chrome/141.0.0.0 Safari/537.36"[39m
2025-10-23 21:36:22:3622 [35mhttp[39m: [35m::1 - - [23/Oct/2025:18:36:22 +0000] "GET /api/v1/campaigns/trending HTTP/1.1" 304 - "http://localhost:3000/" "Mozilla/5.0 (Macintosh; Intel Mac OS X 10_15_7) AppleWebKit/537.36 (KHTML, like Gecko) Chrome/141.0.0.0 Safari/537.36"[39m
2025-10-23 21:36:22:3622 [35mhttp[39m: [35m::1 - - [23/Oct/2025:18:36:22 +0000] "GET /api/v1/stats HTTP/1.1" 304 - "http://localhost:3000/" "Mozilla/5.0 (Macintosh; Intel Mac OS X 10_15_7) AppleWebKit/537.36 (KHTML, like Gecko) Chrome/141.0.0.0 Safari/537.36"[39m
2025-10-23 21:36:22:3622 [35mhttp[39m: [35m::1 - - [23/Oct/2025:18:36:22 +0000] "GET /api/v1/users/profile HTTP/1.1" 304 - "http://localhost:3000/" "Mozilla/5.0 (Macintosh; Intel Mac OS X 10_15_7) AppleWebKit/537.36 (KHTML, like Gecko) Chrome/141.0.0.0 Safari/537.36"[39m
2025-10-23 21:36:22:3622 [35mhttp[39m: [35m::1 - - [23/Oct/2025:18:36:22 +0000] "GET /api/v1/stats HTTP/1.1" 304 - "http://localhost:3000/" "Mozilla/5.0 (Macintosh; Intel Mac OS X 10_15_7) AppleWebKit/537.36 (KHTML, like Gecko) Chrome/141.0.0.0 Safari/537.36"[39m
2025-10-23 21:36:22:3622 [35mhttp[39m: [35m::1 - - [23/Oct/2025:18:36:22 +0000] "GET /api/v1/users/profile HTTP/1.1" 304 - "http://localhost:3000/" "Mozilla/5.0 (Macintosh; Intel Mac OS X 10_15_7) AppleWebKit/537.36 (KHTML, like Gecko) Chrome/141.0.0.0 Safari/537.36"[39m
2025-10-23 21:36:34:3634 [35mhttp[39m: [35m::1 - - [23/Oct/2025:18:36:34 +0000] "GET /api/v1/campaigns/trending HTTP/1.1" 200 5812 "-" "curl/8.7.1"[39m
2025-10-23 21:36:39:3639 [35mhttp[39m: [35m::1 - - [23/Oct/2025:18:36:39 +0000] "GET /api/v1/campaigns?limit=20 HTTP/1.1" 200 13715 "-" "curl/8.7.1"[39m
2025-10-23 21:37:04:374 [35mhttp[39m: [35m::1 - - [23/Oct/2025:18:37:04 +0000] "GET /api/v1/campaigns/featured HTTP/1.1" 304 - "http://localhost:3000/" "Mozilla/5.0 (Macintosh; Intel Mac OS X 10_15_7) AppleWebKit/537.36 (KHTML, like Gecko) Chrome/141.0.0.0 Safari/537.36"[39m
2025-10-23 21:37:04:374 [35mhttp[39m: [35m::1 - - [23/Oct/2025:18:37:04 +0000] "GET /api/v1/campaigns/trending HTTP/1.1" 304 - "http://localhost:3000/" "Mozilla/5.0 (Macintosh; Intel Mac OS X 10_15_7) AppleWebKit/537.36 (KHTML, like Gecko) Chrome/141.0.0.0 Safari/537.36"[39m
2025-10-23 21:37:04:374 [35mhttp[39m: [35m::1 - - [23/Oct/2025:18:37:04 +0000] "GET /api/v1/stats HTTP/1.1" 304 - "http://localhost:3000/" "Mozilla/5.0 (Macintosh; Intel Mac OS X 10_15_7) AppleWebKit/537.36 (KHTML, like Gecko) Chrome/141.0.0.0 Safari/537.36"[39m
2025-10-23 21:37:04:374 [35mhttp[39m: [35m::1 - - [23/Oct/2025:18:37:04 +0000] "GET /api/v1/campaigns/featured HTTP/1.1" 304 - "http://localhost:3000/" "Mozilla/5.0 (Macintosh; Intel Mac OS X 10_15_7) AppleWebKit/537.36 (KHTML, like Gecko) Chrome/141.0.0.0 Safari/537.36"[39m
2025-10-23 21:37:04:374 [35mhttp[39m: [35m::1 - - [23/Oct/2025:18:37:04 +0000] "GET /api/v1/campaigns/trending HTTP/1.1" 304 - "http://localhost:3000/" "Mozilla/5.0 (Macintosh; Intel Mac OS X 10_15_7) AppleWebKit/537.36 (KHTML, like Gecko) Chrome/141.0.0.0 Safari/537.36"[39m
2025-10-23 21:37:04:374 [35mhttp[39m: [35m::1 - - [23/Oct/2025:18:37:04 +0000] "GET /api/v1/stats HTTP/1.1" 304 - "http://localhost:3000/" "Mozilla/5.0 (Macintosh; Intel Mac OS X 10_15_7) AppleWebKit/537.36 (KHTML, like Gecko) Chrome/141.0.0.0 Safari/537.36"[39m
2025-10-23 21:37:09:379 [33mwarn[39m: [33mClient Error Invalid id format[39m
2025-10-23 21:37:09:379 [35mhttp[39m: [35m::1 - - [23/Oct/2025:18:37:09 +0000] "GET /api/v1/campaigns/campaign-9 HTTP/1.1" 400 2679 "http://localhost:3000/" "Mozilla/5.0 (Macintosh; Intel Mac OS X 10_15_7) AppleWebKit/537.36 (KHTML, like Gecko) Chrome/141.0.0.0 Safari/537.36"[39m
2025-10-23 21:37:09:379 [33mwarn[39m: [33mClient Error Invalid id format[39m
2025-10-23 21:37:09:379 [35mhttp[39m: [35m::1 - - [23/Oct/2025:18:37:09 +0000] "GET /api/v1/campaigns/campaign-9/donations?page=1&limit=10 HTTP/1.1" 400 2705 "http://localhost:3000/" "Mozilla/5.0 (Macintosh; Intel Mac OS X 10_15_7) AppleWebKit/537.36 (KHTML, like Gecko) Chrome/141.0.0.0 Safari/537.36"[39m
2025-10-23 21:37:09:379 [33mwarn[39m: [33mClient Error Invalid id format[39m
2025-10-23 21:37:09:379 [35mhttp[39m: [35m::1 - - [23/Oct/2025:18:37:09 +0000] "GET /api/v1/campaigns/campaign-9 HTTP/1.1" 400 2679 "http://localhost:3000/" "Mozilla/5.0 (Macintosh; Intel Mac OS X 10_15_7) AppleWebKit/537.36 (KHTML, like Gecko) Chrome/141.0.0.0 Safari/537.36"[39m
2025-10-23 21:37:09:379 [33mwarn[39m: [33mClient Error Invalid id format[39m
2025-10-23 21:37:09:379 [35mhttp[39m: [35m::1 - - [23/Oct/2025:18:37:09 +0000] "GET /api/v1/campaigns/campaign-9/donations?page=1&limit=10 HTTP/1.1" 400 2705 "http://localhost:3000/" "Mozilla/5.0 (Macintosh; Intel Mac OS X 10_15_7) AppleWebKit/537.36 (KHTML, like Gecko) Chrome/141.0.0.0 Safari/537.36"[39m
2025-10-23 21:37:11:3711 [35mhttp[39m: [35m::1 - - [23/Oct/2025:18:37:11 +0000] "GET /api/v1/campaigns/featured HTTP/1.1" 304 - "http://localhost:3000/" "Mozilla/5.0 (Macintosh; Intel Mac OS X 10_15_7) AppleWebKit/537.36 (KHTML, like Gecko) Chrome/141.0.0.0 Safari/537.36"[39m
2025-10-23 21:37:11:3711 [35mhttp[39m: [35m::1 - - [23/Oct/2025:18:37:11 +0000] "GET /api/v1/campaigns/trending HTTP/1.1" 304 - "http://localhost:3000/" "Mozilla/5.0 (Macintosh; Intel Mac OS X 10_15_7) AppleWebKit/537.36 (KHTML, like Gecko) Chrome/141.0.0.0 Safari/537.36"[39m
2025-10-23 21:37:11:3711 [35mhttp[39m: [35m::1 - - [23/Oct/2025:18:37:11 +0000] "GET /api/v1/campaigns/featured HTTP/1.1" 304 - "http://localhost:3000/" "Mozilla/5.0 (Macintosh; Intel Mac OS X 10_15_7) AppleWebKit/537.36 (KHTML, like Gecko) Chrome/141.0.0.0 Safari/537.36"[39m
2025-10-23 21:37:11:3711 [35mhttp[39m: [35m::1 - - [23/Oct/2025:18:37:11 +0000] "GET /api/v1/campaigns/trending HTTP/1.1" 304 - "http://localhost:3000/" "Mozilla/5.0 (Macintosh; Intel Mac OS X 10_15_7) AppleWebKit/537.36 (KHTML, like Gecko) Chrome/141.0.0.0 Safari/537.36"[39m
2025-10-23 21:37:11:3711 [35mhttp[39m: [35m::1 - - [23/Oct/2025:18:37:11 +0000] "GET /api/v1/stats HTTP/1.1" 304 - "http://localhost:3000/" "Mozilla/5.0 (Macintosh; Intel Mac OS X 10_15_7) AppleWebKit/537.36 (KHTML, like Gecko) Chrome/141.0.0.0 Safari/537.36"[39m
2025-10-23 21:37:11:3711 [35mhttp[39m: [35m::1 - - [23/Oct/2025:18:37:11 +0000] "GET /api/v1/stats HTTP/1.1" 304 - "http://localhost:3000/" "Mozilla/5.0 (Macintosh; Intel Mac OS X 10_15_7) AppleWebKit/537.36 (KHTML, like Gecko) Chrome/141.0.0.0 Safari/537.36"[39m
2025-10-23 21:37:12:3712 [33mwarn[39m: [33mClient Error Invalid id format[39m
2025-10-23 21:37:12:3712 [35mhttp[39m: [35m::1 - - [23/Oct/2025:18:37:12 +0000] "GET /api/v1/campaigns/campaign-2 HTTP/1.1" 400 2679 "http://localhost:3000/" "Mozilla/5.0 (Macintosh; Intel Mac OS X 10_15_7) AppleWebKit/537.36 (KHTML, like Gecko) Chrome/141.0.0.0 Safari/537.36"[39m
2025-10-23 21:37:12:3712 [33mwarn[39m: [33mClient Error Invalid id format[39m
2025-10-23 21:37:12:3712 [35mhttp[39m: [35m::1 - - [23/Oct/2025:18:37:12 +0000] "GET /api/v1/campaigns/campaign-2/donations?page=1&limit=10 HTTP/1.1" 400 2705 "http://localhost:3000/" "Mozilla/5.0 (Macintosh; Intel Mac OS X 10_15_7) AppleWebKit/537.36 (KHTML, like Gecko) Chrome/141.0.0.0 Safari/537.36"[39m
2025-10-23 21:37:12:3712 [33mwarn[39m: [33mClient Error Invalid id format[39m
2025-10-23 21:37:12:3712 [35mhttp[39m: [35m::1 - - [23/Oct/2025:18:37:12 +0000] "GET /api/v1/campaigns/campaign-2 HTTP/1.1" 400 2679 "http://localhost:3000/" "Mozilla/5.0 (Macintosh; Intel Mac OS X 10_15_7) AppleWebKit/537.36 (KHTML, like Gecko) Chrome/141.0.0.0 Safari/537.36"[39m
2025-10-23 21:37:12:3712 [33mwarn[39m: [33mClient Error Invalid id format[39m
2025-10-23 21:37:12:3712 [35mhttp[39m: [35m::1 - - [23/Oct/2025:18:37:12 +0000] "GET /api/v1/campaigns/campaign-2/donations?page=1&limit=10 HTTP/1.1" 400 2705 "http://localhost:3000/" "Mozilla/5.0 (Macintosh; Intel Mac OS X 10_15_7) AppleWebKit/537.36 (KHTML, like Gecko) Chrome/141.0.0.0 Safari/537.36"[39m
2025-10-23 21:37:14:3714 [35mhttp[39m: [35m::1 - - [23/Oct/2025:18:37:14 +0000] "GET /api/v1/campaigns/trending HTTP/1.1" 304 - "http://localhost:3000/" "Mozilla/5.0 (Macintosh; Intel Mac OS X 10_15_7) AppleWebKit/537.36 (KHTML, like Gecko) Chrome/141.0.0.0 Safari/537.36"[39m
2025-10-23 21:37:14:3714 [35mhttp[39m: [35m::1 - - [23/Oct/2025:18:37:14 +0000] "GET /api/v1/campaigns/featured HTTP/1.1" 304 - "http://localhost:3000/" "Mozilla/5.0 (Macintosh; Intel Mac OS X 10_15_7) AppleWebKit/537.36 (KHTML, like Gecko) Chrome/141.0.0.0 Safari/537.36"[39m
2025-10-23 21:37:14:3714 [35mhttp[39m: [35m::1 - - [23/Oct/2025:18:37:14 +0000] "GET /api/v1/stats HTTP/1.1" 304 - "http://localhost:3000/" "Mozilla/5.0 (Macintosh; Intel Mac OS X 10_15_7) AppleWebKit/537.36 (KHTML, like Gecko) Chrome/141.0.0.0 Safari/537.36"[39m
2025-10-23 21:37:14:3714 [35mhttp[39m: [35m::1 - - [23/Oct/2025:18:37:14 +0000] "GET /api/v1/campaigns/trending HTTP/1.1" 304 - "http://localhost:3000/" "Mozilla/5.0 (Macintosh; Intel Mac OS X 10_15_7) AppleWebKit/537.36 (KHTML, like Gecko) Chrome/141.0.0.0 Safari/537.36"[39m
2025-10-23 21:37:14:3714 [35mhttp[39m: [35m::1 - - [23/Oct/2025:18:37:14 +0000] "GET /api/v1/campaigns/featured HTTP/1.1" 304 - "http://localhost:3000/" "Mozilla/5.0 (Macintosh; Intel Mac OS X 10_15_7) AppleWebKit/537.36 (KHTML, like Gecko) Chrome/141.0.0.0 Safari/537.36"[39m
2025-10-23 21:37:14:3714 [35mhttp[39m: [35m::1 - - [23/Oct/2025:18:37:14 +0000] "GET /api/v1/stats HTTP/1.1" 304 - "http://localhost:3000/" "Mozilla/5.0 (Macintosh; Intel Mac OS X 10_15_7) AppleWebKit/537.36 (KHTML, like Gecko) Chrome/141.0.0.0 Safari/537.36"[39m
2025-10-23 21:37:16:3716 [33mwarn[39m: [33mClient Error Invalid id format[39m
2025-10-23 21:37:16:3716 [35mhttp[39m: [35m::1 - - [23/Oct/2025:18:37:16 +0000] "GET /api/v1/campaigns/campaign-7 HTTP/1.1" 400 2679 "http://localhost:3000/" "Mozilla/5.0 (Macintosh; Intel Mac OS X 10_15_7) AppleWebKit/537.36 (KHTML, like Gecko) Chrome/141.0.0.0 Safari/537.36"[39m
2025-10-23 21:37:16:3716 [33mwarn[39m: [33mClient Error Invalid id format[39m
2025-10-23 21:37:16:3716 [35mhttp[39m: [35m::1 - - [23/Oct/2025:18:37:16 +0000] "GET /api/v1/campaigns/campaign-7/donations?page=1&limit=10 HTTP/1.1" 400 2705 "http://localhost:3000/" "Mozilla/5.0 (Macintosh; Intel Mac OS X 10_15_7) AppleWebKit/537.36 (KHTML, like Gecko) Chrome/141.0.0.0 Safari/537.36"[39m
2025-10-23 21:37:16:3716 [33mwarn[39m: [33mClient Error Invalid id format[39m
2025-10-23 21:37:16:3716 [35mhttp[39m: [35m::1 - - [23/Oct/2025:18:37:16 +0000] "GET /api/v1/campaigns/campaign-7 HTTP/1.1" 400 2679 "http://localhost:3000/" "Mozilla/5.0 (Macintosh; Intel Mac OS X 10_15_7) AppleWebKit/537.36 (KHTML, like Gecko) Chrome/141.0.0.0 Safari/537.36"[39m
2025-10-23 21:37:16:3716 [33mwarn[39m: [33mClient Error Invalid id format[39m
2025-10-23 21:37:16:3716 [35mhttp[39m: [35m::1 - - [23/Oct/2025:18:37:16 +0000] "GET /api/v1/campaigns/campaign-7/donations?page=1&limit=10 HTTP/1.1" 400 2705 "http://localhost:3000/" "Mozilla/5.0 (Macintosh; Intel Mac OS X 10_15_7) AppleWebKit/537.36 (KHTML, like Gecko) Chrome/141.0.0.0 Safari/537.36"[39m
2025-10-23 21:37:32:3732 [35mhttp[39m: [35m::1 - - [23/Oct/2025:18:37:32 +0000] "GET /api/v1/campaigns/featured HTTP/1.1" 200 4278 "http://localhost:3000/" "Mozilla/5.0 (Macintosh; Intel Mac OS X 10_15_7) AppleWebKit/537.36 (KHTML, like Gecko) Chrome/141.0.0.0 Safari/537.36"[39m
2025-10-23 21:37:32:3732 [35mhttp[39m: [35m::1 - - [23/Oct/2025:18:37:32 +0000] "GET /api/v1/campaigns/trending HTTP/1.1" 200 5812 "http://localhost:3000/" "Mozilla/5.0 (Macintosh; Intel Mac OS X 10_15_7) AppleWebKit/537.36 (KHTML, like Gecko) Chrome/141.0.0.0 Safari/537.36"[39m
2025-10-23 21:37:32:3732 [35mhttp[39m: [35m::1 - - [23/Oct/2025:18:37:32 +0000] "GET /api/v1/stats HTTP/1.1" 200 120 "http://localhost:3000/" "Mozilla/5.0 (Macintosh; Intel Mac OS X 10_15_7) AppleWebKit/537.36 (KHTML, like Gecko) Chrome/141.0.0.0 Safari/537.36"[39m
2025-10-23 21:37:32:3732 [35mhttp[39m: [35m::1 - - [23/Oct/2025:18:37:32 +0000] "GET /api/v1/campaigns/featured HTTP/1.1" 304 - "http://localhost:3000/" "Mozilla/5.0 (Macintosh; Intel Mac OS X 10_15_7) AppleWebKit/537.36 (KHTML, like Gecko) Chrome/141.0.0.0 Safari/537.36"[39m
2025-10-23 21:37:32:3732 [35mhttp[39m: [35m::1 - - [23/Oct/2025:18:37:32 +0000] "GET /api/v1/campaigns/trending HTTP/1.1" 304 - "http://localhost:3000/" "Mozilla/5.0 (Macintosh; Intel Mac OS X 10_15_7) AppleWebKit/537.36 (KHTML, like Gecko) Chrome/141.0.0.0 Safari/537.36"[39m
2025-10-23 21:37:32:3732 [35mhttp[39m: [35m::1 - - [23/Oct/2025:18:37:32 +0000] "GET /api/v1/stats HTTP/1.1" 304 - "http://localhost:3000/" "Mozilla/5.0 (Macintosh; Intel Mac OS X 10_15_7) AppleWebKit/537.36 (KHTML, like Gecko) Chrome/141.0.0.0 Safari/537.36"[39m
2025-10-23 21:37:43:3743 [33mwarn[39m: [33mClient Error Invalid id format[39m
2025-10-23 21:37:43:3743 [35mhttp[39m: [35m::1 - - [23/Oct/2025:18:37:43 +0000] "GET /api/v1/campaigns/campaign-9 HTTP/1.1" 400 2679 "http://localhost:3000/" "Mozilla/5.0 (Macintosh; Intel Mac OS X 10_15_7) AppleWebKit/537.36 (KHTML, like Gecko) Chrome/141.0.0.0 Safari/537.36"[39m
2025-10-23 21:37:43:3743 [33mwarn[39m: [33mClient Error Invalid id format[39m
2025-10-23 21:37:43:3743 [35mhttp[39m: [35m::1 - - [23/Oct/2025:18:37:43 +0000] "GET /api/v1/campaigns/campaign-9/donations?page=1&limit=10 HTTP/1.1" 400 2705 "http://localhost:3000/" "Mozilla/5.0 (Macintosh; Intel Mac OS X 10_15_7) AppleWebKit/537.36 (KHTML, like Gecko) Chrome/141.0.0.0 Safari/537.36"[39m
2025-10-23 21:37:43:3743 [33mwarn[39m: [33mClient Error Invalid id format[39m
2025-10-23 21:37:43:3743 [35mhttp[39m: [35m::1 - - [23/Oct/2025:18:37:43 +0000] "GET /api/v1/campaigns/campaign-9 HTTP/1.1" 400 2679 "http://localhost:3000/" "Mozilla/5.0 (Macintosh; Intel Mac OS X 10_15_7) AppleWebKit/537.36 (KHTML, like Gecko) Chrome/141.0.0.0 Safari/537.36"[39m
2025-10-23 21:37:43:3743 [33mwarn[39m: [33mClient Error Invalid id format[39m
2025-10-23 21:37:43:3743 [35mhttp[39m: [35m::1 - - [23/Oct/2025:18:37:43 +0000] "GET /api/v1/campaigns/campaign-9/donations?page=1&limit=10 HTTP/1.1" 400 2705 "http://localhost:3000/" "Mozilla/5.0 (Macintosh; Intel Mac OS X 10_15_7) AppleWebKit/537.36 (KHTML, like Gecko) Chrome/141.0.0.0 Safari/537.36"[39m
2025-10-23 21:37:46:3746 [35mhttp[39m: [35m::1 - - [23/Oct/2025:18:37:46 +0000] "GET /api/v1/campaigns/featured HTTP/1.1" 304 - "http://localhost:3000/" "Mozilla/5.0 (Macintosh; Intel Mac OS X 10_15_7) AppleWebKit/537.36 (KHTML, like Gecko) Chrome/141.0.0.0 Safari/537.36"[39m
2025-10-23 21:37:46:3746 [35mhttp[39m: [35m::1 - - [23/Oct/2025:18:37:46 +0000] "GET /api/v1/campaigns/trending HTTP/1.1" 304 - "http://localhost:3000/" "Mozilla/5.0 (Macintosh; Intel Mac OS X 10_15_7) AppleWebKit/537.36 (KHTML, like Gecko) Chrome/141.0.0.0 Safari/537.36"[39m
2025-10-23 21:37:46:3746 [35mhttp[39m: [35m::1 - - [23/Oct/2025:18:37:46 +0000] "GET /api/v1/stats HTTP/1.1" 304 - "http://localhost:3000/" "Mozilla/5.0 (Macintosh; Intel Mac OS X 10_15_7) AppleWebKit/537.36 (KHTML, like Gecko) Chrome/141.0.0.0 Safari/537.36"[39m
2025-10-23 21:37:46:3746 [35mhttp[39m: [35m::1 - - [23/Oct/2025:18:37:46 +0000] "GET /api/v1/campaigns/featured HTTP/1.1" 304 - "http://localhost:3000/" "Mozilla/5.0 (Macintosh; Intel Mac OS X 10_15_7) AppleWebKit/537.36 (KHTML, like Gecko) Chrome/141.0.0.0 Safari/537.36"[39m
2025-10-23 21:37:46:3746 [35mhttp[39m: [35m::1 - - [23/Oct/2025:18:37:46 +0000] "GET /api/v1/campaigns/trending HTTP/1.1" 304 - "http://localhost:3000/" "Mozilla/5.0 (Macintosh; Intel Mac OS X 10_15_7) AppleWebKit/537.36 (KHTML, like Gecko) Chrome/141.0.0.0 Safari/537.36"[39m
2025-10-23 21:37:46:3746 [35mhttp[39m: [35m::1 - - [23/Oct/2025:18:37:46 +0000] "GET /api/v1/stats HTTP/1.1" 304 - "http://localhost:3000/" "Mozilla/5.0 (Macintosh; Intel Mac OS X 10_15_7) AppleWebKit/537.36 (KHTML, like Gecko) Chrome/141.0.0.0 Safari/537.36"[39m
2025-10-23 21:38:06:386 [35mhttp[39m: [35m::1 - - [23/Oct/2025:18:38:06 +0000] "GET /api/v1/campaigns/featured HTTP/1.1" 304 - "http://localhost:3000/" "Mozilla/5.0 (Macintosh; Intel Mac OS X 10_15_7) AppleWebKit/537.36 (KHTML, like Gecko) Chrome/141.0.0.0 Safari/537.36"[39m
2025-10-23 21:38:06:386 [35mhttp[39m: [35m::1 - - [23/Oct/2025:18:38:06 +0000] "GET /api/v1/campaigns/trending HTTP/1.1" 304 - "http://localhost:3000/" "Mozilla/5.0 (Macintosh; Intel Mac OS X 10_15_7) AppleWebKit/537.36 (KHTML, like Gecko) Chrome/141.0.0.0 Safari/537.36"[39m
2025-10-23 21:38:06:386 [35mhttp[39m: [35m::1 - - [23/Oct/2025:18:38:06 +0000] "GET /api/v1/campaigns/featured HTTP/1.1" 304 - "http://localhost:3000/" "Mozilla/5.0 (Macintosh; Intel Mac OS X 10_15_7) AppleWebKit/537.36 (KHTML, like Gecko) Chrome/141.0.0.0 Safari/537.36"[39m
2025-10-23 21:38:06:386 [35mhttp[39m: [35m::1 - - [23/Oct/2025:18:38:06 +0000] "GET /api/v1/campaigns/trending HTTP/1.1" 304 - "http://localhost:3000/" "Mozilla/5.0 (Macintosh; Intel Mac OS X 10_15_7) AppleWebKit/537.36 (KHTML, like Gecko) Chrome/141.0.0.0 Safari/537.36"[39m
2025-10-23 21:38:06:386 [35mhttp[39m: [35m::1 - - [23/Oct/2025:18:38:06 +0000] "GET /api/v1/stats HTTP/1.1" 304 - "http://localhost:3000/" "Mozilla/5.0 (Macintosh; Intel Mac OS X 10_15_7) AppleWebKit/537.36 (KHTML, like Gecko) Chrome/141.0.0.0 Safari/537.36"[39m
2025-10-23 21:38:06:386 [35mhttp[39m: [35m::1 - - [23/Oct/2025:18:38:06 +0000] "GET /api/v1/stats HTTP/1.1" 304 - "http://localhost:3000/" "Mozilla/5.0 (Macintosh; Intel Mac OS X 10_15_7) AppleWebKit/537.36 (KHTML, like Gecko) Chrome/141.0.0.0 Safari/537.36"[39m
2025-10-23 21:39:03:393 [35mhttp[39m: [35m::1 - - [23/Oct/2025:18:39:03 +0000] "GET /api/v1/campaigns/trending HTTP/1.1" 200 5812 "-" "curl/8.7.1"[39m
2025-10-23 21:39:11:3911 [35mhttp[39m: [35m::1 - - [23/Oct/2025:18:39:11 +0000] "GET /api/v1/campaigns/trending HTTP/1.1" 200 5812 "-" "curl/8.7.1"[39m
2025-10-23 21:39:21:3921 [32minfo[39m: [32mApplication started[39m
2025-10-23 21:39:24:3924 [35mhttp[39m: [35m::1 - - [23/Oct/2025:18:39:24 +0000] "GET /api/v1/campaigns/trending HTTP/1.1" 200 4404 "-" "curl/8.7.1"[39m
2025-10-23 21:39:27:3927 [35mhttp[39m: [35m::1 - - [23/Oct/2025:18:39:27 +0000] "GET /api/v1/campaigns/550e8400-e29b-41d4-a716-446655440007/donations?page=1&limit=10 HTTP/1.1" 200 91 "-" "curl/8.7.1"[39m
2025-10-23 21:40:03:403 [32minfo[39m: [32mApplication started[39m
2025-10-23 21:40:14:4014 [35mhttp[39m: [35m::1 - - [23/Oct/2025:18:40:14 +0000] "GET /api/v1/stats HTTP/1.1" 200 120 "http://localhost:3000/" "Mozilla/5.0 (Macintosh; Intel Mac OS X 10_15_7) AppleWebKit/537.36 (KHTML, like Gecko) Chrome/141.0.0.0 Safari/537.36"[39m
2025-10-23 21:40:14:4014 [35mhttp[39m: [35m::1 - - [23/Oct/2025:18:40:14 +0000] "GET /api/v1/stats HTTP/1.1" 304 - "http://localhost:3000/" "Mozilla/5.0 (Macintosh; Intel Mac OS X 10_15_7) AppleWebKit/537.36 (KHTML, like Gecko) Chrome/141.0.0.0 Safari/537.36"[39m
2025-10-23 21:40:14:4014 [35mhttp[39m: [35m::1 - - [23/Oct/2025:18:40:14 +0000] "GET /api/v1/campaigns/trending HTTP/1.1" 200 4404 "http://localhost:3000/" "Mozilla/5.0 (Macintosh; Intel Mac OS X 10_15_7) AppleWebKit/537.36 (KHTML, like Gecko) Chrome/141.0.0.0 Safari/537.36"[39m
2025-10-23 21:40:14:4014 [35mhttp[39m: [35m::1 - - [23/Oct/2025:18:40:14 +0000] "GET /api/v1/campaigns/featured HTTP/1.1" 200 4278 "http://localhost:3000/" "Mozilla/5.0 (Macintosh; Intel Mac OS X 10_15_7) AppleWebKit/537.36 (KHTML, like Gecko) Chrome/141.0.0.0 Safari/537.36"[39m
2025-10-23 21:40:14:4014 [35mhttp[39m: [35m::1 - - [23/Oct/2025:18:40:14 +0000] "GET /api/v1/campaigns/trending HTTP/1.1" 304 - "http://localhost:3000/" "Mozilla/5.0 (Macintosh; Intel Mac OS X 10_15_7) AppleWebKit/537.36 (KHTML, like Gecko) Chrome/141.0.0.0 Safari/537.36"[39m
2025-10-23 21:40:14:4014 [35mhttp[39m: [35m::1 - - [23/Oct/2025:18:40:14 +0000] "GET /api/v1/campaigns/featured HTTP/1.1" 304 - "http://localhost:3000/" "Mozilla/5.0 (Macintosh; Intel Mac OS X 10_15_7) AppleWebKit/537.36 (KHTML, like Gecko) Chrome/141.0.0.0 Safari/537.36"[39m
2025-10-23 21:40:25:4025 [35mhttp[39m: [35m::1 - - [23/Oct/2025:18:40:25 +0000] "GET /api/v1/campaigns/550e8400-e29b-41d4-a716-446655440007 HTTP/1.1" 200 871 "http://localhost:3000/" "Mozilla/5.0 (Macintosh; Intel Mac OS X 10_15_7) AppleWebKit/537.36 (KHTML, like Gecko) Chrome/141.0.0.0 Safari/537.36"[39m
2025-10-23 21:40:25:4025 [35mhttp[39m: [35m::1 - - [23/Oct/2025:18:40:25 +0000] "GET /api/v1/campaigns/550e8400-e29b-41d4-a716-446655440007 HTTP/1.1" 304 - "http://localhost:3000/" "Mozilla/5.0 (Macintosh; Intel Mac OS X 10_15_7) AppleWebKit/537.36 (KHTML, like Gecko) Chrome/141.0.0.0 Safari/537.36"[39m
2025-10-23 21:40:25:4025 [35mhttp[39m: [35m::1 - - [23/Oct/2025:18:40:25 +0000] "GET /api/v1/campaigns/550e8400-e29b-41d4-a716-446655440007/donations?page=1&limit=10 HTTP/1.1" 200 91 "http://localhost:3000/" "Mozilla/5.0 (Macintosh; Intel Mac OS X 10_15_7) AppleWebKit/537.36 (KHTML, like Gecko) Chrome/141.0.0.0 Safari/537.36"[39m
2025-10-23 21:40:25:4025 [35mhttp[39m: [35m::1 - - [23/Oct/2025:18:40:25 +0000] "GET /api/v1/campaigns/550e8400-e29b-41d4-a716-446655440007/donations?page=1&limit=10 HTTP/1.1" 304 - "http://localhost:3000/" "Mozilla/5.0 (Macintosh; Intel Mac OS X 10_15_7) AppleWebKit/537.36 (KHTML, like Gecko) Chrome/141.0.0.0 Safari/537.36"[39m
2025-10-23 21:40:33:4033 [35mhttp[39m: [35m::1 - - [23/Oct/2025:18:40:33 +0000] "POST /api/v1/auth/login HTTP/1.1" 200 387 "http://localhost:3000/" "Mozilla/5.0 (Macintosh; Intel Mac OS X 10_15_7) AppleWebKit/537.36 (KHTML, like Gecko) Chrome/141.0.0.0 Safari/537.36"[39m
2025-10-23 21:40:35:4035 [35mhttp[39m: [35m::1 - - [23/Oct/2025:18:40:35 +0000] "GET /api/v1/campaigns?category=&status=ACTIVE&search=&page=1&limit=12 HTTP/1.1" 200 8109 "http://localhost:3000/" "Mozilla/5.0 (Macintosh; Intel Mac OS X 10_15_7) AppleWebKit/537.36 (KHTML, like Gecko) Chrome/141.0.0.0 Safari/537.36"[39m
2025-10-23 21:40:35:4035 [35mhttp[39m: [35m::1 - - [23/Oct/2025:18:40:35 +0000] "GET /api/v1/campaigns/featured HTTP/1.1" 304 - "http://localhost:3000/" "Mozilla/5.0 (Macintosh; Intel Mac OS X 10_15_7) AppleWebKit/537.36 (KHTML, like Gecko) Chrome/141.0.0.0 Safari/537.36"[39m
2025-10-23 21:40:35:4035 [35mhttp[39m: [35m::1 - - [23/Oct/2025:18:40:35 +0000] "GET /api/v1/campaigns?category=&status=ACTIVE&search=&page=1&limit=12 HTTP/1.1" 304 - "http://localhost:3000/" "Mozilla/5.0 (Macintosh; Intel Mac OS X 10_15_7) AppleWebKit/537.36 (KHTML, like Gecko) Chrome/141.0.0.0 Safari/537.36"[39m
2025-10-23 21:40:35:4035 [35mhttp[39m: [35m::1 - - [23/Oct/2025:18:40:35 +0000] "GET /api/v1/campaigns/featured HTTP/1.1" 304 - "http://localhost:3000/" "Mozilla/5.0 (Macintosh; Intel Mac OS X 10_15_7) AppleWebKit/537.36 (KHTML, like Gecko) Chrome/141.0.0.0 Safari/537.36"[39m
2025-10-23 21:40:36:4036 [35mhttp[39m: [35m::1 - - [23/Oct/2025:18:40:36 +0000] "GET /api/v1/campaigns/550e8400-e29b-41d4-a716-446655440007/donations?page=1&limit=10 HTTP/1.1" 304 - "http://localhost:3000/" "Mozilla/5.0 (Macintosh; Intel Mac OS X 10_15_7) AppleWebKit/537.36 (KHTML, like Gecko) Chrome/141.0.0.0 Safari/537.36"[39m
2025-10-23 21:40:36:4036 [35mhttp[39m: [35m::1 - - [23/Oct/2025:18:40:36 +0000] "GET /api/v1/campaigns/550e8400-e29b-41d4-a716-446655440007/donations?page=1&limit=10 HTTP/1.1" 304 - "http://localhost:3000/" "Mozilla/5.0 (Macintosh; Intel Mac OS X 10_15_7) AppleWebKit/537.36 (KHTML, like Gecko) Chrome/141.0.0.0 Safari/537.36"[39m
2025-10-23 21:40:36:4036 [35mhttp[39m: [35m::1 - - [23/Oct/2025:18:40:36 +0000] "GET /api/v1/campaigns/550e8400-e29b-41d4-a716-446655440007 HTTP/1.1" 304 - "http://localhost:3000/" "Mozilla/5.0 (Macintosh; Intel Mac OS X 10_15_7) AppleWebKit/537.36 (KHTML, like Gecko) Chrome/141.0.0.0 Safari/537.36"[39m
2025-10-23 21:40:36:4036 [35mhttp[39m: [35m::1 - - [23/Oct/2025:18:40:36 +0000] "GET /api/v1/campaigns/550e8400-e29b-41d4-a716-446655440007 HTTP/1.1" 304 - "http://localhost:3000/" "Mozilla/5.0 (Macintosh; Intel Mac OS X 10_15_7) AppleWebKit/537.36 (KHTML, like Gecko) Chrome/141.0.0.0 Safari/537.36"[39m
2025-10-23 21:40:43:4043 [35mhttp[39m: [35m::1 - - [23/Oct/2025:18:40:43 +0000] "POST /api/v1/campaigns/550e8400-e29b-41d4-a716-446655440007/donations HTTP/1.1" 201 1222 "http://localhost:3000/" "Mozilla/5.0 (Macintosh; Intel Mac OS X 10_15_7) AppleWebKit/537.36 (KHTML, like Gecko) Chrome/141.0.0.0 Safari/537.36"[39m
2025-10-23 21:40:43:4043 [35mhttp[39m: [35m::1 - - [23/Oct/2025:18:40:43 +0000] "GET /api/v1/campaigns/550e8400-e29b-41d4-a716-446655440007 HTTP/1.1" 200 1256 "http://localhost:3000/" "Mozilla/5.0 (Macintosh; Intel Mac OS X 10_15_7) AppleWebKit/537.36 (KHTML, like Gecko) Chrome/141.0.0.0 Safari/537.36"[39m
2025-10-23 21:40:43:4043 [35mhttp[39m: [35m::1 - - [23/Oct/2025:18:40:43 +0000] "GET /api/v1/campaigns/550e8400-e29b-41d4-a716-446655440007/donations?page=1&limit=10 HTTP/1.1" 200 474 "http://localhost:3000/" "Mozilla/5.0 (Macintosh; Intel Mac OS X 10_15_7) AppleWebKit/537.36 (KHTML, like Gecko) Chrome/141.0.0.0 Safari/537.36"[39m
2025-10-23 21:40:55:4055 [35mhttp[39m: [35m::1 - - [23/Oct/2025:18:40:55 +0000] "POST /api/v1/campaigns/550e8400-e29b-41d4-a716-446655440007/donations HTTP/1.1" 201 1217 "http://localhost:3000/" "Mozilla/5.0 (Macintosh; Intel Mac OS X 10_15_7) AppleWebKit/537.36 (KHTML, like Gecko) Chrome/141.0.0.0 Safari/537.36"[39m
2025-10-23 21:40:55:4055 [35mhttp[39m: [35m::1 - - [23/Oct/2025:18:40:55 +0000] "GET /api/v1/campaigns/550e8400-e29b-41d4-a716-446655440007 HTTP/1.1" 200 1638 "http://localhost:3000/" "Mozilla/5.0 (Macintosh; Intel Mac OS X 10_15_7) AppleWebKit/537.36 (KHTML, like Gecko) Chrome/141.0.0.0 Safari/537.36"[39m
2025-10-23 21:40:55:4055 [35mhttp[39m: [35m::1 - - [23/Oct/2025:18:40:55 +0000] "GET /api/v1/campaigns/550e8400-e29b-41d4-a716-446655440007/donations?page=1&limit=10 HTTP/1.1" 200 853 "http://localhost:3000/" "Mozilla/5.0 (Macintosh; Intel Mac OS X 10_15_7) AppleWebKit/537.36 (KHTML, like Gecko) Chrome/141.0.0.0 Safari/537.36"[39m
2025-10-23 21:41:02:412 [35mhttp[39m: [35m::1 - - [23/Oct/2025:18:41:02 +0000] "GET /api/v1/campaigns/550e8400-e29b-41d4-a716-446655440007/donations?page=1&limit=10 HTTP/1.1" 304 - "http://localhost:3000/" "Mozilla/5.0 (Macintosh; Intel Mac OS X 10_15_7) AppleWebKit/537.36 (KHTML, like Gecko) Chrome/141.0.0.0 Safari/537.36"[39m
2025-10-23 21:41:02:412 [35mhttp[39m: [35m::1 - - [23/Oct/2025:18:41:02 +0000] "GET /api/v1/campaigns/550e8400-e29b-41d4-a716-446655440007/donations?page=1&limit=10 HTTP/1.1" 304 - "http://localhost:3000/" "Mozilla/5.0 (Macintosh; Intel Mac OS X 10_15_7) AppleWebKit/537.36 (KHTML, like Gecko) Chrome/141.0.0.0 Safari/537.36"[39m
2025-10-23 21:41:02:412 [35mhttp[39m: [35m::1 - - [23/Oct/2025:18:41:02 +0000] "GET /api/v1/campaigns/550e8400-e29b-41d4-a716-446655440007 HTTP/1.1" 304 - "http://localhost:3000/" "Mozilla/5.0 (Macintosh; Intel Mac OS X 10_15_7) AppleWebKit/537.36 (KHTML, like Gecko) Chrome/141.0.0.0 Safari/537.36"[39m
2025-10-23 21:41:02:412 [35mhttp[39m: [35m::1 - - [23/Oct/2025:18:41:02 +0000] "GET /api/v1/campaigns/550e8400-e29b-41d4-a716-446655440007 HTTP/1.1" 304 - "http://localhost:3000/" "Mozilla/5.0 (Macintosh; Intel Mac OS X 10_15_7) AppleWebKit/537.36 (KHTML, like Gecko) Chrome/141.0.0.0 Safari/537.36"[39m
2025-10-23 21:41:02:412 [35mhttp[39m: [35m::1 - - [23/Oct/2025:18:41:02 +0000] "GET /api/v1/users/profile HTTP/1.1" 200 315 "http://localhost:3000/" "Mozilla/5.0 (Macintosh; Intel Mac OS X 10_15_7) AppleWebKit/537.36 (KHTML, like Gecko) Chrome/141.0.0.0 Safari/537.36"[39m
2025-10-23 21:41:02:412 [35mhttp[39m: [35m::1 - - [23/Oct/2025:18:41:02 +0000] "GET /api/v1/users/profile HTTP/1.1" 304 - "http://localhost:3000/" "Mozilla/5.0 (Macintosh; Intel Mac OS X 10_15_7) AppleWebKit/537.36 (KHTML, like Gecko) Chrome/141.0.0.0 Safari/537.36"[39m
2025-10-23 21:41:06:416 [35mhttp[39m: [35m::1 - - [23/Oct/2025:18:41:06 +0000] "GET /api/v1/campaigns/featured HTTP/1.1" 200 3574 "http://localhost:3000/" "Mozilla/5.0 (Macintosh; Intel Mac OS X 10_15_7) AppleWebKit/537.36 (KHTML, like Gecko) Chrome/141.0.0.0 Safari/537.36"[39m
2025-10-23 21:41:06:416 [35mhttp[39m: [35m::1 - - [23/Oct/2025:18:41:06 +0000] "GET /api/v1/campaigns/trending HTTP/1.1" 200 3679 "http://localhost:3000/" "Mozilla/5.0 (Macintosh; Intel Mac OS X 10_15_7) AppleWebKit/537.36 (KHTML, like Gecko) Chrome/141.0.0.0 Safari/537.36"[39m
2025-10-23 21:41:06:416 [35mhttp[39m: [35m::1 - - [23/Oct/2025:18:41:06 +0000] "GET /api/v1/campaigns/featured HTTP/1.1" 304 - "http://localhost:3000/" "Mozilla/5.0 (Macintosh; Intel Mac OS X 10_15_7) AppleWebKit/537.36 (KHTML, like Gecko) Chrome/141.0.0.0 Safari/537.36"[39m
2025-10-23 21:41:06:416 [35mhttp[39m: [35m::1 - - [23/Oct/2025:18:41:06 +0000] "GET /api/v1/campaigns/trending HTTP/1.1" 304 - "http://localhost:3000/" "Mozilla/5.0 (Macintosh; Intel Mac OS X 10_15_7) AppleWebKit/537.36 (KHTML, like Gecko) Chrome/141.0.0.0 Safari/537.36"[39m
2025-10-23 21:41:06:416 [35mhttp[39m: [35m::1 - - [23/Oct/2025:18:41:06 +0000] "GET /api/v1/stats HTTP/1.1" 200 120 "http://localhost:3000/" "Mozilla/5.0 (Macintosh; Intel Mac OS X 10_15_7) AppleWebKit/537.36 (KHTML, like Gecko) Chrome/141.0.0.0 Safari/537.36"[39m
2025-10-23 21:41:06:416 [35mhttp[39m: [35m::1 - - [23/Oct/2025:18:41:06 +0000] "GET /api/v1/stats HTTP/1.1" 304 - "http://localhost:3000/" "Mozilla/5.0 (Macintosh; Intel Mac OS X 10_15_7) AppleWebKit/537.36 (KHTML, like Gecko) Chrome/141.0.0.0 Safari/537.36"[39m
2025-10-23 21:41:15:4115 [35mhttp[39m: [35m::1 - - [23/Oct/2025:18:41:15 +0000] "GET /api/v1/campaigns?category=&status=ACTIVE&search=&page=1&limit=12 HTTP/1.1" 200 8081 "http://localhost:3000/" "Mozilla/5.0 (Macintosh; Intel Mac OS X 10_15_7) AppleWebKit/537.36 (KHTML, like Gecko) Chrome/141.0.0.0 Safari/537.36"[39m
2025-10-23 21:41:15:4115 [35mhttp[39m: [35m::1 - - [23/Oct/2025:18:41:15 +0000] "GET /api/v1/campaigns/featured HTTP/1.1" 304 - "http://localhost:3000/" "Mozilla/5.0 (Macintosh; Intel Mac OS X 10_15_7) AppleWebKit/537.36 (KHTML, like Gecko) Chrome/141.0.0.0 Safari/537.36"[39m
2025-10-23 21:41:15:4115 [35mhttp[39m: [35m::1 - - [23/Oct/2025:18:41:15 +0000] "GET /api/v1/campaigns?category=&status=ACTIVE&search=&page=1&limit=12 HTTP/1.1" 304 - "http://localhost:3000/" "Mozilla/5.0 (Macintosh; Intel Mac OS X 10_15_7) AppleWebKit/537.36 (KHTML, like Gecko) Chrome/141.0.0.0 Safari/537.36"[39m
2025-10-23 21:41:15:4115 [35mhttp[39m: [35m::1 - - [23/Oct/2025:18:41:15 +0000] "GET /api/v1/campaigns/featured HTTP/1.1" 304 - "http://localhost:3000/" "Mozilla/5.0 (Macintosh; Intel Mac OS X 10_15_7) AppleWebKit/537.36 (KHTML, like Gecko) Chrome/141.0.0.0 Safari/537.36"[39m
2025-10-23 21:41:23:4123 [35mhttp[39m: [35m::1 - - [23/Oct/2025:18:41:23 +0000] "GET /api/v1/campaigns?category=&status=ACTIVE&search=adven&page=1&limit=12 HTTP/1.1" 200 2034 "http://localhost:3000/" "Mozilla/5.0 (Macintosh; Intel Mac OS X 10_15_7) AppleWebKit/537.36 (KHTML, like Gecko) Chrome/141.0.0.0 Safari/537.36"[39m
2025-10-23 21:41:27:4127 [33mwarn[39m: [33mClient Error Invalid id format[39m
2025-10-23 21:41:27:4127 [35mhttp[39m: [35m::1 - - [23/Oct/2025:18:41:27 +0000] "GET /api/v1/campaigns/campaign-7 HTTP/1.1" 400 2679 "http://localhost:3000/" "Mozilla/5.0 (Macintosh; Intel Mac OS X 10_15_7) AppleWebKit/537.36 (KHTML, like Gecko) Chrome/141.0.0.0 Safari/537.36"[39m
2025-10-23 21:41:27:4127 [33mwarn[39m: [33mClient Error Invalid id format[39m
2025-10-23 21:41:27:4127 [35mhttp[39m: [35m::1 - - [23/Oct/2025:18:41:27 +0000] "GET /api/v1/campaigns/campaign-7 HTTP/1.1" 400 2679 "http://localhost:3000/" "Mozilla/5.0 (Macintosh; Intel Mac OS X 10_15_7) AppleWebKit/537.36 (KHTML, like Gecko) Chrome/141.0.0.0 Safari/537.36"[39m
2025-10-23 21:41:27:4127 [33mwarn[39m: [33mClient Error Invalid id format[39m
2025-10-23 21:41:27:4127 [35mhttp[39m: [35m::1 - - [23/Oct/2025:18:41:27 +0000] "GET /api/v1/campaigns/campaign-7/donations?page=1&limit=10 HTTP/1.1" 400 2705 "http://localhost:3000/" "Mozilla/5.0 (Macintosh; Intel Mac OS X 10_15_7) AppleWebKit/537.36 (KHTML, like Gecko) Chrome/141.0.0.0 Safari/537.36"[39m
2025-10-23 21:41:27:4127 [33mwarn[39m: [33mClient Error Invalid id format[39m
2025-10-23 21:41:27:4127 [35mhttp[39m: [35m::1 - - [23/Oct/2025:18:41:27 +0000] "GET /api/v1/campaigns/campaign-7/donations?page=1&limit=10 HTTP/1.1" 400 2705 "http://localhost:3000/" "Mozilla/5.0 (Macintosh; Intel Mac OS X 10_15_7) AppleWebKit/537.36 (KHTML, like Gecko) Chrome/141.0.0.0 Safari/537.36"[39m
2025-10-23 21:41:32:4132 [35mhttp[39m: [35m::1 - - [23/Oct/2025:18:41:32 +0000] "GET /api/v1/campaigns/featured HTTP/1.1" 304 - "http://localhost:3000/" "Mozilla/5.0 (Macintosh; Intel Mac OS X 10_15_7) AppleWebKit/537.36 (KHTML, like Gecko) Chrome/141.0.0.0 Safari/537.36"[39m
2025-10-23 21:41:32:4132 [35mhttp[39m: [35m::1 - - [23/Oct/2025:18:41:32 +0000] "GET /api/v1/campaigns/trending HTTP/1.1" 304 - "http://localhost:3000/" "Mozilla/5.0 (Macintosh; Intel Mac OS X 10_15_7) AppleWebKit/537.36 (KHTML, like Gecko) Chrome/141.0.0.0 Safari/537.36"[39m
2025-10-23 21:41:32:4132 [35mhttp[39m: [35m::1 - - [23/Oct/2025:18:41:32 +0000] "GET /api/v1/campaigns/featured HTTP/1.1" 304 - "http://localhost:3000/" "Mozilla/5.0 (Macintosh; Intel Mac OS X 10_15_7) AppleWebKit/537.36 (KHTML, like Gecko) Chrome/141.0.0.0 Safari/537.36"[39m
2025-10-23 21:41:32:4132 [35mhttp[39m: [35m::1 - - [23/Oct/2025:18:41:32 +0000] "GET /api/v1/campaigns/trending HTTP/1.1" 304 - "http://localhost:3000/" "Mozilla/5.0 (Macintosh; Intel Mac OS X 10_15_7) AppleWebKit/537.36 (KHTML, like Gecko) Chrome/141.0.0.0 Safari/537.36"[39m
2025-10-23 21:41:32:4132 [35mhttp[39m: [35m::1 - - [23/Oct/2025:18:41:32 +0000] "GET /api/v1/stats HTTP/1.1" 304 - "http://localhost:3000/" "Mozilla/5.0 (Macintosh; Intel Mac OS X 10_15_7) AppleWebKit/537.36 (KHTML, like Gecko) Chrome/141.0.0.0 Safari/537.36"[39m
2025-10-23 21:41:32:4132 [35mhttp[39m: [35m::1 - - [23/Oct/2025:18:41:32 +0000] "GET /api/v1/stats HTTP/1.1" 304 - "http://localhost:3000/" "Mozilla/5.0 (Macintosh; Intel Mac OS X 10_15_7) AppleWebKit/537.36 (KHTML, like Gecko) Chrome/141.0.0.0 Safari/537.36"[39m
2025-10-23 21:41:37:4137 [35mhttp[39m: [35m::1 - - [23/Oct/2025:18:41:37 +0000] "GET /api/v1/campaigns?category=&status=ACTIVE&search=&page=1&limit=12 HTTP/1.1" 304 - "http://localhost:3000/" "Mozilla/5.0 (Macintosh; Intel Mac OS X 10_15_7) AppleWebKit/537.36 (KHTML, like Gecko) Chrome/141.0.0.0 Safari/537.36"[39m
2025-10-23 21:41:37:4137 [35mhttp[39m: [35m::1 - - [23/Oct/2025:18:41:37 +0000] "GET /api/v1/campaigns/featured HTTP/1.1" 304 - "http://localhost:3000/" "Mozilla/5.0 (Macintosh; Intel Mac OS X 10_15_7) AppleWebKit/537.36 (KHTML, like Gecko) Chrome/141.0.0.0 Safari/537.36"[39m
2025-10-23 21:41:37:4137 [35mhttp[39m: [35m::1 - - [23/Oct/2025:18:41:37 +0000] "GET /api/v1/campaigns?category=&status=ACTIVE&search=&page=1&limit=12 HTTP/1.1" 304 - "http://localhost:3000/" "Mozilla/5.0 (Macintosh; Intel Mac OS X 10_15_7) AppleWebKit/537.36 (KHTML, like Gecko) Chrome/141.0.0.0 Safari/537.36"[39m
2025-10-23 21:41:37:4137 [35mhttp[39m: [35m::1 - - [23/Oct/2025:18:41:37 +0000] "GET /api/v1/campaigns/featured HTTP/1.1" 304 - "http://localhost:3000/" "Mozilla/5.0 (Macintosh; Intel Mac OS X 10_15_7) AppleWebKit/537.36 (KHTML, like Gecko) Chrome/141.0.0.0 Safari/537.36"[39m
2025-10-23 21:43:20:4320 [35mhttp[39m: [35m::1 - - [23/Oct/2025:18:43:20 +0000] "GET /api/v1/campaigns HTTP/1.1" 200 13718 "-" "curl/8.7.1"[39m
2025-10-23 21:43:24:4324 [35mhttp[39m: [35m::1 - - [23/Oct/2025:18:43:24 +0000] "GET /api/v1/campaigns/550e8400-e29b-41d4-a716-446655440007 HTTP/1.1" 200 1638 "-" "curl/8.7.1"[39m
2025-10-23 21:43:27:4327 [35mhttp[39m: [35m::1 - - [23/Oct/2025:18:43:27 +0000] "GET /api/v1/campaigns?limit=50 HTTP/1.1" 200 15124 "-" "curl/8.7.1"[39m
2025-10-23 21:43:31:4331 [35mhttp[39m: [35m::1 - - [23/Oct/2025:18:43:31 +0000] "GET /api/v1/campaigns?category=&status=ACTIVE&search=&page=2&limit=12 HTTP/1.1" 200 2198 "http://localhost:3000/" "Mozilla/5.0 (Macintosh; Intel Mac OS X 10_15_7) AppleWebKit/537.36 (KHTML, like Gecko) Chrome/141.0.0.0 Safari/537.36"[39m
2025-10-23 21:43:51:4351 [35mhttp[39m: [35m::1 - - [23/Oct/2025:18:43:51 +0000] "GET /api/v1/campaigns/trending HTTP/1.1" 200 3679 "-" "curl/8.7.1"[39m
2025-10-23 21:43:57:4357 [35mhttp[39m: [35m::1 - - [23/Oct/2025:18:43:57 +0000] "GET /api/v1/campaigns/550e8400-e29b-41d4-a716-446655440007 HTTP/1.1" 200 1638 "-" "curl/8.7.1"[39m
2025-10-23 21:44:10:4410 [35mhttp[39m: [35m::1 - - [23/Oct/2025:18:44:10 +0000] "GET /api/v1/campaigns?category=&status=ACTIVE&search=&page=1&limit=12 HTTP/1.1" 200 3503 "http://localhost:3000/" "Mozilla/5.0 (Macintosh; Intel Mac OS X 10_15_7) AppleWebKit/537.36 (KHTML, like Gecko) Chrome/141.0.0.0 Safari/537.36"[39m
2025-10-23 21:44:10:4410 [35mhttp[39m: [35m::1 - - [23/Oct/2025:18:44:10 +0000] "GET /api/v1/campaigns/featured HTTP/1.1" 304 - "http://localhost:3000/" "Mozilla/5.0 (Macintosh; Intel Mac OS X 10_15_7) AppleWebKit/537.36 (KHTML, like Gecko) Chrome/141.0.0.0 Safari/537.36"[39m
2025-10-23 21:44:10:4410 [35mhttp[39m: [35m::1 - - [23/Oct/2025:18:44:10 +0000] "GET /api/v1/campaigns?category=&status=ACTIVE&search=&page=1&limit=12 HTTP/1.1" 304 - "http://localhost:3000/" "Mozilla/5.0 (Macintosh; Intel Mac OS X 10_15_7) AppleWebKit/537.36 (KHTML, like Gecko) Chrome/141.0.0.0 Safari/537.36"[39m
2025-10-23 21:44:10:4410 [35mhttp[39m: [35m::1 - - [23/Oct/2025:18:44:10 +0000] "GET /api/v1/campaigns/featured HTTP/1.1" 304 - "http://localhost:3000/" "Mozilla/5.0 (Macintosh; Intel Mac OS X 10_15_7) AppleWebKit/537.36 (KHTML, like Gecko) Chrome/141.0.0.0 Safari/537.36"[39m
2025-10-23 21:44:18:4418 [35mhttp[39m: [35m::1 - - [23/Oct/2025:18:44:18 +0000] "GET /api/v1/campaigns/featured HTTP/1.1" 304 - "http://localhost:3000/" "Mozilla/5.0 (Macintosh; Intel Mac OS X 10_15_7) AppleWebKit/537.36 (KHTML, like Gecko) Chrome/141.0.0.0 Safari/537.36"[39m
2025-10-23 21:44:18:4418 [35mhttp[39m: [35m::1 - - [23/Oct/2025:18:44:18 +0000] "GET /api/v1/campaigns/trending HTTP/1.1" 304 - "http://localhost:3000/" "Mozilla/5.0 (Macintosh; Intel Mac OS X 10_15_7) AppleWebKit/537.36 (KHTML, like Gecko) Chrome/141.0.0.0 Safari/537.36"[39m
2025-10-23 21:44:18:4418 [35mhttp[39m: [35m::1 - - [23/Oct/2025:18:44:18 +0000] "GET /api/v1/campaigns/featured HTTP/1.1" 304 - "http://localhost:3000/" "Mozilla/5.0 (Macintosh; Intel Mac OS X 10_15_7) AppleWebKit/537.36 (KHTML, like Gecko) Chrome/141.0.0.0 Safari/537.36"[39m
2025-10-23 21:44:18:4418 [35mhttp[39m: [35m::1 - - [23/Oct/2025:18:44:18 +0000] "GET /api/v1/campaigns/trending HTTP/1.1" 304 - "http://localhost:3000/" "Mozilla/5.0 (Macintosh; Intel Mac OS X 10_15_7) AppleWebKit/537.36 (KHTML, like Gecko) Chrome/141.0.0.0 Safari/537.36"[39m
2025-10-23 21:44:18:4418 [35mhttp[39m: [35m::1 - - [23/Oct/2025:18:44:18 +0000] "GET /api/v1/stats HTTP/1.1" 200 121 "http://localhost:3000/" "Mozilla/5.0 (Macintosh; Intel Mac OS X 10_15_7) AppleWebKit/537.36 (KHTML, like Gecko) Chrome/141.0.0.0 Safari/537.36"[39m
2025-10-23 21:44:18:4418 [35mhttp[39m: [35m::1 - - [23/Oct/2025:18:44:18 +0000] "GET /api/v1/stats HTTP/1.1" 304 - "http://localhost:3000/" "Mozilla/5.0 (Macintosh; Intel Mac OS X 10_15_7) AppleWebKit/537.36 (KHTML, like Gecko) Chrome/141.0.0.0 Safari/537.36"[39m
2025-10-23 21:44:25:4425 [35mhttp[39m: [35m::1 - - [23/Oct/2025:18:44:25 +0000] "GET /api/v1/campaigns?category=&status=ACTIVE&search=&page=1&limit=12 HTTP/1.1" 304 - "http://localhost:3000/" "Mozilla/5.0 (Macintosh; Intel Mac OS X 10_15_7) AppleWebKit/537.36 (KHTML, like Gecko) Chrome/141.0.0.0 Safari/537.36"[39m
2025-10-23 21:44:25:4425 [35mhttp[39m: [35m::1 - - [23/Oct/2025:18:44:25 +0000] "GET /api/v1/campaigns/featured HTTP/1.1" 304 - "http://localhost:3000/" "Mozilla/5.0 (Macintosh; Intel Mac OS X 10_15_7) AppleWebKit/537.36 (KHTML, like Gecko) Chrome/141.0.0.0 Safari/537.36"[39m
2025-10-23 21:44:25:4425 [35mhttp[39m: [35m::1 - - [23/Oct/2025:18:44:25 +0000] "GET /api/v1/campaigns?category=&status=ACTIVE&search=&page=1&limit=12 HTTP/1.1" 304 - "http://localhost:3000/" "Mozilla/5.0 (Macintosh; Intel Mac OS X 10_15_7) AppleWebKit/537.36 (KHTML, like Gecko) Chrome/141.0.0.0 Safari/537.36"[39m
2025-10-23 21:44:25:4425 [35mhttp[39m: [35m::1 - - [23/Oct/2025:18:44:25 +0000] "GET /api/v1/campaigns/featured HTTP/1.1" 304 - "http://localhost:3000/" "Mozilla/5.0 (Macintosh; Intel Mac OS X 10_15_7) AppleWebKit/537.36 (KHTML, like Gecko) Chrome/141.0.0.0 Safari/537.36"[39m
2025-10-23 21:44:30:4430 [35mhttp[39m: [35m::1 - - [23/Oct/2025:18:44:30 +0000] "GET /api/v1/campaigns/featured HTTP/1.1" 304 - "http://localhost:3000/" "Mozilla/5.0 (Macintosh; Intel Mac OS X 10_15_7) AppleWebKit/537.36 (KHTML, like Gecko) Chrome/141.0.0.0 Safari/537.36"[39m
2025-10-23 21:44:30:4430 [35mhttp[39m: [35m::1 - - [23/Oct/2025:18:44:30 +0000] "GET /api/v1/campaigns/trending HTTP/1.1" 304 - "http://localhost:3000/" "Mozilla/5.0 (Macintosh; Intel Mac OS X 10_15_7) AppleWebKit/537.36 (KHTML, like Gecko) Chrome/141.0.0.0 Safari/537.36"[39m
2025-10-23 21:44:30:4430 [35mhttp[39m: [35m::1 - - [23/Oct/2025:18:44:30 +0000] "GET /api/v1/campaigns/featured HTTP/1.1" 304 - "http://localhost:3000/" "Mozilla/5.0 (Macintosh; Intel Mac OS X 10_15_7) AppleWebKit/537.36 (KHTML, like Gecko) Chrome/141.0.0.0 Safari/537.36"[39m
2025-10-23 21:44:30:4430 [35mhttp[39m: [35m::1 - - [23/Oct/2025:18:44:30 +0000] "GET /api/v1/campaigns/trending HTTP/1.1" 304 - "http://localhost:3000/" "Mozilla/5.0 (Macintosh; Intel Mac OS X 10_15_7) AppleWebKit/537.36 (KHTML, like Gecko) Chrome/141.0.0.0 Safari/537.36"[39m
2025-10-23 21:44:30:4430 [35mhttp[39m: [35m::1 - - [23/Oct/2025:18:44:30 +0000] "GET /api/v1/stats HTTP/1.1" 304 - "http://localhost:3000/" "Mozilla/5.0 (Macintosh; Intel Mac OS X 10_15_7) AppleWebKit/537.36 (KHTML, like Gecko) Chrome/141.0.0.0 Safari/537.36"[39m
2025-10-23 21:44:30:4430 [35mhttp[39m: [35m::1 - - [23/Oct/2025:18:44:30 +0000] "GET /api/v1/stats HTTP/1.1" 304 - "http://localhost:3000/" "Mozilla/5.0 (Macintosh; Intel Mac OS X 10_15_7) AppleWebKit/537.36 (KHTML, like Gecko) Chrome/141.0.0.0 Safari/537.36"[39m
2025-10-23 21:44:34:4434 [35mhttp[39m: [35m::1 - - [23/Oct/2025:18:44:34 +0000] "GET /api/v1/campaigns?category=&status=ACTIVE&search=&page=1&limit=12 HTTP/1.1" 304 - "http://localhost:3000/" "Mozilla/5.0 (Macintosh; Intel Mac OS X 10_15_7) AppleWebKit/537.36 (KHTML, like Gecko) Chrome/141.0.0.0 Safari/537.36"[39m
2025-10-23 21:44:34:4434 [35mhttp[39m: [35m::1 - - [23/Oct/2025:18:44:34 +0000] "GET /api/v1/campaigns/featured HTTP/1.1" 304 - "http://localhost:3000/" "Mozilla/5.0 (Macintosh; Intel Mac OS X 10_15_7) AppleWebKit/537.36 (KHTML, like Gecko) Chrome/141.0.0.0 Safari/537.36"[39m
2025-10-23 21:44:34:4434 [35mhttp[39m: [35m::1 - - [23/Oct/2025:18:44:34 +0000] "GET /api/v1/campaigns?category=&status=ACTIVE&search=&page=1&limit=12 HTTP/1.1" 304 - "http://localhost:3000/" "Mozilla/5.0 (Macintosh; Intel Mac OS X 10_15_7) AppleWebKit/537.36 (KHTML, like Gecko) Chrome/141.0.0.0 Safari/537.36"[39m
2025-10-23 21:44:34:4434 [35mhttp[39m: [35m::1 - - [23/Oct/2025:18:44:34 +0000] "GET /api/v1/campaigns/featured HTTP/1.1" 304 - "http://localhost:3000/" "Mozilla/5.0 (Macintosh; Intel Mac OS X 10_15_7) AppleWebKit/537.36 (KHTML, like Gecko) Chrome/141.0.0.0 Safari/537.36"[39m
2025-10-23 21:44:43:4443 [35mhttp[39m: [35m::1 - - [23/Oct/2025:18:44:43 +0000] "GET /api/v1/campaigns/550e8400-e29b-41d4-a716-446655440008/donations?page=1&limit=10 HTTP/1.1" 200 91 "http://localhost:3000/" "Mozilla/5.0 (Macintosh; Intel Mac OS X 10_15_7) AppleWebKit/537.36 (KHTML, like Gecko) Chrome/141.0.0.0 Safari/537.36"[39m
2025-10-23 21:44:43:4443 [35mhttp[39m: [35m::1 - - [23/Oct/2025:18:44:43 +0000] "GET /api/v1/campaigns/550e8400-e29b-41d4-a716-446655440008/donations?page=1&limit=10 HTTP/1.1" 304 - "http://localhost:3000/" "Mozilla/5.0 (Macintosh; Intel Mac OS X 10_15_7) AppleWebKit/537.36 (KHTML, like Gecko) Chrome/141.0.0.0 Safari/537.36"[39m
2025-10-23 21:44:43:4443 [35mhttp[39m: [35m::1 - - [23/Oct/2025:18:44:43 +0000] "GET /api/v1/campaigns/550e8400-e29b-41d4-a716-446655440008 HTTP/1.1" 200 852 "http://localhost:3000/" "Mozilla/5.0 (Macintosh; Intel Mac OS X 10_15_7) AppleWebKit/537.36 (KHTML, like Gecko) Chrome/141.0.0.0 Safari/537.36"[39m
2025-10-23 21:44:43:4443 [35mhttp[39m: [35m::1 - - [23/Oct/2025:18:44:43 +0000] "GET /api/v1/campaigns/550e8400-e29b-41d4-a716-446655440008 HTTP/1.1" 304 - "http://localhost:3000/" "Mozilla/5.0 (Macintosh; Intel Mac OS X 10_15_7) AppleWebKit/537.36 (KHTML, like Gecko) Chrome/141.0.0.0 Safari/537.36"[39m
2025-10-23 21:44:48:4448 [35mhttp[39m: [35m::1 - - [23/Oct/2025:18:44:48 +0000] "POST /api/v1/auth/login HTTP/1.1" 200 387 "http://localhost:3000/" "Mozilla/5.0 (Macintosh; Intel Mac OS X 10_15_7) AppleWebKit/537.36 (KHTML, like Gecko) Chrome/141.0.0.0 Safari/537.36"[39m
2025-10-23 21:44:50:4450 [35mhttp[39m: [35m::1 - - [23/Oct/2025:18:44:50 +0000] "GET /api/v1/campaigns?category=&status=ACTIVE&search=&page=1&limit=12 HTTP/1.1" 304 - "http://localhost:3000/" "Mozilla/5.0 (Macintosh; Intel Mac OS X 10_15_7) AppleWebKit/537.36 (KHTML, like Gecko) Chrome/141.0.0.0 Safari/537.36"[39m
2025-10-23 21:44:50:4450 [35mhttp[39m: [35m::1 - - [23/Oct/2025:18:44:50 +0000] "GET /api/v1/campaigns/featured HTTP/1.1" 304 - "http://localhost:3000/" "Mozilla/5.0 (Macintosh; Intel Mac OS X 10_15_7) AppleWebKit/537.36 (KHTML, like Gecko) Chrome/141.0.0.0 Safari/537.36"[39m
2025-10-23 21:44:50:4450 [35mhttp[39m: [35m::1 - - [23/Oct/2025:18:44:50 +0000] "GET /api/v1/campaigns?category=&status=ACTIVE&search=&page=1&limit=12 HTTP/1.1" 304 - "http://localhost:3000/" "Mozilla/5.0 (Macintosh; Intel Mac OS X 10_15_7) AppleWebKit/537.36 (KHTML, like Gecko) Chrome/141.0.0.0 Safari/537.36"[39m
2025-10-23 21:44:50:4450 [35mhttp[39m: [35m::1 - - [23/Oct/2025:18:44:50 +0000] "GET /api/v1/campaigns/featured HTTP/1.1" 304 - "http://localhost:3000/" "Mozilla/5.0 (Macintosh; Intel Mac OS X 10_15_7) AppleWebKit/537.36 (KHTML, like Gecko) Chrome/141.0.0.0 Safari/537.36"[39m
2025-10-23 21:44:52:4452 [35mhttp[39m: [35m::1 - - [23/Oct/2025:18:44:52 +0000] "GET /api/v1/campaigns/550e8400-e29b-41d4-a716-446655440008/donations?page=1&limit=10 HTTP/1.1" 304 - "http://localhost:3000/" "Mozilla/5.0 (Macintosh; Intel Mac OS X 10_15_7) AppleWebKit/537.36 (KHTML, like Gecko) Chrome/141.0.0.0 Safari/537.36"[39m
2025-10-23 21:44:52:4452 [35mhttp[39m: [35m::1 - - [23/Oct/2025:18:44:52 +0000] "GET /api/v1/campaigns/550e8400-e29b-41d4-a716-446655440008/donations?page=1&limit=10 HTTP/1.1" 304 - "http://localhost:3000/" "Mozilla/5.0 (Macintosh; Intel Mac OS X 10_15_7) AppleWebKit/537.36 (KHTML, like Gecko) Chrome/141.0.0.0 Safari/537.36"[39m
2025-10-23 21:44:52:4452 [35mhttp[39m: [35m::1 - - [23/Oct/2025:18:44:52 +0000] "GET /api/v1/campaigns/550e8400-e29b-41d4-a716-446655440008 HTTP/1.1" 304 - "http://localhost:3000/" "Mozilla/5.0 (Macintosh; Intel Mac OS X 10_15_7) AppleWebKit/537.36 (KHTML, like Gecko) Chrome/141.0.0.0 Safari/537.36"[39m
2025-10-23 21:44:52:4452 [35mhttp[39m: [35m::1 - - [23/Oct/2025:18:44:52 +0000] "GET /api/v1/campaigns/550e8400-e29b-41d4-a716-446655440008 HTTP/1.1" 304 - "http://localhost:3000/" "Mozilla/5.0 (Macintosh; Intel Mac OS X 10_15_7) AppleWebKit/537.36 (KHTML, like Gecko) Chrome/141.0.0.0 Safari/537.36"[39m
2025-10-23 21:45:01:451 [35mhttp[39m: [35m::1 - - [23/Oct/2025:18:45:01 +0000] "POST /api/v1/campaigns/550e8400-e29b-41d4-a716-446655440008/donations HTTP/1.1" 201 1190 "http://localhost:3000/" "Mozilla/5.0 (Macintosh; Intel Mac OS X 10_15_7) AppleWebKit/537.36 (KHTML, like Gecko) Chrome/141.0.0.0 Safari/537.36"[39m
2025-10-23 21:45:01:451 [35mhttp[39m: [35m::1 - - [23/Oct/2025:18:45:01 +0000] "GET /api/v1/campaigns/550e8400-e29b-41d4-a716-446655440008 HTTP/1.1" 200 1229 "http://localhost:3000/" "Mozilla/5.0 (Macintosh; Intel Mac OS X 10_15_7) AppleWebKit/537.36 (KHTML, like Gecko) Chrome/141.0.0.0 Safari/537.36"[39m
2025-10-23 21:45:01:451 [35mhttp[39m: [35m::1 - - [23/Oct/2025:18:45:01 +0000] "GET /api/v1/campaigns/550e8400-e29b-41d4-a716-446655440008/donations?page=1&limit=10 HTTP/1.1" 200 466 "http://localhost:3000/" "Mozilla/5.0 (Macintosh; Intel Mac OS X 10_15_7) AppleWebKit/537.36 (KHTML, like Gecko) Chrome/141.0.0.0 Safari/537.36"[39m
2025-10-23 21:45:11:4511 [35mhttp[39m: [35m::1 - - [23/Oct/2025:18:45:11 +0000] "POST /api/v1/campaigns/550e8400-e29b-41d4-a716-446655440008/donations HTTP/1.1" 201 1189 "http://localhost:3000/" "Mozilla/5.0 (Macintosh; Intel Mac OS X 10_15_7) AppleWebKit/537.36 (KHTML, like Gecko) Chrome/141.0.0.0 Safari/537.36"[39m
2025-10-23 21:45:11:4511 [35mhttp[39m: [35m::1 - - [23/Oct/2025:18:45:11 +0000] "GET /api/v1/campaigns/550e8400-e29b-41d4-a716-446655440008 HTTP/1.1" 200 1604 "http://localhost:3000/" "Mozilla/5.0 (Macintosh; Intel Mac OS X 10_15_7) AppleWebKit/537.36 (KHTML, like Gecko) Chrome/141.0.0.0 Safari/537.36"[39m
2025-10-23 21:45:11:4511 [35mhttp[39m: [35m::1 - - [23/Oct/2025:18:45:11 +0000] "GET /api/v1/campaigns/550e8400-e29b-41d4-a716-446655440008/donations?page=1&limit=10 HTTP/1.1" 200 841 "http://localhost:3000/" "Mozilla/5.0 (Macintosh; Intel Mac OS X 10_15_7) AppleWebKit/537.36 (KHTML, like Gecko) Chrome/141.0.0.0 Safari/537.36"[39m
2025-10-23 21:45:23:4523 [35mhttp[39m: [35m::1 - - [23/Oct/2025:18:45:23 +0000] "GET /api/v1/campaigns/550e8400-e29b-41d4-a716-446655440008/donations?page=1&limit=10 HTTP/1.1" 304 - "http://localhost:3000/" "Mozilla/5.0 (Macintosh; Intel Mac OS X 10_15_7) AppleWebKit/537.36 (KHTML, like Gecko) Chrome/141.0.0.0 Safari/537.36"[39m
2025-10-23 21:45:23:4523 [35mhttp[39m: [35m::1 - - [23/Oct/2025:18:45:23 +0000] "GET /api/v1/campaigns/550e8400-e29b-41d4-a716-446655440008/donations?page=1&limit=10 HTTP/1.1" 304 - "http://localhost:3000/" "Mozilla/5.0 (Macintosh; Intel Mac OS X 10_15_7) AppleWebKit/537.36 (KHTML, like Gecko) Chrome/141.0.0.0 Safari/537.36"[39m
2025-10-23 21:45:23:4523 [35mhttp[39m: [35m::1 - - [23/Oct/2025:18:45:23 +0000] "GET /api/v1/users/profile HTTP/1.1" 304 - "http://localhost:3000/" "Mozilla/5.0 (Macintosh; Intel Mac OS X 10_15_7) AppleWebKit/537.36 (KHTML, like Gecko) Chrome/141.0.0.0 Safari/537.36"[39m
2025-10-23 21:45:23:4523 [35mhttp[39m: [35m::1 - - [23/Oct/2025:18:45:23 +0000] "GET /api/v1/campaigns/550e8400-e29b-41d4-a716-446655440008 HTTP/1.1" 304 - "http://localhost:3000/" "Mozilla/5.0 (Macintosh; Intel Mac OS X 10_15_7) AppleWebKit/537.36 (KHTML, like Gecko) Chrome/141.0.0.0 Safari/537.36"[39m
2025-10-23 21:45:23:4523 [35mhttp[39m: [35m::1 - - [23/Oct/2025:18:45:23 +0000] "GET /api/v1/users/profile HTTP/1.1" 304 - "http://localhost:3000/" "Mozilla/5.0 (Macintosh; Intel Mac OS X 10_15_7) AppleWebKit/537.36 (KHTML, like Gecko) Chrome/141.0.0.0 Safari/537.36"[39m
2025-10-23 21:45:23:4523 [35mhttp[39m: [35m::1 - - [23/Oct/2025:18:45:23 +0000] "GET /api/v1/campaigns/550e8400-e29b-41d4-a716-446655440008 HTTP/1.1" 304 - "http://localhost:3000/" "Mozilla/5.0 (Macintosh; Intel Mac OS X 10_15_7) AppleWebKit/537.36 (KHTML, like Gecko) Chrome/141.0.0.0 Safari/537.36"[39m
2025-10-23 21:46:07:467 [35mhttp[39m: [35m::1 - - [23/Oct/2025:18:46:07 +0000] "POST /api/v1/auth/login HTTP/1.1" 200 387 "http://localhost:3000/" "Mozilla/5.0 (Macintosh; Intel Mac OS X 10_15_7) AppleWebKit/537.36 (KHTML, like Gecko) Chrome/141.0.0.0 Safari/537.36"[39m
2025-10-23 21:46:08:468 [35mhttp[39m: [35m::1 - - [23/Oct/2025:18:46:08 +0000] "GET /api/v1/campaigns?category=&status=ACTIVE&search=&page=1&limit=12 HTTP/1.1" 200 2845 "http://localhost:3000/" "Mozilla/5.0 (Macintosh; Intel Mac OS X 10_15_7) AppleWebKit/537.36 (KHTML, like Gecko) Chrome/141.0.0.0 Safari/537.36"[39m
2025-10-23 21:46:08:468 [35mhttp[39m: [35m::1 - - [23/Oct/2025:18:46:08 +0000] "GET /api/v1/campaigns/featured HTTP/1.1" 200 2889 "http://localhost:3000/" "Mozilla/5.0 (Macintosh; Intel Mac OS X 10_15_7) AppleWebKit/537.36 (KHTML, like Gecko) Chrome/141.0.0.0 Safari/537.36"[39m
2025-10-23 21:46:08:468 [35mhttp[39m: [35m::1 - - [23/Oct/2025:18:46:08 +0000] "GET /api/v1/campaigns?category=&status=ACTIVE&search=&page=1&limit=12 HTTP/1.1" 304 - "http://localhost:3000/" "Mozilla/5.0 (Macintosh; Intel Mac OS X 10_15_7) AppleWebKit/537.36 (KHTML, like Gecko) Chrome/141.0.0.0 Safari/537.36"[39m
2025-10-23 21:46:08:468 [35mhttp[39m: [35m::1 - - [23/Oct/2025:18:46:08 +0000] "GET /api/v1/campaigns/featured HTTP/1.1" 304 - "http://localhost:3000/" "Mozilla/5.0 (Macintosh; Intel Mac OS X 10_15_7) AppleWebKit/537.36 (KHTML, like Gecko) Chrome/141.0.0.0 Safari/537.36"[39m
2025-10-23 21:46:18:4618 [35mhttp[39m: [35m::1 - - [23/Oct/2025:18:46:18 +0000] "GET /api/v1/campaigns?category=&status=ACTIVE&search=game&page=1&limit=12 HTTP/1.1" 200 91 "http://localhost:3000/" "Mozilla/5.0 (Macintosh; Intel Mac OS X 10_15_7) AppleWebKit/537.36 (KHTML, like Gecko) Chrome/141.0.0.0 Safari/537.36"[39m
2025-10-23 21:46:36:4636 [35mhttp[39m: [35m::1 - - [23/Oct/2025:18:46:36 +0000] "GET /api/v1/campaigns/trending HTTP/1.1" 200 2973 "http://localhost:3000/" "Mozilla/5.0 (Macintosh; Intel Mac OS X 10_15_7) AppleWebKit/537.36 (KHTML, like Gecko) Chrome/141.0.0.0 Safari/537.36"[39m
2025-10-23 21:46:36:4636 [35mhttp[39m: [35m::1 - - [23/Oct/2025:18:46:36 +0000] "GET /api/v1/campaigns/featured HTTP/1.1" 304 - "http://localhost:3000/" "Mozilla/5.0 (Macintosh; Intel Mac OS X 10_15_7) AppleWebKit/537.36 (KHTML, like Gecko) Chrome/141.0.0.0 Safari/537.36"[39m
2025-10-23 21:46:36:4636 [35mhttp[39m: [35m::1 - - [23/Oct/2025:18:46:36 +0000] "GET /api/v1/campaigns/trending HTTP/1.1" 304 - "http://localhost:3000/" "Mozilla/5.0 (Macintosh; Intel Mac OS X 10_15_7) AppleWebKit/537.36 (KHTML, like Gecko) Chrome/141.0.0.0 Safari/537.36"[39m
2025-10-23 21:46:36:4636 [35mhttp[39m: [35m::1 - - [23/Oct/2025:18:46:36 +0000] "GET /api/v1/campaigns/featured HTTP/1.1" 304 - "http://localhost:3000/" "Mozilla/5.0 (Macintosh; Intel Mac OS X 10_15_7) AppleWebKit/537.36 (KHTML, like Gecko) Chrome/141.0.0.0 Safari/537.36"[39m
2025-10-23 21:46:36:4636 [35mhttp[39m: [35m::1 - - [23/Oct/2025:18:46:36 +0000] "GET /api/v1/stats HTTP/1.1" 200 121 "http://localhost:3000/" "Mozilla/5.0 (Macintosh; Intel Mac OS X 10_15_7) AppleWebKit/537.36 (KHTML, like Gecko) Chrome/141.0.0.0 Safari/537.36"[39m
2025-10-23 21:46:36:4636 [35mhttp[39m: [35m::1 - - [23/Oct/2025:18:46:36 +0000] "GET /api/v1/stats HTTP/1.1" 304 - "http://localhost:3000/" "Mozilla/5.0 (Macintosh; Intel Mac OS X 10_15_7) AppleWebKit/537.36 (KHTML, like Gecko) Chrome/141.0.0.0 Safari/537.36"[39m
2025-10-23 21:46:41:4641 [35mhttp[39m: [35m::1 - - [23/Oct/2025:18:46:41 +0000] "GET /api/v1/campaigns/550e8400-e29b-41d4-a716-446655440006/donations?page=1&limit=10 HTTP/1.1" 200 91 "http://localhost:3000/" "Mozilla/5.0 (Macintosh; Intel Mac OS X 10_15_7) AppleWebKit/537.36 (KHTML, like Gecko) Chrome/141.0.0.0 Safari/537.36"[39m
2025-10-23 21:46:41:4641 [35mhttp[39m: [35m::1 - - [23/Oct/2025:18:46:41 +0000] "GET /api/v1/campaigns/550e8400-e29b-41d4-a716-446655440006/donations?page=1&limit=10 HTTP/1.1" 304 - "http://localhost:3000/" "Mozilla/5.0 (Macintosh; Intel Mac OS X 10_15_7) AppleWebKit/537.36 (KHTML, like Gecko) Chrome/141.0.0.0 Safari/537.36"[39m
2025-10-23 21:46:41:4641 [35mhttp[39m: [35m::1 - - [23/Oct/2025:18:46:41 +0000] "GET /api/v1/campaigns/550e8400-e29b-41d4-a716-446655440006 HTTP/1.1" 200 886 "http://localhost:3000/" "Mozilla/5.0 (Macintosh; Intel Mac OS X 10_15_7) AppleWebKit/537.36 (KHTML, like Gecko) Chrome/141.0.0.0 Safari/537.36"[39m
2025-10-23 21:46:41:4641 [35mhttp[39m: [35m::1 - - [23/Oct/2025:18:46:41 +0000] "GET /api/v1/campaigns/550e8400-e29b-41d4-a716-446655440006 HTTP/1.1" 304 - "http://localhost:3000/" "Mozilla/5.0 (Macintosh; Intel Mac OS X 10_15_7) AppleWebKit/537.36 (KHTML, like Gecko) Chrome/141.0.0.0 Safari/537.36"[39m
2025-10-23 21:46:43:4643 [35mhttp[39m: [35m::1 - - [23/Oct/2025:18:46:43 +0000] "GET /api/v1/campaigns/trending HTTP/1.1" 304 - "http://localhost:3000/" "Mozilla/5.0 (Macintosh; Intel Mac OS X 10_15_7) AppleWebKit/537.36 (KHTML, like Gecko) Chrome/141.0.0.0 Safari/537.36"[39m
2025-10-23 21:46:43:4643 [35mhttp[39m: [35m::1 - - [23/Oct/2025:18:46:43 +0000] "GET /api/v1/campaigns/featured HTTP/1.1" 304 - "http://localhost:3000/" "Mozilla/5.0 (Macintosh; Intel Mac OS X 10_15_7) AppleWebKit/537.36 (KHTML, like Gecko) Chrome/141.0.0.0 Safari/537.36"[39m
2025-10-23 21:46:43:4643 [35mhttp[39m: [35m::1 - - [23/Oct/2025:18:46:43 +0000] "GET /api/v1/campaigns/trending HTTP/1.1" 304 - "http://localhost:3000/" "Mozilla/5.0 (Macintosh; Intel Mac OS X 10_15_7) AppleWebKit/537.36 (KHTML, like Gecko) Chrome/141.0.0.0 Safari/537.36"[39m
2025-10-23 21:46:43:4643 [35mhttp[39m: [35m::1 - - [23/Oct/2025:18:46:43 +0000] "GET /api/v1/campaigns/featured HTTP/1.1" 304 - "http://localhost:3000/" "Mozilla/5.0 (Macintosh; Intel Mac OS X 10_15_7) AppleWebKit/537.36 (KHTML, like Gecko) Chrome/141.0.0.0 Safari/537.36"[39m
2025-10-23 21:46:43:4643 [35mhttp[39m: [35m::1 - - [23/Oct/2025:18:46:43 +0000] "GET /api/v1/stats HTTP/1.1" 304 - "http://localhost:3000/" "Mozilla/5.0 (Macintosh; Intel Mac OS X 10_15_7) AppleWebKit/537.36 (KHTML, like Gecko) Chrome/141.0.0.0 Safari/537.36"[39m
2025-10-23 21:46:43:4643 [35mhttp[39m: [35m::1 - - [23/Oct/2025:18:46:43 +0000] "GET /api/v1/stats HTTP/1.1" 304 - "http://localhost:3000/" "Mozilla/5.0 (Macintosh; Intel Mac OS X 10_15_7) AppleWebKit/537.36 (KHTML, like Gecko) Chrome/141.0.0.0 Safari/537.36"[39m
2025-10-23 21:46:45:4645 [35mhttp[39m: [35m::1 - - [23/Oct/2025:18:46:45 +0000] "GET /api/v1/campaigns/550e8400-e29b-41d4-a716-446655440010/donations?page=1&limit=10 HTTP/1.1" 200 91 "http://localhost:3000/" "Mozilla/5.0 (Macintosh; Intel Mac OS X 10_15_7) AppleWebKit/537.36 (KHTML, like Gecko) Chrome/141.0.0.0 Safari/537.36"[39m
2025-10-23 21:46:45:4645 [35mhttp[39m: [35m::1 - - [23/Oct/2025:18:46:45 +0000] "GET /api/v1/campaigns/550e8400-e29b-41d4-a716-446655440010/donations?page=1&limit=10 HTTP/1.1" 304 - "http://localhost:3000/" "Mozilla/5.0 (Macintosh; Intel Mac OS X 10_15_7) AppleWebKit/537.36 (KHTML, like Gecko) Chrome/141.0.0.0 Safari/537.36"[39m
2025-10-23 21:46:45:4645 [35mhttp[39m: [35m::1 - - [23/Oct/2025:18:46:45 +0000] "GET /api/v1/campaigns/550e8400-e29b-41d4-a716-446655440010 HTTP/1.1" 200 872 "http://localhost:3000/" "Mozilla/5.0 (Macintosh; Intel Mac OS X 10_15_7) AppleWebKit/537.36 (KHTML, like Gecko) Chrome/141.0.0.0 Safari/537.36"[39m
2025-10-23 21:46:45:4645 [35mhttp[39m: [35m::1 - - [23/Oct/2025:18:46:45 +0000] "GET /api/v1/campaigns/550e8400-e29b-41d4-a716-446655440010 HTTP/1.1" 304 - "http://localhost:3000/" "Mozilla/5.0 (Macintosh; Intel Mac OS X 10_15_7) AppleWebKit/537.36 (KHTML, like Gecko) Chrome/141.0.0.0 Safari/537.36"[39m
2025-10-23 21:46:46:4646 [35mhttp[39m: [35m::1 - - [23/Oct/2025:18:46:46 +0000] "GET /api/v1/campaigns/featured HTTP/1.1" 304 - "http://localhost:3000/" "Mozilla/5.0 (Macintosh; Intel Mac OS X 10_15_7) AppleWebKit/537.36 (KHTML, like Gecko) Chrome/141.0.0.0 Safari/537.36"[39m
2025-10-23 21:46:46:4646 [35mhttp[39m: [35m::1 - - [23/Oct/2025:18:46:46 +0000] "GET /api/v1/campaigns/trending HTTP/1.1" 304 - "http://localhost:3000/" "Mozilla/5.0 (Macintosh; Intel Mac OS X 10_15_7) AppleWebKit/537.36 (KHTML, like Gecko) Chrome/141.0.0.0 Safari/537.36"[39m
2025-10-23 21:46:46:4646 [35mhttp[39m: [35m::1 - - [23/Oct/2025:18:46:46 +0000] "GET /api/v1/campaigns/featured HTTP/1.1" 304 - "http://localhost:3000/" "Mozilla/5.0 (Macintosh; Intel Mac OS X 10_15_7) AppleWebKit/537.36 (KHTML, like Gecko) Chrome/141.0.0.0 Safari/537.36"[39m
2025-10-23 21:46:46:4646 [35mhttp[39m: [35m::1 - - [23/Oct/2025:18:46:46 +0000] "GET /api/v1/campaigns/trending HTTP/1.1" 304 - "http://localhost:3000/" "Mozilla/5.0 (Macintosh; Intel Mac OS X 10_15_7) AppleWebKit/537.36 (KHTML, like Gecko) Chrome/141.0.0.0 Safari/537.36"[39m
2025-10-23 21:46:46:4646 [35mhttp[39m: [35m::1 - - [23/Oct/2025:18:46:46 +0000] "GET /api/v1/stats HTTP/1.1" 304 - "http://localhost:3000/" "Mozilla/5.0 (Macintosh; Intel Mac OS X 10_15_7) AppleWebKit/537.36 (KHTML, like Gecko) Chrome/141.0.0.0 Safari/537.36"[39m
2025-10-23 21:46:46:4646 [35mhttp[39m: [35m::1 - - [23/Oct/2025:18:46:46 +0000] "GET /api/v1/stats HTTP/1.1" 304 - "http://localhost:3000/" "Mozilla/5.0 (Macintosh; Intel Mac OS X 10_15_7) AppleWebKit/537.36 (KHTML, like Gecko) Chrome/141.0.0.0 Safari/537.36"[39m
2025-10-23 21:46:47:4647 [35mhttp[39m: [35m::1 - - [23/Oct/2025:18:46:47 +0000] "GET /api/v1/campaigns/550e8400-e29b-41d4-a716-446655440004/donations?page=1&limit=10 HTTP/1.1" 200 1293 "http://localhost:3000/" "Mozilla/5.0 (Macintosh; Intel Mac OS X 10_15_7) AppleWebKit/537.36 (KHTML, like Gecko) Chrome/141.0.0.0 Safari/537.36"[39m
2025-10-23 21:46:47:4647 [35mhttp[39m: [35m::1 - - [23/Oct/2025:18:46:47 +0000] "GET /api/v1/campaigns/550e8400-e29b-41d4-a716-446655440004/donations?page=1&limit=10 HTTP/1.1" 304 - "http://localhost:3000/" "Mozilla/5.0 (Macintosh; Intel Mac OS X 10_15_7) AppleWebKit/537.36 (KHTML, like Gecko) Chrome/141.0.0.0 Safari/537.36"[39m
2025-10-23 21:46:47:4647 [35mhttp[39m: [35m::1 - - [23/Oct/2025:18:46:47 +0000] "GET /api/v1/campaigns/550e8400-e29b-41d4-a716-446655440004 HTTP/1.1" 200 3367 "http://localhost:3000/" "Mozilla/5.0 (Macintosh; Intel Mac OS X 10_15_7) AppleWebKit/537.36 (KHTML, like Gecko) Chrome/141.0.0.0 Safari/537.36"[39m
2025-10-23 21:46:47:4647 [35mhttp[39m: [35m::1 - - [23/Oct/2025:18:46:47 +0000] "GET /api/v1/campaigns/550e8400-e29b-41d4-a716-446655440004 HTTP/1.1" 304 - "http://localhost:3000/" "Mozilla/5.0 (Macintosh; Intel Mac OS X 10_15_7) AppleWebKit/537.36 (KHTML, like Gecko) Chrome/141.0.0.0 Safari/537.36"[39m
2025-10-23 21:46:50:4650 [35mhttp[39m: [35m::1 - - [23/Oct/2025:18:46:50 +0000] "GET /api/v1/campaigns/trending HTTP/1.1" 304 - "http://localhost:3000/" "Mozilla/5.0 (Macintosh; Intel Mac OS X 10_15_7) AppleWebKit/537.36 (KHTML, like Gecko) Chrome/141.0.0.0 Safari/537.36"[39m
2025-10-23 21:46:50:4650 [35mhttp[39m: [35m::1 - - [23/Oct/2025:18:46:50 +0000] "GET /api/v1/campaigns/featured HTTP/1.1" 304 - "http://localhost:3000/" "Mozilla/5.0 (Macintosh; Intel Mac OS X 10_15_7) AppleWebKit/537.36 (KHTML, like Gecko) Chrome/141.0.0.0 Safari/537.36"[39m
2025-10-23 21:46:50:4650 [35mhttp[39m: [35m::1 - - [23/Oct/2025:18:46:50 +0000] "GET /api/v1/stats HTTP/1.1" 304 - "http://localhost:3000/" "Mozilla/5.0 (Macintosh; Intel Mac OS X 10_15_7) AppleWebKit/537.36 (KHTML, like Gecko) Chrome/141.0.0.0 Safari/537.36"[39m
2025-10-23 21:46:50:4650 [35mhttp[39m: [35m::1 - - [23/Oct/2025:18:46:50 +0000] "GET /api/v1/campaigns/trending HTTP/1.1" 304 - "http://localhost:3000/" "Mozilla/5.0 (Macintosh; Intel Mac OS X 10_15_7) AppleWebKit/537.36 (KHTML, like Gecko) Chrome/141.0.0.0 Safari/537.36"[39m
2025-10-23 21:46:50:4650 [35mhttp[39m: [35m::1 - - [23/Oct/2025:18:46:50 +0000] "GET /api/v1/campaigns/featured HTTP/1.1" 304 - "http://localhost:3000/" "Mozilla/5.0 (Macintosh; Intel Mac OS X 10_15_7) AppleWebKit/537.36 (KHTML, like Gecko) Chrome/141.0.0.0 Safari/537.36"[39m
2025-10-23 21:46:50:4650 [35mhttp[39m: [35m::1 - - [23/Oct/2025:18:46:50 +0000] "GET /api/v1/stats HTTP/1.1" 304 - "http://localhost:3000/" "Mozilla/5.0 (Macintosh; Intel Mac OS X 10_15_7) AppleWebKit/537.36 (KHTML, like Gecko) Chrome/141.0.0.0 Safari/537.36"[39m
2025-10-23 21:46:51:4651 [35mhttp[39m: [35m::1 - - [23/Oct/2025:18:46:51 +0000] "GET /api/v1/campaigns/550e8400-e29b-41d4-a716-446655440004/donations?page=1&limit=10 HTTP/1.1" 304 - "http://localhost:3000/" "Mozilla/5.0 (Macintosh; Intel Mac OS X 10_15_7) AppleWebKit/537.36 (KHTML, like Gecko) Chrome/141.0.0.0 Safari/537.36"[39m
2025-10-23 21:46:51:4651 [35mhttp[39m: [35m::1 - - [23/Oct/2025:18:46:51 +0000] "GET /api/v1/campaigns/550e8400-e29b-41d4-a716-446655440004/donations?page=1&limit=10 HTTP/1.1" 304 - "http://localhost:3000/" "Mozilla/5.0 (Macintosh; Intel Mac OS X 10_15_7) AppleWebKit/537.36 (KHTML, like Gecko) Chrome/141.0.0.0 Safari/537.36"[39m
2025-10-23 21:46:51:4651 [35mhttp[39m: [35m::1 - - [23/Oct/2025:18:46:51 +0000] "GET /api/v1/campaigns/550e8400-e29b-41d4-a716-446655440004 HTTP/1.1" 304 - "http://localhost:3000/" "Mozilla/5.0 (Macintosh; Intel Mac OS X 10_15_7) AppleWebKit/537.36 (KHTML, like Gecko) Chrome/141.0.0.0 Safari/537.36"[39m
2025-10-23 21:46:51:4651 [35mhttp[39m: [35m::1 - - [23/Oct/2025:18:46:51 +0000] "GET /api/v1/campaigns/550e8400-e29b-41d4-a716-446655440004 HTTP/1.1" 304 - "http://localhost:3000/" "Mozilla/5.0 (Macintosh; Intel Mac OS X 10_15_7) AppleWebKit/537.36 (KHTML, like Gecko) Chrome/141.0.0.0 Safari/537.36"[39m
2025-10-23 21:48:46:4846 [35mhttp[39m: [35m::1 - - [23/Oct/2025:18:48:46 +0000] "POST /api/v1/campaigns/550e8400-e29b-41d4-a716-446655440010/donations HTTP/1.1" 401 41 "-" "curl/8.7.1"[39m
2025-10-23 21:48:48:4848 [35mhttp[39m: [35m::1 - - [23/Oct/2025:18:48:48 +0000] "GET /api/v1/campaigns?limit=20 HTTP/1.1" 200 8443 "-" "curl/8.7.1"[39m
2025-10-23 21:50:00:500 [32minfo[39m: [32mApplication started[39m
2025-10-23 21:50:10:5010 [35mhttp[39m: [35m::1 - - [23/Oct/2025:18:50:10 +0000] "GET /api/v1/stats HTTP/1.1" 304 - "http://localhost:3000/" "Mozilla/5.0 (Macintosh; Intel Mac OS X 10_15_7) AppleWebKit/537.36 (KHTML, like Gecko) Chrome/141.0.0.0 Safari/537.36"[39m
2025-10-23 21:50:10:5010 [35mhttp[39m: [35m::1 - - [23/Oct/2025:18:50:10 +0000] "GET /api/v1/campaigns/featured HTTP/1.1" 304 - "http://localhost:3000/" "Mozilla/5.0 (Macintosh; Intel Mac OS X 10_15_7) AppleWebKit/537.36 (KHTML, like Gecko) Chrome/141.0.0.0 Safari/537.36"[39m
2025-10-23 21:50:10:5010 [35mhttp[39m: [35m::1 - - [23/Oct/2025:18:50:10 +0000] "GET /api/v1/campaigns/trending HTTP/1.1" 304 - "http://localhost:3000/" "Mozilla/5.0 (Macintosh; Intel Mac OS X 10_15_7) AppleWebKit/537.36 (KHTML, like Gecko) Chrome/141.0.0.0 Safari/537.36"[39m
2025-10-23 21:50:10:5010 [35mhttp[39m: [35m::1 - - [23/Oct/2025:18:50:10 +0000] "GET /api/v1/campaigns/featured HTTP/1.1" 304 - "http://localhost:3000/" "Mozilla/5.0 (Macintosh; Intel Mac OS X 10_15_7) AppleWebKit/537.36 (KHTML, like Gecko) Chrome/141.0.0.0 Safari/537.36"[39m
2025-10-23 21:50:10:5010 [35mhttp[39m: [35m::1 - - [23/Oct/2025:18:50:10 +0000] "GET /api/v1/campaigns/trending HTTP/1.1" 304 - "http://localhost:3000/" "Mozilla/5.0 (Macintosh; Intel Mac OS X 10_15_7) AppleWebKit/537.36 (KHTML, like Gecko) Chrome/141.0.0.0 Safari/537.36"[39m
2025-10-23 21:50:10:5010 [35mhttp[39m: [35m::1 - - [23/Oct/2025:18:50:10 +0000] "GET /api/v1/stats HTTP/1.1" 304 - "http://localhost:3000/" "Mozilla/5.0 (Macintosh; Intel Mac OS X 10_15_7) AppleWebKit/537.36 (KHTML, like Gecko) Chrome/141.0.0.0 Safari/537.36"[39m
2025-10-23 21:50:10:5010 [35mhttp[39m: [35m::1 - - [23/Oct/2025:18:50:10 +0000] "GET /api/v1/users/profile HTTP/1.1" 304 - "http://localhost:3000/" "Mozilla/5.0 (Macintosh; Intel Mac OS X 10_15_7) AppleWebKit/537.36 (KHTML, like Gecko) Chrome/141.0.0.0 Safari/537.36"[39m
2025-10-23 21:50:10:5010 [35mhttp[39m: [35m::1 - - [23/Oct/2025:18:50:10 +0000] "GET /api/v1/users/profile HTTP/1.1" 304 - "http://localhost:3000/" "Mozilla/5.0 (Macintosh; Intel Mac OS X 10_15_7) AppleWebKit/537.36 (KHTML, like Gecko) Chrome/141.0.0.0 Safari/537.36"[39m
2025-10-23 21:50:15:5015 [35mhttp[39m: [35m::1 - - [23/Oct/2025:18:50:15 +0000] "GET /api/v1/campaigns?category=&status=&search=&page=1&limit=12 HTTP/1.1" 200 7990 "http://localhost:3000/" "Mozilla/5.0 (Macintosh; Intel Mac OS X 10_15_7) AppleWebKit/537.36 (KHTML, like Gecko) Chrome/141.0.0.0 Safari/537.36"[39m
2025-10-23 21:50:15:5015 [35mhttp[39m: [35m::1 - - [23/Oct/2025:18:50:15 +0000] "GET /api/v1/campaigns/featured HTTP/1.1" 304 - "http://localhost:3000/" "Mozilla/5.0 (Macintosh; Intel Mac OS X 10_15_7) AppleWebKit/537.36 (KHTML, like Gecko) Chrome/141.0.0.0 Safari/537.36"[39m
2025-10-23 21:50:15:5015 [35mhttp[39m: [35m::1 - - [23/Oct/2025:18:50:15 +0000] "GET /api/v1/campaigns?category=&status=&search=&page=1&limit=12 HTTP/1.1" 304 - "http://localhost:3000/" "Mozilla/5.0 (Macintosh; Intel Mac OS X 10_15_7) AppleWebKit/537.36 (KHTML, like Gecko) Chrome/141.0.0.0 Safari/537.36"[39m
2025-10-23 21:50:15:5015 [35mhttp[39m: [35m::1 - - [23/Oct/2025:18:50:15 +0000] "GET /api/v1/campaigns/featured HTTP/1.1" 304 - "http://localhost:3000/" "Mozilla/5.0 (Macintosh; Intel Mac OS X 10_15_7) AppleWebKit/537.36 (KHTML, like Gecko) Chrome/141.0.0.0 Safari/537.36"[39m
2025-10-23 21:50:25:5025 [35mhttp[39m: [35m::1 - - [23/Oct/2025:18:50:25 +0000] "GET /api/v1/campaigns/550e8400-e29b-41d4-a716-446655440008 HTTP/1.1" 304 - "http://localhost:3000/" "Mozilla/5.0 (Macintosh; Intel Mac OS X 10_15_7) AppleWebKit/537.36 (KHTML, like Gecko) Chrome/141.0.0.0 Safari/537.36"[39m
2025-10-23 21:50:25:5025 [35mhttp[39m: [35m::1 - - [23/Oct/2025:18:50:25 +0000] "GET /api/v1/campaigns/550e8400-e29b-41d4-a716-446655440008 HTTP/1.1" 304 - "http://localhost:3000/" "Mozilla/5.0 (Macintosh; Intel Mac OS X 10_15_7) AppleWebKit/537.36 (KHTML, like Gecko) Chrome/141.0.0.0 Safari/537.36"[39m
2025-10-23 21:50:25:5025 [35mhttp[39m: [35m::1 - - [23/Oct/2025:18:50:25 +0000] "GET /api/v1/campaigns/550e8400-e29b-41d4-a716-446655440008/donations?page=1&limit=10 HTTP/1.1" 304 - "http://localhost:3000/" "Mozilla/5.0 (Macintosh; Intel Mac OS X 10_15_7) AppleWebKit/537.36 (KHTML, like Gecko) Chrome/141.0.0.0 Safari/537.36"[39m
2025-10-23 21:50:25:5025 [35mhttp[39m: [35m::1 - - [23/Oct/2025:18:50:25 +0000] "GET /api/v1/campaigns/550e8400-e29b-41d4-a716-446655440008/donations?page=1&limit=10 HTTP/1.1" 304 - "http://localhost:3000/" "Mozilla/5.0 (Macintosh; Intel Mac OS X 10_15_7) AppleWebKit/537.36 (KHTML, like Gecko) Chrome/141.0.0.0 Safari/537.36"[39m
2025-10-23 21:50:28:5028 [35mhttp[39m: [35m::1 - - [23/Oct/2025:18:50:28 +0000] "POST /api/v1/auth/login HTTP/1.1" 200 387 "http://localhost:3000/" "Mozilla/5.0 (Macintosh; Intel Mac OS X 10_15_7) AppleWebKit/537.36 (KHTML, like Gecko) Chrome/141.0.0.0 Safari/537.36"[39m
2025-10-23 21:50:30:5030 [35mhttp[39m: [35m::1 - - [23/Oct/2025:18:50:30 +0000] "GET /api/v1/campaigns/featured HTTP/1.1" 304 - "http://localhost:3000/" "Mozilla/5.0 (Macintosh; Intel Mac OS X 10_15_7) AppleWebKit/537.36 (KHTML, like Gecko) Chrome/141.0.0.0 Safari/537.36"[39m
2025-10-23 21:50:30:5030 [35mhttp[39m: [35m::1 - - [23/Oct/2025:18:50:30 +0000] "GET /api/v1/campaigns?category=&status=&search=&page=1&limit=12 HTTP/1.1" 304 - "http://localhost:3000/" "Mozilla/5.0 (Macintosh; Intel Mac OS X 10_15_7) AppleWebKit/537.36 (KHTML, like Gecko) Chrome/141.0.0.0 Safari/537.36"[39m
2025-10-23 21:50:30:5030 [35mhttp[39m: [35m::1 - - [23/Oct/2025:18:50:30 +0000] "GET /api/v1/campaigns?category=&status=&search=&page=1&limit=12 HTTP/1.1" 304 - "http://localhost:3000/" "Mozilla/5.0 (Macintosh; Intel Mac OS X 10_15_7) AppleWebKit/537.36 (KHTML, like Gecko) Chrome/141.0.0.0 Safari/537.36"[39m
2025-10-23 21:50:30:5030 [35mhttp[39m: [35m::1 - - [23/Oct/2025:18:50:30 +0000] "GET /api/v1/campaigns/featured HTTP/1.1" 304 - "http://localhost:3000/" "Mozilla/5.0 (Macintosh; Intel Mac OS X 10_15_7) AppleWebKit/537.36 (KHTML, like Gecko) Chrome/141.0.0.0 Safari/537.36"[39m
2025-10-23 21:50:34:5034 [35mhttp[39m: [35m::1 - - [23/Oct/2025:18:50:34 +0000] "GET /api/v1/campaigns/550e8400-e29b-41d4-a716-446655440008/donations?page=1&limit=10 HTTP/1.1" 304 - "http://localhost:3000/" "Mozilla/5.0 (Macintosh; Intel Mac OS X 10_15_7) AppleWebKit/537.36 (KHTML, like Gecko) Chrome/141.0.0.0 Safari/537.36"[39m
2025-10-23 21:50:34:5034 [35mhttp[39m: [35m::1 - - [23/Oct/2025:18:50:34 +0000] "GET /api/v1/campaigns/550e8400-e29b-41d4-a716-446655440008/donations?page=1&limit=10 HTTP/1.1" 304 - "http://localhost:3000/" "Mozilla/5.0 (Macintosh; Intel Mac OS X 10_15_7) AppleWebKit/537.36 (KHTML, like Gecko) Chrome/141.0.0.0 Safari/537.36"[39m
2025-10-23 21:50:34:5034 [35mhttp[39m: [35m::1 - - [23/Oct/2025:18:50:34 +0000] "GET /api/v1/campaigns/550e8400-e29b-41d4-a716-446655440008 HTTP/1.1" 304 - "http://localhost:3000/" "Mozilla/5.0 (Macintosh; Intel Mac OS X 10_15_7) AppleWebKit/537.36 (KHTML, like Gecko) Chrome/141.0.0.0 Safari/537.36"[39m
2025-10-23 21:50:34:5034 [35mhttp[39m: [35m::1 - - [23/Oct/2025:18:50:34 +0000] "GET /api/v1/campaigns/550e8400-e29b-41d4-a716-446655440008 HTTP/1.1" 304 - "http://localhost:3000/" "Mozilla/5.0 (Macintosh; Intel Mac OS X 10_15_7) AppleWebKit/537.36 (KHTML, like Gecko) Chrome/141.0.0.0 Safari/537.36"[39m
2025-10-23 21:51:56:5156 [35mhttp[39m: [35m::1 - - [23/Oct/2025:18:51:56 +0000] "GET /api/v1/campaigns/featured HTTP/1.1" 304 - "http://localhost:3000/" "Mozilla/5.0 (Macintosh; Intel Mac OS X 10_15_7) AppleWebKit/537.36 (KHTML, like Gecko) Chrome/141.0.0.0 Safari/537.36"[39m
2025-10-23 21:51:56:5156 [35mhttp[39m: [35m::1 - - [23/Oct/2025:18:51:56 +0000] "GET /api/v1/campaigns/trending HTTP/1.1" 304 - "http://localhost:3000/" "Mozilla/5.0 (Macintosh; Intel Mac OS X 10_15_7) AppleWebKit/537.36 (KHTML, like Gecko) Chrome/141.0.0.0 Safari/537.36"[39m
2025-10-23 21:51:56:5156 [35mhttp[39m: [35m::1 - - [23/Oct/2025:18:51:56 +0000] "GET /api/v1/campaigns/featured HTTP/1.1" 304 - "http://localhost:3000/" "Mozilla/5.0 (Macintosh; Intel Mac OS X 10_15_7) AppleWebKit/537.36 (KHTML, like Gecko) Chrome/141.0.0.0 Safari/537.36"[39m
2025-10-23 21:51:56:5156 [35mhttp[39m: [35m::1 - - [23/Oct/2025:18:51:56 +0000] "GET /api/v1/campaigns/trending HTTP/1.1" 304 - "http://localhost:3000/" "Mozilla/5.0 (Macintosh; Intel Mac OS X 10_15_7) AppleWebKit/537.36 (KHTML, like Gecko) Chrome/141.0.0.0 Safari/537.36"[39m
2025-10-23 21:51:56:5156 [35mhttp[39m: [35m::1 - - [23/Oct/2025:18:51:56 +0000] "GET /api/v1/stats HTTP/1.1" 304 - "http://localhost:3000/" "Mozilla/5.0 (Macintosh; Intel Mac OS X 10_15_7) AppleWebKit/537.36 (KHTML, like Gecko) Chrome/141.0.0.0 Safari/537.36"[39m
2025-10-23 21:51:56:5156 [35mhttp[39m: [35m::1 - - [23/Oct/2025:18:51:56 +0000] "GET /api/v1/stats HTTP/1.1" 304 - "http://localhost:3000/" "Mozilla/5.0 (Macintosh; Intel Mac OS X 10_15_7) AppleWebKit/537.36 (KHTML, like Gecko) Chrome/141.0.0.0 Safari/537.36"[39m
2025-10-23 21:51:58:5158 [35mhttp[39m: [35m::1 - - [23/Oct/2025:18:51:58 +0000] "GET /api/v1/campaigns/featured HTTP/1.1" 304 - "http://localhost:3000/" "Mozilla/5.0 (Macintosh; Intel Mac OS X 10_15_7) AppleWebKit/537.36 (KHTML, like Gecko) Chrome/141.0.0.0 Safari/537.36"[39m
2025-10-23 21:51:58:5158 [35mhttp[39m: [35m::1 - - [23/Oct/2025:18:51:58 +0000] "GET /api/v1/campaigns?category=&status=&search=&page=1&limit=12 HTTP/1.1" 304 - "http://localhost:3000/" "Mozilla/5.0 (Macintosh; Intel Mac OS X 10_15_7) AppleWebKit/537.36 (KHTML, like Gecko) Chrome/141.0.0.0 Safari/537.36"[39m
2025-10-23 21:51:58:5158 [35mhttp[39m: [35m::1 - - [23/Oct/2025:18:51:58 +0000] "GET /api/v1/campaigns/featured HTTP/1.1" 304 - "http://localhost:3000/" "Mozilla/5.0 (Macintosh; Intel Mac OS X 10_15_7) AppleWebKit/537.36 (KHTML, like Gecko) Chrome/141.0.0.0 Safari/537.36"[39m
2025-10-23 21:51:58:5158 [35mhttp[39m: [35m::1 - - [23/Oct/2025:18:51:58 +0000] "GET /api/v1/campaigns?category=&status=&search=&page=1&limit=12 HTTP/1.1" 304 - "http://localhost:3000/" "Mozilla/5.0 (Macintosh; Intel Mac OS X 10_15_7) AppleWebKit/537.36 (KHTML, like Gecko) Chrome/141.0.0.0 Safari/537.36"[39m
2025-10-23 21:52:05:525 [35mhttp[39m: [35m::1 - - [23/Oct/2025:18:52:05 +0000] "GET /api/v1/campaigns?category=&status=&search=indie&page=1&limit=12 HTTP/1.1" 200 1450 "http://localhost:3000/" "Mozilla/5.0 (Macintosh; Intel Mac OS X 10_15_7) AppleWebKit/537.36 (KHTML, like Gecko) Chrome/141.0.0.0 Safari/537.36"[39m
2025-10-23 21:53:10:5310 [35mhttp[39m: [35m::1 - - [23/Oct/2025:18:53:10 +0000] "GET /api/v1/campaigns/550e8400-e29b-41d4-a716-446655440007 HTTP/1.1" 200 1638 "-" "curl/8.7.1"[39m
2025-10-23 21:53:13:5313 [35mhttp[39m: [35m::1 - - [23/Oct/2025:18:53:13 +0000] "GET /api/v1/campaigns/550e8400-e29b-41d4-a716-446655440007/stats HTTP/1.1" 404 149 "-" "curl/8.7.1"[39m
2025-10-23 21:53:15:5315 [35mhttp[39m: [35m::1 - - [23/Oct/2025:18:53:15 +0000] "GET /api/v1/campaigns/550e8400-e29b-41d4-a716-446655440007 HTTP/1.1" 200 1638 "-" "curl/8.7.1"[39m
2025-10-23 21:53:33:5333 [35mhttp[39m: [35m::1 - - [23/Oct/2025:18:53:33 +0000] "GET /api/v1/campaigns/550e8400-e29b-41d4-a716-446655440010 HTTP/1.1" 200 872 "-" "curl/8.7.1"[39m
2025-10-23 21:53:43:5343 [35mhttp[39m: [35m::1 - - [23/Oct/2025:18:53:43 +0000] "GET /api/v1/campaigns?category=&status=COMPLETED&search=indie&page=1&limit=12 HTTP/1.1" 200 751 "http://localhost:3000/" "Mozilla/5.0 (Macintosh; Intel Mac OS X 10_15_7) AppleWebKit/537.36 (KHTML, like Gecko) Chrome/141.0.0.0 Safari/537.36"[39m
2025-10-23 21:53:47:5347 [35mhttp[39m: [35m::1 - - [23/Oct/2025:18:53:47 +0000] "GET /api/v1/campaigns/550e8400-e29b-41d4-a716-446655440008/donations?page=1&limit=10 HTTP/1.1" 304 - "http://localhost:3000/" "Mozilla/5.0 (Macintosh; Intel Mac OS X 10_15_7) AppleWebKit/537.36 (KHTML, like Gecko) Chrome/141.0.0.0 Safari/537.36"[39m
2025-10-23 21:53:47:5347 [35mhttp[39m: [35m::1 - - [23/Oct/2025:18:53:47 +0000] "GET /api/v1/campaigns/550e8400-e29b-41d4-a716-446655440008/donations?page=1&limit=10 HTTP/1.1" 304 - "http://localhost:3000/" "Mozilla/5.0 (Macintosh; Intel Mac OS X 10_15_7) AppleWebKit/537.36 (KHTML, like Gecko) Chrome/141.0.0.0 Safari/537.36"[39m
2025-10-23 21:53:47:5347 [35mhttp[39m: [35m::1 - - [23/Oct/2025:18:53:47 +0000] "GET /api/v1/campaigns/550e8400-e29b-41d4-a716-446655440008 HTTP/1.1" 304 - "http://localhost:3000/" "Mozilla/5.0 (Macintosh; Intel Mac OS X 10_15_7) AppleWebKit/537.36 (KHTML, like Gecko) Chrome/141.0.0.0 Safari/537.36"[39m
2025-10-23 21:53:47:5347 [35mhttp[39m: [35m::1 - - [23/Oct/2025:18:53:47 +0000] "GET /api/v1/campaigns/550e8400-e29b-41d4-a716-446655440008 HTTP/1.1" 304 - "http://localhost:3000/" "Mozilla/5.0 (Macintosh; Intel Mac OS X 10_15_7) AppleWebKit/537.36 (KHTML, like Gecko) Chrome/141.0.0.0 Safari/537.36"[39m
2025-10-23 21:53:51:5351 [35mhttp[39m: [35m::1 - - [23/Oct/2025:18:53:51 +0000] "GET /api/v1/campaigns/trending HTTP/1.1" 304 - "http://localhost:3000/" "Mozilla/5.0 (Macintosh; Intel Mac OS X 10_15_7) AppleWebKit/537.36 (KHTML, like Gecko) Chrome/141.0.0.0 Safari/537.36"[39m
2025-10-23 21:53:51:5351 [35mhttp[39m: [35m::1 - - [23/Oct/2025:18:53:51 +0000] "GET /api/v1/campaigns/featured HTTP/1.1" 304 - "http://localhost:3000/" "Mozilla/5.0 (Macintosh; Intel Mac OS X 10_15_7) AppleWebKit/537.36 (KHTML, like Gecko) Chrome/141.0.0.0 Safari/537.36"[39m
2025-10-23 21:53:51:5351 [35mhttp[39m: [35m::1 - - [23/Oct/2025:18:53:51 +0000] "GET /api/v1/campaigns/trending HTTP/1.1" 304 - "http://localhost:3000/" "Mozilla/5.0 (Macintosh; Intel Mac OS X 10_15_7) AppleWebKit/537.36 (KHTML, like Gecko) Chrome/141.0.0.0 Safari/537.36"[39m
2025-10-23 21:53:51:5351 [35mhttp[39m: [35m::1 - - [23/Oct/2025:18:53:51 +0000] "GET /api/v1/campaigns/featured HTTP/1.1" 304 - "http://localhost:3000/" "Mozilla/5.0 (Macintosh; Intel Mac OS X 10_15_7) AppleWebKit/537.36 (KHTML, like Gecko) Chrome/141.0.0.0 Safari/537.36"[39m
2025-10-23 21:53:51:5351 [35mhttp[39m: [35m::1 - - [23/Oct/2025:18:53:51 +0000] "GET /api/v1/stats HTTP/1.1" 304 - "http://localhost:3000/" "Mozilla/5.0 (Macintosh; Intel Mac OS X 10_15_7) AppleWebKit/537.36 (KHTML, like Gecko) Chrome/141.0.0.0 Safari/537.36"[39m
2025-10-23 21:53:51:5351 [35mhttp[39m: [35m::1 - - [23/Oct/2025:18:53:51 +0000] "GET /api/v1/stats HTTP/1.1" 304 - "http://localhost:3000/" "Mozilla/5.0 (Macintosh; Intel Mac OS X 10_15_7) AppleWebKit/537.36 (KHTML, like Gecko) Chrome/141.0.0.0 Safari/537.36"[39m
2025-10-23 21:57:01:571 [35mhttp[39m: [35m::1 - - [23/Oct/2025:18:57:01 +0000] "POST /api/v1/campaigns HTTP/1.1" 201 464 "http://localhost:3000/" "Mozilla/5.0 (Macintosh; Intel Mac OS X 10_15_7) AppleWebKit/537.36 (KHTML, like Gecko) Chrome/141.0.0.0 Safari/537.36"[39m
2025-10-23 21:57:06:576 [35mhttp[39m: [35m::1 - - [23/Oct/2025:18:57:06 +0000] "POST /api/v1/campaigns HTTP/1.1" 201 464 "http://localhost:3000/" "Mozilla/5.0 (Macintosh; Intel Mac OS X 10_15_7) AppleWebKit/537.36 (KHTML, like Gecko) Chrome/141.0.0.0 Safari/537.36"[39m
2025-10-23 21:57:43:5743 [35mhttp[39m: [35m::1 - - [23/Oct/2025:18:57:43 +0000] "POST /api/v1/campaigns HTTP/1.1" 401 41 "-" "curl/8.7.1"[39m
2025-10-23 21:59:05:595 [35mhttp[39m: [35m::1 - - [23/Oct/2025:18:59:05 +0000] "POST /api/v1/campaigns HTTP/1.1" 201 464 "http://localhost:3000/" "Mozilla/5.0 (Macintosh; Intel Mac OS X 10_15_7) AppleWebKit/537.36 (KHTML, like Gecko) Chrome/141.0.0.0 Safari/537.36"[39m
2025-10-23 21:59:05:595 [35mhttp[39m: [35m::1 - - [23/Oct/2025:18:59:05 +0000] "GET /api/v1/campaigns/43d18d5a-f751-443c-b862-180b74b4b924 HTTP/1.1" 200 718 "http://localhost:3000/" "Mozilla/5.0 (Macintosh; Intel Mac OS X 10_15_7) AppleWebKit/537.36 (KHTML, like Gecko) Chrome/141.0.0.0 Safari/537.36"[39m
2025-10-23 21:59:05:595 [35mhttp[39m: [35m::1 - - [23/Oct/2025:18:59:05 +0000] "GET /api/v1/campaigns/43d18d5a-f751-443c-b862-180b74b4b924/donations?page=1&limit=10 HTTP/1.1" 200 91 "http://localhost:3000/" "Mozilla/5.0 (Macintosh; Intel Mac OS X 10_15_7) AppleWebKit/537.36 (KHTML, like Gecko) Chrome/141.0.0.0 Safari/537.36"[39m
2025-10-23 21:59:05:595 [35mhttp[39m: [35m::1 - - [23/Oct/2025:18:59:05 +0000] "GET /api/v1/campaigns/43d18d5a-f751-443c-b862-180b74b4b924/donations?page=1&limit=10 HTTP/1.1" 304 - "http://localhost:3000/" "Mozilla/5.0 (Macintosh; Intel Mac OS X 10_15_7) AppleWebKit/537.36 (KHTML, like Gecko) Chrome/141.0.0.0 Safari/537.36"[39m
2025-10-23 21:59:05:595 [35mhttp[39m: [35m::1 - - [23/Oct/2025:18:59:05 +0000] "GET /api/v1/campaigns/43d18d5a-f751-443c-b862-180b74b4b924 HTTP/1.1" 304 - "http://localhost:3000/" "Mozilla/5.0 (Macintosh; Intel Mac OS X 10_15_7) AppleWebKit/537.36 (KHTML, like Gecko) Chrome/141.0.0.0 Safari/537.36"[39m
2025-10-23 21:59:09:599 [35mhttp[39m: [35m::1 - - [23/Oct/2025:18:59:09 +0000] "GET /api/v1/campaigns/featured HTTP/1.1" 304 - "http://localhost:3000/" "Mozilla/5.0 (Macintosh; Intel Mac OS X 10_15_7) AppleWebKit/537.36 (KHTML, like Gecko) Chrome/141.0.0.0 Safari/537.36"[39m
2025-10-23 21:59:09:599 [35mhttp[39m: [35m::1 - - [23/Oct/2025:18:59:09 +0000] "GET /api/v1/campaigns/featured HTTP/1.1" 304 - "http://localhost:3000/" "Mozilla/5.0 (Macintosh; Intel Mac OS X 10_15_7) AppleWebKit/537.36 (KHTML, like Gecko) Chrome/141.0.0.0 Safari/537.36"[39m
2025-10-23 21:59:09:599 [35mhttp[39m: [35m::1 - - [23/Oct/2025:18:59:09 +0000] "GET /api/v1/campaigns/trending HTTP/1.1" 304 - "http://localhost:3000/" "Mozilla/5.0 (Macintosh; Intel Mac OS X 10_15_7) AppleWebKit/537.36 (KHTML, like Gecko) Chrome/141.0.0.0 Safari/537.36"[39m
2025-10-23 21:59:09:599 [35mhttp[39m: [35m::1 - - [23/Oct/2025:18:59:09 +0000] "GET /api/v1/campaigns/trending HTTP/1.1" 304 - "http://localhost:3000/" "Mozilla/5.0 (Macintosh; Intel Mac OS X 10_15_7) AppleWebKit/537.36 (KHTML, like Gecko) Chrome/141.0.0.0 Safari/537.36"[39m
2025-10-23 21:59:09:599 [35mhttp[39m: [35m::1 - - [23/Oct/2025:18:59:09 +0000] "GET /api/v1/stats HTTP/1.1" 200 121 "http://localhost:3000/" "Mozilla/5.0 (Macintosh; Intel Mac OS X 10_15_7) AppleWebKit/537.36 (KHTML, like Gecko) Chrome/141.0.0.0 Safari/537.36"[39m
2025-10-23 21:59:09:599 [35mhttp[39m: [35m::1 - - [23/Oct/2025:18:59:09 +0000] "GET /api/v1/stats HTTP/1.1" 304 - "http://localhost:3000/" "Mozilla/5.0 (Macintosh; Intel Mac OS X 10_15_7) AppleWebKit/537.36 (KHTML, like Gecko) Chrome/141.0.0.0 Safari/537.36"[39m
2025-10-23 21:59:20:5920 [35mhttp[39m: [35m::1 - - [23/Oct/2025:18:59:20 +0000] "GET /api/v1/campaigns?category=&status=&search=&page=1&limit=12 HTTP/1.1" 200 7938 "http://localhost:3000/" "Mozilla/5.0 (Macintosh; Intel Mac OS X 10_15_7) AppleWebKit/537.36 (KHTML, like Gecko) Chrome/141.0.0.0 Safari/537.36"[39m
2025-10-23 21:59:20:5920 [35mhttp[39m: [35m::1 - - [23/Oct/2025:18:59:20 +0000] "GET /api/v1/campaigns/featured HTTP/1.1" 304 - "http://localhost:3000/" "Mozilla/5.0 (Macintosh; Intel Mac OS X 10_15_7) AppleWebKit/537.36 (KHTML, like Gecko) Chrome/141.0.0.0 Safari/537.36"[39m
2025-10-23 21:59:20:5920 [35mhttp[39m: [35m::1 - - [23/Oct/2025:18:59:20 +0000] "GET /api/v1/campaigns?category=&status=&search=&page=1&limit=12 HTTP/1.1" 304 - "http://localhost:3000/" "Mozilla/5.0 (Macintosh; Intel Mac OS X 10_15_7) AppleWebKit/537.36 (KHTML, like Gecko) Chrome/141.0.0.0 Safari/537.36"[39m
2025-10-23 21:59:20:5920 [35mhttp[39m: [35m::1 - - [23/Oct/2025:18:59:20 +0000] "GET /api/v1/campaigns/featured HTTP/1.1" 304 - "http://localhost:3000/" "Mozilla/5.0 (Macintosh; Intel Mac OS X 10_15_7) AppleWebKit/537.36 (KHTML, like Gecko) Chrome/141.0.0.0 Safari/537.36"[39m
2025-10-23 21:59:29:5929 [35mhttp[39m: [35m::1 - - [23/Oct/2025:18:59:29 +0000] "GET /api/v1/campaigns/43d18d5a-f751-443c-b862-180b74b4b924/donations?page=1&limit=10 HTTP/1.1" 304 - "http://localhost:3000/" "Mozilla/5.0 (Macintosh; Intel Mac OS X 10_15_7) AppleWebKit/537.36 (KHTML, like Gecko) Chrome/141.0.0.0 Safari/537.36"[39m
2025-10-23 21:59:29:5929 [35mhttp[39m: [35m::1 - - [23/Oct/2025:18:59:29 +0000] "GET /api/v1/campaigns/43d18d5a-f751-443c-b862-180b74b4b924/donations?page=1&limit=10 HTTP/1.1" 304 - "http://localhost:3000/" "Mozilla/5.0 (Macintosh; Intel Mac OS X 10_15_7) AppleWebKit/537.36 (KHTML, like Gecko) Chrome/141.0.0.0 Safari/537.36"[39m
2025-10-23 21:59:29:5929 [35mhttp[39m: [35m::1 - - [23/Oct/2025:18:59:29 +0000] "GET /api/v1/campaigns/43d18d5a-f751-443c-b862-180b74b4b924 HTTP/1.1" 304 - "http://localhost:3000/" "Mozilla/5.0 (Macintosh; Intel Mac OS X 10_15_7) AppleWebKit/537.36 (KHTML, like Gecko) Chrome/141.0.0.0 Safari/537.36"[39m
2025-10-23 21:59:29:5929 [35mhttp[39m: [35m::1 - - [23/Oct/2025:18:59:29 +0000] "GET /api/v1/campaigns/43d18d5a-f751-443c-b862-180b74b4b924 HTTP/1.1" 304 - "http://localhost:3000/" "Mozilla/5.0 (Macintosh; Intel Mac OS X 10_15_7) AppleWebKit/537.36 (KHTML, like Gecko) Chrome/141.0.0.0 Safari/537.36"[39m
2025-10-23 22:00:38:038 [35mhttp[39m: [35m::1 - - [23/Oct/2025:19:00:38 +0000] "GET /api/v1/campaigns HTTP/1.1" 200 10027 "-" "curl/8.7.1"[39m
2025-10-23 22:00:48:048 [35mhttp[39m: [35m::1 - - [23/Oct/2025:19:00:48 +0000] "POST /api/v1/auth/login HTTP/1.1" 200 376 "http://localhost:3000/" "Mozilla/5.0 (Macintosh; Intel Mac OS X 10_15_7) AppleWebKit/537.36 (KHTML, like Gecko) Chrome/141.0.0.0 Safari/537.36"[39m
2025-10-23 22:00:50:050 [35mhttp[39m: [35m::1 - - [23/Oct/2025:19:00:50 +0000] "GET /api/v1/campaigns?category=&status=&search=&page=1&limit=12 HTTP/1.1" 304 - "http://localhost:3000/" "Mozilla/5.0 (Macintosh; Intel Mac OS X 10_15_7) AppleWebKit/537.36 (KHTML, like Gecko) Chrome/141.0.0.0 Safari/537.36"[39m
2025-10-23 22:00:50:050 [35mhttp[39m: [35m::1 - - [23/Oct/2025:19:00:50 +0000] "GET /api/v1/campaigns/featured HTTP/1.1" 304 - "http://localhost:3000/" "Mozilla/5.0 (Macintosh; Intel Mac OS X 10_15_7) AppleWebKit/537.36 (KHTML, like Gecko) Chrome/141.0.0.0 Safari/537.36"[39m
2025-10-23 22:00:50:050 [35mhttp[39m: [35m::1 - - [23/Oct/2025:19:00:50 +0000] "GET /api/v1/campaigns?category=&status=&search=&page=1&limit=12 HTTP/1.1" 304 - "http://localhost:3000/" "Mozilla/5.0 (Macintosh; Intel Mac OS X 10_15_7) AppleWebKit/537.36 (KHTML, like Gecko) Chrome/141.0.0.0 Safari/537.36"[39m
2025-10-23 22:00:50:050 [35mhttp[39m: [35m::1 - - [23/Oct/2025:19:00:50 +0000] "GET /api/v1/campaigns/featured HTTP/1.1" 304 - "http://localhost:3000/" "Mozilla/5.0 (Macintosh; Intel Mac OS X 10_15_7) AppleWebKit/537.36 (KHTML, like Gecko) Chrome/141.0.0.0 Safari/537.36"[39m
2025-10-23 22:00:53:053 [35mhttp[39m: [35m::1 - - [23/Oct/2025:19:00:53 +0000] "GET /api/v1/campaigns/43d18d5a-f751-443c-b862-180b74b4b924/donations?page=1&limit=10 HTTP/1.1" 304 - "http://localhost:3000/" "Mozilla/5.0 (Macintosh; Intel Mac OS X 10_15_7) AppleWebKit/537.36 (KHTML, like Gecko) Chrome/141.0.0.0 Safari/537.36"[39m
2025-10-23 22:00:53:053 [35mhttp[39m: [35m::1 - - [23/Oct/2025:19:00:53 +0000] "GET /api/v1/campaigns/43d18d5a-f751-443c-b862-180b74b4b924/donations?page=1&limit=10 HTTP/1.1" 304 - "http://localhost:3000/" "Mozilla/5.0 (Macintosh; Intel Mac OS X 10_15_7) AppleWebKit/537.36 (KHTML, like Gecko) Chrome/141.0.0.0 Safari/537.36"[39m
2025-10-23 22:00:53:053 [35mhttp[39m: [35m::1 - - [23/Oct/2025:19:00:53 +0000] "GET /api/v1/campaigns/43d18d5a-f751-443c-b862-180b74b4b924 HTTP/1.1" 304 - "http://localhost:3000/" "Mozilla/5.0 (Macintosh; Intel Mac OS X 10_15_7) AppleWebKit/537.36 (KHTML, like Gecko) Chrome/141.0.0.0 Safari/537.36"[39m
2025-10-23 22:00:53:053 [35mhttp[39m: [35m::1 - - [23/Oct/2025:19:00:53 +0000] "GET /api/v1/campaigns/43d18d5a-f751-443c-b862-180b74b4b924 HTTP/1.1" 304 - "http://localhost:3000/" "Mozilla/5.0 (Macintosh; Intel Mac OS X 10_15_7) AppleWebKit/537.36 (KHTML, like Gecko) Chrome/141.0.0.0 Safari/537.36"[39m
2025-10-23 22:04:09:49 [35mhttp[39m: [35m::1 - - [23/Oct/2025:19:04:09 +0000] "GET /api/v1/campaigns/43d18d5a-f751-443c-b862-180b74b4b924/donations?page=1&limit=10 HTTP/1.1" 304 - "http://localhost:3000/" "Mozilla/5.0 (Macintosh; Intel Mac OS X 10_15_7) AppleWebKit/537.36 (KHTML, like Gecko) Chrome/141.0.0.0 Safari/537.36"[39m
2025-10-23 22:04:09:49 [35mhttp[39m: [35m::1 - - [23/Oct/2025:19:04:09 +0000] "GET /api/v1/campaigns/43d18d5a-f751-443c-b862-180b74b4b924/donations?page=1&limit=10 HTTP/1.1" 304 - "http://localhost:3000/" "Mozilla/5.0 (Macintosh; Intel Mac OS X 10_15_7) AppleWebKit/537.36 (KHTML, like Gecko) Chrome/141.0.0.0 Safari/537.36"[39m
2025-10-23 22:04:09:49 [35mhttp[39m: [35m::1 - - [23/Oct/2025:19:04:09 +0000] "GET /api/v1/campaigns/43d18d5a-f751-443c-b862-180b74b4b924 HTTP/1.1" 304 - "http://localhost:3000/" "Mozilla/5.0 (Macintosh; Intel Mac OS X 10_15_7) AppleWebKit/537.36 (KHTML, like Gecko) Chrome/141.0.0.0 Safari/537.36"[39m
2025-10-23 22:04:09:49 [35mhttp[39m: [35m::1 - - [23/Oct/2025:19:04:09 +0000] "GET /api/v1/campaigns/43d18d5a-f751-443c-b862-180b74b4b924 HTTP/1.1" 304 - "http://localhost:3000/" "Mozilla/5.0 (Macintosh; Intel Mac OS X 10_15_7) AppleWebKit/537.36 (KHTML, like Gecko) Chrome/141.0.0.0 Safari/537.36"[39m
2025-10-23 22:04:09:49 [35mhttp[39m: [35m::1 - - [23/Oct/2025:19:04:09 +0000] "GET /api/v1/users/profile HTTP/1.1" 200 308 "http://localhost:3000/" "Mozilla/5.0 (Macintosh; Intel Mac OS X 10_15_7) AppleWebKit/537.36 (KHTML, like Gecko) Chrome/141.0.0.0 Safari/537.36"[39m
2025-10-23 22:04:09:49 [35mhttp[39m: [35m::1 - - [23/Oct/2025:19:04:09 +0000] "GET /api/v1/users/profile HTTP/1.1" 304 - "http://localhost:3000/" "Mozilla/5.0 (Macintosh; Intel Mac OS X 10_15_7) AppleWebKit/537.36 (KHTML, like Gecko) Chrome/141.0.0.0 Safari/537.36"[39m
2025-10-23 22:04:14:414 [35mhttp[39m: [35m::1 - - [23/Oct/2025:19:04:14 +0000] "POST /api/v1/auth/login HTTP/1.1" 200 387 "http://localhost:3000/" "Mozilla/5.0 (Macintosh; Intel Mac OS X 10_15_7) AppleWebKit/537.36 (KHTML, like Gecko) Chrome/141.0.0.0 Safari/537.36"[39m
2025-10-23 22:04:16:416 [35mhttp[39m: [35m::1 - - [23/Oct/2025:19:04:16 +0000] "GET /api/v1/campaigns/featured HTTP/1.1" 304 - "http://localhost:3000/" "Mozilla/5.0 (Macintosh; Intel Mac OS X 10_15_7) AppleWebKit/537.36 (KHTML, like Gecko) Chrome/141.0.0.0 Safari/537.36"[39m
2025-10-23 22:04:16:416 [35mhttp[39m: [35m::1 - - [23/Oct/2025:19:04:16 +0000] "GET /api/v1/campaigns?category=&status=&search=&page=1&limit=12 HTTP/1.1" 304 - "http://localhost:3000/" "Mozilla/5.0 (Macintosh; Intel Mac OS X 10_15_7) AppleWebKit/537.36 (KHTML, like Gecko) Chrome/141.0.0.0 Safari/537.36"[39m
2025-10-23 22:04:16:416 [35mhttp[39m: [35m::1 - - [23/Oct/2025:19:04:16 +0000] "GET /api/v1/campaigns/featured HTTP/1.1" 304 - "http://localhost:3000/" "Mozilla/5.0 (Macintosh; Intel Mac OS X 10_15_7) AppleWebKit/537.36 (KHTML, like Gecko) Chrome/141.0.0.0 Safari/537.36"[39m
2025-10-23 22:04:16:416 [35mhttp[39m: [35m::1 - - [23/Oct/2025:19:04:16 +0000] "GET /api/v1/campaigns?category=&status=&search=&page=1&limit=12 HTTP/1.1" 304 - "http://localhost:3000/" "Mozilla/5.0 (Macintosh; Intel Mac OS X 10_15_7) AppleWebKit/537.36 (KHTML, like Gecko) Chrome/141.0.0.0 Safari/537.36"[39m
2025-10-23 22:04:20:420 [35mhttp[39m: [35m::1 - - [23/Oct/2025:19:04:20 +0000] "GET /api/v1/campaigns/43d18d5a-f751-443c-b862-180b74b4b924/donations?page=1&limit=10 HTTP/1.1" 304 - "http://localhost:3000/" "Mozilla/5.0 (Macintosh; Intel Mac OS X 10_15_7) AppleWebKit/537.36 (KHTML, like Gecko) Chrome/141.0.0.0 Safari/537.36"[39m
2025-10-23 22:04:20:420 [35mhttp[39m: [35m::1 - - [23/Oct/2025:19:04:20 +0000] "GET /api/v1/campaigns/43d18d5a-f751-443c-b862-180b74b4b924/donations?page=1&limit=10 HTTP/1.1" 304 - "http://localhost:3000/" "Mozilla/5.0 (Macintosh; Intel Mac OS X 10_15_7) AppleWebKit/537.36 (KHTML, like Gecko) Chrome/141.0.0.0 Safari/537.36"[39m
2025-10-23 22:04:20:420 [35mhttp[39m: [35m::1 - - [23/Oct/2025:19:04:20 +0000] "GET /api/v1/campaigns/43d18d5a-f751-443c-b862-180b74b4b924 HTTP/1.1" 304 - "http://localhost:3000/" "Mozilla/5.0 (Macintosh; Intel Mac OS X 10_15_7) AppleWebKit/537.36 (KHTML, like Gecko) Chrome/141.0.0.0 Safari/537.36"[39m
2025-10-23 22:04:20:420 [35mhttp[39m: [35m::1 - - [23/Oct/2025:19:04:20 +0000] "GET /api/v1/campaigns/43d18d5a-f751-443c-b862-180b74b4b924 HTTP/1.1" 304 - "http://localhost:3000/" "Mozilla/5.0 (Macintosh; Intel Mac OS X 10_15_7) AppleWebKit/537.36 (KHTML, like Gecko) Chrome/141.0.0.0 Safari/537.36"[39m
2025-10-23 22:05:12:512 [35mhttp[39m: [35m::1 - - [23/Oct/2025:19:05:12 +0000] "GET /api/v1/campaigns/featured HTTP/1.1" 200 2889 "http://localhost:3000/" "Mozilla/5.0 (Macintosh; Intel Mac OS X 10_15_7) AppleWebKit/537.36 (KHTML, like Gecko) Chrome/141.0.0.0 Safari/537.36"[39m
2025-10-23 22:05:12:512 [35mhttp[39m: [35m::1 - - [23/Oct/2025:19:05:12 +0000] "GET /api/v1/campaigns/trending HTTP/1.1" 200 2973 "http://localhost:3000/" "Mozilla/5.0 (Macintosh; Intel Mac OS X 10_15_7) AppleWebKit/537.36 (KHTML, like Gecko) Chrome/141.0.0.0 Safari/537.36"[39m
2025-10-23 22:05:12:512 [35mhttp[39m: [35m::1 - - [23/Oct/2025:19:05:12 +0000] "GET /api/v1/campaigns/trending HTTP/1.1" 304 - "http://localhost:3000/" "Mozilla/5.0 (Macintosh; Intel Mac OS X 10_15_7) AppleWebKit/537.36 (KHTML, like Gecko) Chrome/141.0.0.0 Safari/537.36"[39m
2025-10-23 22:05:12:512 [35mhttp[39m: [35m::1 - - [23/Oct/2025:19:05:12 +0000] "GET /api/v1/campaigns/featured HTTP/1.1" 304 - "http://localhost:3000/" "Mozilla/5.0 (Macintosh; Intel Mac OS X 10_15_7) AppleWebKit/537.36 (KHTML, like Gecko) Chrome/141.0.0.0 Safari/537.36"[39m
2025-10-23 22:05:12:512 [35mhttp[39m: [35m::1 - - [23/Oct/2025:19:05:12 +0000] "GET /api/v1/stats HTTP/1.1" 200 121 "http://localhost:3000/" "Mozilla/5.0 (Macintosh; Intel Mac OS X 10_15_7) AppleWebKit/537.36 (KHTML, like Gecko) Chrome/141.0.0.0 Safari/537.36"[39m
2025-10-23 22:05:12:512 [35mhttp[39m: [35m::1 - - [23/Oct/2025:19:05:12 +0000] "GET /api/v1/stats HTTP/1.1" 304 - "http://localhost:3000/" "Mozilla/5.0 (Macintosh; Intel Mac OS X 10_15_7) AppleWebKit/537.36 (KHTML, like Gecko) Chrome/141.0.0.0 Safari/537.36"[39m
2025-10-23 22:05:14:514 [35mhttp[39m: [35m::1 - - [23/Oct/2025:19:05:14 +0000] "POST /api/v1/auth/login HTTP/1.1" 200 387 "http://localhost:3000/" "Mozilla/5.0 (Macintosh; Intel Mac OS X 10_15_7) AppleWebKit/537.36 (KHTML, like Gecko) Chrome/141.0.0.0 Safari/537.36"[39m
2025-10-23 22:05:16:516 [35mhttp[39m: [35m::1 - - [23/Oct/2025:19:05:16 +0000] "GET /api/v1/campaigns/featured HTTP/1.1" 304 - "http://localhost:3000/" "Mozilla/5.0 (Macintosh; Intel Mac OS X 10_15_7) AppleWebKit/537.36 (KHTML, like Gecko) Chrome/141.0.0.0 Safari/537.36"[39m
2025-10-23 22:05:16:516 [35mhttp[39m: [35m::1 - - [23/Oct/2025:19:05:16 +0000] "GET /api/v1/campaigns?category=&status=&search=&page=1&limit=12 HTTP/1.1" 200 7938 "http://localhost:3000/" "Mozilla/5.0 (Macintosh; Intel Mac OS X 10_15_7) AppleWebKit/537.36 (KHTML, like Gecko) Chrome/141.0.0.0 Safari/537.36"[39m
2025-10-23 22:05:16:516 [35mhttp[39m: [35m::1 - - [23/Oct/2025:19:05:16 +0000] "GET /api/v1/campaigns/featured HTTP/1.1" 304 - "http://localhost:3000/" "Mozilla/5.0 (Macintosh; Intel Mac OS X 10_15_7) AppleWebKit/537.36 (KHTML, like Gecko) Chrome/141.0.0.0 Safari/537.36"[39m
2025-10-23 22:05:16:516 [35mhttp[39m: [35m::1 - - [23/Oct/2025:19:05:16 +0000] "GET /api/v1/campaigns?category=&status=&search=&page=1&limit=12 HTTP/1.1" 304 - "http://localhost:3000/" "Mozilla/5.0 (Macintosh; Intel Mac OS X 10_15_7) AppleWebKit/537.36 (KHTML, like Gecko) Chrome/141.0.0.0 Safari/537.36"[39m
2025-10-23 22:05:18:518 [35mhttp[39m: [35m::1 - - [23/Oct/2025:19:05:18 +0000] "POST /api/v1/auth/login HTTP/1.1" 200 387 "http://localhost:3000/" "Mozilla/5.0 (Macintosh; Intel Mac OS X 10_15_7) AppleWebKit/537.36 (KHTML, like Gecko) Chrome/141.0.0.0 Safari/537.36"[39m
2025-10-23 22:05:19:519 [35mhttp[39m: [35m::1 - - [23/Oct/2025:19:05:19 +0000] "GET /api/v1/campaigns?category=&status=&search=&page=1&limit=12 HTTP/1.1" 200 7922 "http://localhost:3000/" "Mozilla/5.0 (Macintosh; Intel Mac OS X 10_15_7) AppleWebKit/537.36 (KHTML, like Gecko) Chrome/141.0.0.0 Safari/537.36"[39m
2025-10-23 22:05:19:519 [35mhttp[39m: [35m::1 - - [23/Oct/2025:19:05:19 +0000] "GET /api/v1/campaigns/featured HTTP/1.1" 304 - "http://localhost:3000/" "Mozilla/5.0 (Macintosh; Intel Mac OS X 10_15_7) AppleWebKit/537.36 (KHTML, like Gecko) Chrome/141.0.0.0 Safari/537.36"[39m
2025-10-23 22:05:19:519 [35mhttp[39m: [35m::1 - - [23/Oct/2025:19:05:19 +0000] "GET /api/v1/campaigns/featured HTTP/1.1" 304 - "http://localhost:3000/" "Mozilla/5.0 (Macintosh; Intel Mac OS X 10_15_7) AppleWebKit/537.36 (KHTML, like Gecko) Chrome/141.0.0.0 Safari/537.36"[39m
2025-10-23 22:05:19:519 [35mhttp[39m: [35m::1 - - [23/Oct/2025:19:05:19 +0000] "GET /api/v1/campaigns?category=&status=&search=&page=1&limit=12 HTTP/1.1" 304 - "http://localhost:3000/" "Mozilla/5.0 (Macintosh; Intel Mac OS X 10_15_7) AppleWebKit/537.36 (KHTML, like Gecko) Chrome/141.0.0.0 Safari/537.36"[39m
2025-10-23 22:05:23:523 [35mhttp[39m: [35m::1 - - [23/Oct/2025:19:05:23 +0000] "GET /api/v1/campaigns/43d18d5a-f751-443c-b862-180b74b4b924/donations?page=1&limit=10 HTTP/1.1" 200 91 "http://localhost:3000/" "Mozilla/5.0 (Macintosh; Intel Mac OS X 10_15_7) AppleWebKit/537.36 (KHTML, like Gecko) Chrome/141.0.0.0 Safari/537.36"[39m
2025-10-23 22:05:23:523 [35mhttp[39m: [35m::1 - - [23/Oct/2025:19:05:23 +0000] "GET /api/v1/campaigns/43d18d5a-f751-443c-b862-180b74b4b924/donations?page=1&limit=10 HTTP/1.1" 304 - "http://localhost:3000/" "Mozilla/5.0 (Macintosh; Intel Mac OS X 10_15_7) AppleWebKit/537.36 (KHTML, like Gecko) Chrome/141.0.0.0 Safari/537.36"[39m
2025-10-23 22:05:23:523 [35mhttp[39m: [35m::1 - - [23/Oct/2025:19:05:23 +0000] "GET /api/v1/campaigns/43d18d5a-f751-443c-b862-180b74b4b924 HTTP/1.1" 200 718 "http://localhost:3000/" "Mozilla/5.0 (Macintosh; Intel Mac OS X 10_15_7) AppleWebKit/537.36 (KHTML, like Gecko) Chrome/141.0.0.0 Safari/537.36"[39m
2025-10-23 22:05:23:523 [35mhttp[39m: [35m::1 - - [23/Oct/2025:19:05:23 +0000] "GET /api/v1/campaigns/43d18d5a-f751-443c-b862-180b74b4b924 HTTP/1.1" 304 - "http://localhost:3000/" "Mozilla/5.0 (Macintosh; Intel Mac OS X 10_15_7) AppleWebKit/537.36 (KHTML, like Gecko) Chrome/141.0.0.0 Safari/537.36"[39m
2025-10-23 22:06:15:615 [33mwarn[39m: [33mClient Error Invalid id format[39m
2025-10-23 22:06:15:615 [35mhttp[39m: [35m::1 - - [23/Oct/2025:19:06:15 +0000] "GET /api/v1/campaigns/my?status=&page=1&limit=12 HTTP/1.1" 400 2695 "http://localhost:3000/" "Mozilla/5.0 (Macintosh; Intel Mac OS X 10_15_7) AppleWebKit/537.36 (KHTML, like Gecko) Chrome/141.0.0.0 Safari/537.36"[39m
2025-10-23 22:06:15:615 [33mwarn[39m: [33mClient Error Invalid id format[39m
2025-10-23 22:06:15:615 [35mhttp[39m: [35m::1 - - [23/Oct/2025:19:06:15 +0000] "GET /api/v1/campaigns/my?status=&page=1&limit=12 HTTP/1.1" 400 2695 "http://localhost:3000/" "Mozilla/5.0 (Macintosh; Intel Mac OS X 10_15_7) AppleWebKit/537.36 (KHTML, like Gecko) Chrome/141.0.0.0 Safari/537.36"[39m
2025-10-23 22:06:33:633 [33mwarn[39m: [33mClient Error Invalid id format[39m
2025-10-23 22:06:33:633 [35mhttp[39m: [35m::1 - - [23/Oct/2025:19:06:33 +0000] "GET /api/v1/campaigns/my HTTP/1.1" 400 2564 "-" "curl/8.7.1"[39m
2025-10-23 22:06:49:649 [33mwarn[39m: [33mClient Error Invalid id format[39m
2025-10-23 22:06:49:649 [35mhttp[39m: [35m::1 - - [23/Oct/2025:19:06:49 +0000] "GET /api/v1/campaigns/my HTTP/1.1" 400 2564 "-" "curl/8.7.1"[39m
2025-10-23 22:07:22:722 [33mwarn[39m: [33mClient Error Invalid id format[39m
2025-10-23 22:07:22:722 [35mhttp[39m: [35m::1 - - [23/Oct/2025:19:07:22 +0000] "GET /api/v1/campaigns/my HTTP/1.1" 400 2564 "-" "curl/8.7.1"[39m
2025-10-23 22:07:45:745 [33mwarn[39m: [33mClient Error Invalid id format[39m
2025-10-23 22:07:45:745 [35mhttp[39m: [35m::1 - - [23/Oct/2025:19:07:45 +0000] "GET /api/v1/campaigns/my-campaigns HTTP/1.1" 400 2574 "-" "curl/8.7.1"[39m
2025-10-23 22:08:04:84 [33mwarn[39m: [33mClient Error Invalid id format[39m
2025-10-23 22:08:04:84 [35mhttp[39m: [35m::1 - - [23/Oct/2025:19:08:04 +0000] "GET /api/v1/campaigns/my-campaigns HTTP/1.1" 400 2574 "-" "curl/8.7.1"[39m
2025-10-23 22:08:54:854 [35mhttp[39m: [35m::1 - - [23/Oct/2025:19:08:54 +0000] "GET /api/v1/user-campaigns/my-campaigns HTTP/1.1" 404 124 "-" "curl/8.7.1"[39m
2025-10-23 22:08:56:856 [35mhttp[39m: [35m::1 - - [23/Oct/2025:19:08:56 +0000] "GET /health HTTP/1.1" 200 140 "-" "curl/8.7.1"[39m
2025-10-23 22:09:04:94 [32minfo[39m: [32mApplication started[39m
2025-10-23 22:09:16:916 [35mhttp[39m: [35m::1 - - [23/Oct/2025:19:09:16 +0000] "GET /api/v1/user-campaigns/my-campaigns HTTP/1.1" 401 41 "-" "curl/8.7.1"[39m
2025-10-23 22:09:19:919 [35mhttp[39m: [35m::1 - - [23/Oct/2025:19:09:19 +0000] "POST /api/v1/auth/login HTTP/1.1" 200 387 "-" "curl/8.7.1"[39m
2025-10-23 22:09:24:924 [35mhttp[39m: [35m::1 - - [23/Oct/2025:19:09:24 +0000] "GET /api/v1/user-campaigns/my-campaigns HTTP/1.1" 200 1737 "-" "curl/8.7.1"[39m
2025-10-23 22:10:02:102 [32minfo[39m: [32mApplication started[39m
2025-10-23 22:10:06:106 [35mhttp[39m: [35m::1 - - [23/Oct/2025:19:10:06 +0000] "GET /api/v1/users/profile HTTP/1.1" 200 315 "http://localhost:3000/" "Mozilla/5.0 (Macintosh; Intel Mac OS X 10_15_7) AppleWebKit/537.36 (KHTML, like Gecko) Chrome/141.0.0.0 Safari/537.36"[39m
2025-10-23 22:10:06:106 [35mhttp[39m: [35m::1 - - [23/Oct/2025:19:10:06 +0000] "GET /api/v1/user-campaigns/my-campaigns?status=&page=1&limit=12 HTTP/1.1" 200 1737 "http://localhost:3000/" "Mozilla/5.0 (Macintosh; Intel Mac OS X 10_15_7) AppleWebKit/537.36 (KHTML, like Gecko) Chrome/141.0.0.0 Safari/537.36"[39m
2025-10-23 22:10:06:106 [35mhttp[39m: [35m::1 - - [23/Oct/2025:19:10:06 +0000] "GET /api/v1/users/profile HTTP/1.1" 304 - "http://localhost:3000/" "Mozilla/5.0 (Macintosh; Intel Mac OS X 10_15_7) AppleWebKit/537.36 (KHTML, like Gecko) Chrome/141.0.0.0 Safari/537.36"[39m
2025-10-23 22:10:06:106 [35mhttp[39m: [35m::1 - - [23/Oct/2025:19:10:06 +0000] "GET /api/v1/user-campaigns/my-campaigns?status=&page=1&limit=12 HTTP/1.1" 304 - "http://localhost:3000/" "Mozilla/5.0 (Macintosh; Intel Mac OS X 10_15_7) AppleWebKit/537.36 (KHTML, like Gecko) Chrome/141.0.0.0 Safari/537.36"[39m
2025-10-23 22:10:11:1011 [35mhttp[39m: [35m::1 - - [23/Oct/2025:19:10:11 +0000] "POST /api/v1/auth/login HTTP/1.1" 200 387 "http://localhost:3000/" "Mozilla/5.0 (Macintosh; Intel Mac OS X 10_15_7) AppleWebKit/537.36 (KHTML, like Gecko) Chrome/141.0.0.0 Safari/537.36"[39m
2025-10-23 22:10:13:1013 [35mhttp[39m: [35m::1 - - [23/Oct/2025:19:10:13 +0000] "GET /api/v1/campaigns?category=&status=&search=&page=1&limit=12 HTTP/1.1" 200 7938 "http://localhost:3000/" "Mozilla/5.0 (Macintosh; Intel Mac OS X 10_15_7) AppleWebKit/537.36 (KHTML, like Gecko) Chrome/141.0.0.0 Safari/537.36"[39m
2025-10-23 22:10:13:1013 [35mhttp[39m: [35m::1 - - [23/Oct/2025:19:10:13 +0000] "GET /api/v1/campaigns?category=&status=&search=&page=1&limit=12 HTTP/1.1" 304 - "http://localhost:3000/" "Mozilla/5.0 (Macintosh; Intel Mac OS X 10_15_7) AppleWebKit/537.36 (KHTML, like Gecko) Chrome/141.0.0.0 Safari/537.36"[39m
2025-10-23 22:10:13:1013 [35mhttp[39m: [35m::1 - - [23/Oct/2025:19:10:13 +0000] "GET /api/v1/campaigns/featured HTTP/1.1" 304 - "http://localhost:3000/" "Mozilla/5.0 (Macintosh; Intel Mac OS X 10_15_7) AppleWebKit/537.36 (KHTML, like Gecko) Chrome/141.0.0.0 Safari/537.36"[39m
2025-10-23 22:10:13:1013 [35mhttp[39m: [35m::1 - - [23/Oct/2025:19:10:13 +0000] "GET /api/v1/campaigns/featured HTTP/1.1" 304 - "http://localhost:3000/" "Mozilla/5.0 (Macintosh; Intel Mac OS X 10_15_7) AppleWebKit/537.36 (KHTML, like Gecko) Chrome/141.0.0.0 Safari/537.36"[39m
2025-10-23 22:10:14:1014 [35mhttp[39m: [35m::1 - - [23/Oct/2025:19:10:14 +0000] "GET /api/v1/user-campaigns/my-campaigns?status=&page=1&limit=12 HTTP/1.1" 304 - "http://localhost:3000/" "Mozilla/5.0 (Macintosh; Intel Mac OS X 10_15_7) AppleWebKit/537.36 (KHTML, like Gecko) Chrome/141.0.0.0 Safari/537.36"[39m
2025-10-23 22:10:14:1014 [35mhttp[39m: [35m::1 - - [23/Oct/2025:19:10:14 +0000] "GET /api/v1/user-campaigns/my-campaigns?status=&page=1&limit=12 HTTP/1.1" 304 - "http://localhost:3000/" "Mozilla/5.0 (Macintosh; Intel Mac OS X 10_15_7) AppleWebKit/537.36 (KHTML, like Gecko) Chrome/141.0.0.0 Safari/537.36"[39m
2025-10-23 22:10:47:1047 [35mhttp[39m: [35m::1 - - [23/Oct/2025:19:10:47 +0000] "GET /api/v1/user-campaigns/my-campaigns?status=DRAFT&page=1&limit=12 HTTP/1.1" 200 1737 "http://localhost:3000/" "Mozilla/5.0 (Macintosh; Intel Mac OS X 10_15_7) AppleWebKit/537.36 (KHTML, like Gecko) Chrome/141.0.0.0 Safari/537.36"[39m
2025-10-23 22:10:48:1048 [35mhttp[39m: [35m::1 - - [23/Oct/2025:19:10:48 +0000] "GET /api/v1/user-campaigns/my-campaigns?status=ACTIVE&page=1&limit=12 HTTP/1.1" 200 91 "http://localhost:3000/" "Mozilla/5.0 (Macintosh; Intel Mac OS X 10_15_7) AppleWebKit/537.36 (KHTML, like Gecko) Chrome/141.0.0.0 Safari/537.36"[39m
2025-10-23 22:10:48:1048 [35mhttp[39m: [35m::1 - - [23/Oct/2025:19:10:48 +0000] "GET /api/v1/user-campaigns/my-campaigns?status=OPEN&page=1&limit=12 HTTP/1.1" 200 91 "http://localhost:3000/" "Mozilla/5.0 (Macintosh; Intel Mac OS X 10_15_7) AppleWebKit/537.36 (KHTML, like Gecko) Chrome/141.0.0.0 Safari/537.36"[39m
2025-10-23 22:10:48:1048 [35mhttp[39m: [35m::1 - - [23/Oct/2025:19:10:48 +0000] "GET /api/v1/user-campaigns/my-campaigns?status=COMPLETED&page=1&limit=12 HTTP/1.1" 200 91 "http://localhost:3000/" "Mozilla/5.0 (Macintosh; Intel Mac OS X 10_15_7) AppleWebKit/537.36 (KHTML, like Gecko) Chrome/141.0.0.0 Safari/537.36"[39m
2025-10-23 22:10:49:1049 [35mhttp[39m: [35m::1 - - [23/Oct/2025:19:10:49 +0000] "GET /api/v1/user-campaigns/my-campaigns?status=CANCELLED&page=1&limit=12 HTTP/1.1" 200 91 "http://localhost:3000/" "Mozilla/5.0 (Macintosh; Intel Mac OS X 10_15_7) AppleWebKit/537.36 (KHTML, like Gecko) Chrome/141.0.0.0 Safari/537.36"[39m
2025-10-23 22:10:57:1057 [35mhttp[39m: [35m::1 - - [23/Oct/2025:19:10:57 +0000] "GET /api/v1/user-campaigns/my-campaigns?status=&page=1&limit=12 HTTP/1.1" 304 - "http://localhost:3000/" "Mozilla/5.0 (Macintosh; Intel Mac OS X 10_15_7) AppleWebKit/537.36 (KHTML, like Gecko) Chrome/141.0.0.0 Safari/537.36"[39m
2025-10-23 22:11:10:1110 [35mhttp[39m: [35m::1 - - [23/Oct/2025:19:11:10 +0000] "GET /api/v1/user-campaigns/my-campaigns HTTP/1.1" 200 1737 "-" "curl/8.7.1"[39m
2025-10-23 22:11:10:1110 [35mhttp[39m: [35m::1 - - [23/Oct/2025:19:11:10 +0000] "GET /api/v1/user-campaigns/my-campaigns?status=CANCELLED&page=1&limit=12 HTTP/1.1" 304 - "http://localhost:3000/" "Mozilla/5.0 (Macintosh; Intel Mac OS X 10_15_7) AppleWebKit/537.36 (KHTML, like Gecko) Chrome/141.0.0.0 Safari/537.36"[39m
2025-10-23 22:11:10:1110 [35mhttp[39m: [35m::1 - - [23/Oct/2025:19:11:10 +0000] "GET /api/v1/user-campaigns/my-campaigns?status=COMPLETED&page=1&limit=12 HTTP/1.1" 304 - "http://localhost:3000/" "Mozilla/5.0 (Macintosh; Intel Mac OS X 10_15_7) AppleWebKit/537.36 (KHTML, like Gecko) Chrome/141.0.0.0 Safari/537.36"[39m
2025-10-23 22:11:11:1111 [35mhttp[39m: [35m::1 - - [23/Oct/2025:19:11:11 +0000] "GET /api/v1/user-campaigns/my-campaigns?status=OPEN&page=1&limit=12 HTTP/1.1" 304 - "http://localhost:3000/" "Mozilla/5.0 (Macintosh; Intel Mac OS X 10_15_7) AppleWebKit/537.36 (KHTML, like Gecko) Chrome/141.0.0.0 Safari/537.36"[39m
2025-10-23 22:11:11:1111 [35mhttp[39m: [35m::1 - - [23/Oct/2025:19:11:11 +0000] "GET /api/v1/user-campaigns/my-campaigns?status=DRAFT&page=1&limit=12 HTTP/1.1" 304 - "http://localhost:3000/" "Mozilla/5.0 (Macintosh; Intel Mac OS X 10_15_7) AppleWebKit/537.36 (KHTML, like Gecko) Chrome/141.0.0.0 Safari/537.36"[39m
2025-10-23 22:11:15:1115 [35mhttp[39m: [35m::1 - - [23/Oct/2025:19:11:15 +0000] "GET /api/v1/user-campaigns/my-campaigns?status=DRAFT HTTP/1.1" 200 1737 "-" "curl/8.7.1"[39m
2025-10-23 22:13:20:1320 [32minfo[39m: [32mApplication started[39m
2025-10-23 22:13:56:1356 [35mhttp[39m: [35m::1 - - [23/Oct/2025:19:13:56 +0000] "GET /health HTTP/1.1" 200 138 "-" "curl/8.7.1"[39m
2025-10-23 22:14:14:1414 [35mhttp[39m: [35m::1 - - [23/Oct/2025:19:14:14 +0000] "GET /api/v1/stats HTTP/1.1" 200 121 "http://localhost:3000/" "Mozilla/5.0 (Macintosh; Intel Mac OS X 10_15_7) AppleWebKit/537.36 (KHTML, like Gecko) Chrome/141.0.0.0 Safari/537.36"[39m
2025-10-23 22:14:14:1414 [35mhttp[39m: [35m::1 - - [23/Oct/2025:19:14:14 +0000] "GET /api/v1/stats HTTP/1.1" 304 - "http://localhost:3000/" "Mozilla/5.0 (Macintosh; Intel Mac OS X 10_15_7) AppleWebKit/537.36 (KHTML, like Gecko) Chrome/141.0.0.0 Safari/537.36"[39m
2025-10-23 22:14:14:1414 [35mhttp[39m: [35m::1 - - [23/Oct/2025:19:14:14 +0000] "GET /api/v1/campaigns/trending HTTP/1.1" 200 2973 "http://localhost:3000/" "Mozilla/5.0 (Macintosh; Intel Mac OS X 10_15_7) AppleWebKit/537.36 (KHTML, like Gecko) Chrome/141.0.0.0 Safari/537.36"[39m
2025-10-23 22:14:14:1414 [35mhttp[39m: [35m::1 - - [23/Oct/2025:19:14:14 +0000] "GET /api/v1/campaigns/featured HTTP/1.1" 200 2889 "http://localhost:3000/" "Mozilla/5.0 (Macintosh; Intel Mac OS X 10_15_7) AppleWebKit/537.36 (KHTML, like Gecko) Chrome/141.0.0.0 Safari/537.36"[39m
2025-10-23 22:14:14:1414 [35mhttp[39m: [35m::1 - - [23/Oct/2025:19:14:14 +0000] "GET /api/v1/campaigns/trending HTTP/1.1" 304 - "http://localhost:3000/" "Mozilla/5.0 (Macintosh; Intel Mac OS X 10_15_7) AppleWebKit/537.36 (KHTML, like Gecko) Chrome/141.0.0.0 Safari/537.36"[39m
2025-10-23 22:14:14:1414 [35mhttp[39m: [35m::1 - - [23/Oct/2025:19:14:14 +0000] "GET /api/v1/campaigns/featured HTTP/1.1" 304 - "http://localhost:3000/" "Mozilla/5.0 (Macintosh; Intel Mac OS X 10_15_7) AppleWebKit/537.36 (KHTML, like Gecko) Chrome/141.0.0.0 Safari/537.36"[39m
2025-10-23 22:14:18:1418 [35mhttp[39m: [35m::1 - - [23/Oct/2025:19:14:18 +0000] "POST /api/v1/auth/login HTTP/1.1" 200 387 "http://localhost:3000/" "Mozilla/5.0 (Macintosh; Intel Mac OS X 10_15_7) AppleWebKit/537.36 (KHTML, like Gecko) Chrome/141.0.0.0 Safari/537.36"[39m
2025-10-23 22:14:20:1420 [35mhttp[39m: [35m::1 - - [23/Oct/2025:19:14:20 +0000] "GET /api/v1/campaigns?category=&status=&search=&page=1&limit=12 HTTP/1.1" 200 7938 "http://localhost:3000/" "Mozilla/5.0 (Macintosh; Intel Mac OS X 10_15_7) AppleWebKit/537.36 (KHTML, like Gecko) Chrome/141.0.0.0 Safari/537.36"[39m
2025-10-23 22:14:20:1420 [35mhttp[39m: [35m::1 - - [23/Oct/2025:19:14:20 +0000] "GET /api/v1/campaigns/featured HTTP/1.1" 304 - "http://localhost:3000/" "Mozilla/5.0 (Macintosh; Intel Mac OS X 10_15_7) AppleWebKit/537.36 (KHTML, like Gecko) Chrome/141.0.0.0 Safari/537.36"[39m
2025-10-23 22:14:20:1420 [35mhttp[39m: [35m::1 - - [23/Oct/2025:19:14:20 +0000] "GET /api/v1/campaigns/featured HTTP/1.1" 304 - "http://localhost:3000/" "Mozilla/5.0 (Macintosh; Intel Mac OS X 10_15_7) AppleWebKit/537.36 (KHTML, like Gecko) Chrome/141.0.0.0 Safari/537.36"[39m
2025-10-23 22:14:20:1420 [35mhttp[39m: [35m::1 - - [23/Oct/2025:19:14:20 +0000] "GET /api/v1/campaigns?category=&status=&search=&page=1&limit=12 HTTP/1.1" 304 - "http://localhost:3000/" "Mozilla/5.0 (Macintosh; Intel Mac OS X 10_15_7) AppleWebKit/537.36 (KHTML, like Gecko) Chrome/141.0.0.0 Safari/537.36"[39m
2025-10-23 22:14:21:1421 [35mhttp[39m: [35m::1 - - [23/Oct/2025:19:14:21 +0000] "GET /api/v1/user-campaigns/my-campaigns?page=1&limit=12 HTTP/1.1" 200 1737 "http://localhost:3000/" "Mozilla/5.0 (Macintosh; Intel Mac OS X 10_15_7) AppleWebKit/537.36 (KHTML, like Gecko) Chrome/141.0.0.0 Safari/537.36"[39m
2025-10-23 22:14:21:1421 [35mhttp[39m: [35m::1 - - [23/Oct/2025:19:14:21 +0000] "GET /api/v1/user-campaigns/my-campaigns?page=1&limit=12 HTTP/1.1" 304 - "http://localhost:3000/" "Mozilla/5.0 (Macintosh; Intel Mac OS X 10_15_7) AppleWebKit/537.36 (KHTML, like Gecko) Chrome/141.0.0.0 Safari/537.36"[39m
2025-10-23 22:14:35:1435 [35mhttp[39m: [35m::1 - - [23/Oct/2025:19:14:35 +0000] "POST /api/v1/campaigns HTTP/1.1" 201 355 "http://localhost:3000/" "Mozilla/5.0 (Macintosh; Intel Mac OS X 10_15_7) AppleWebKit/537.36 (KHTML, like Gecko) Chrome/141.0.0.0 Safari/537.36"[39m
2025-10-23 22:14:36:1436 [35mhttp[39m: [35m::1 - - [23/Oct/2025:19:14:36 +0000] "GET /api/v1/campaigns/c8eb3bac-5e5b-4efb-9357-f2fd3e2da0fc HTTP/1.1" 200 609 "http://localhost:3000/" "Mozilla/5.0 (Macintosh; Intel Mac OS X 10_15_7) AppleWebKit/537.36 (KHTML, like Gecko) Chrome/141.0.0.0 Safari/537.36"[39m
2025-10-23 22:14:36:1436 [35mhttp[39m: [35m::1 - - [23/Oct/2025:19:14:36 +0000] "GET /api/v1/campaigns/c8eb3bac-5e5b-4efb-9357-f2fd3e2da0fc HTTP/1.1" 304 - "http://localhost:3000/" "Mozilla/5.0 (Macintosh; Intel Mac OS X 10_15_7) AppleWebKit/537.36 (KHTML, like Gecko) Chrome/141.0.0.0 Safari/537.36"[39m
2025-10-23 22:14:36:1436 [35mhttp[39m: [35m::1 - - [23/Oct/2025:19:14:36 +0000] "GET /api/v1/campaigns/c8eb3bac-5e5b-4efb-9357-f2fd3e2da0fc/donations?page=1&limit=10 HTTP/1.1" 200 91 "http://localhost:3000/" "Mozilla/5.0 (Macintosh; Intel Mac OS X 10_15_7) AppleWebKit/537.36 (KHTML, like Gecko) Chrome/141.0.0.0 Safari/537.36"[39m
2025-10-23 22:14:36:1436 [35mhttp[39m: [35m::1 - - [23/Oct/2025:19:14:36 +0000] "GET /api/v1/campaigns/c8eb3bac-5e5b-4efb-9357-f2fd3e2da0fc/donations?page=1&limit=10 HTTP/1.1" 304 - "http://localhost:3000/" "Mozilla/5.0 (Macintosh; Intel Mac OS X 10_15_7) AppleWebKit/537.36 (KHTML, like Gecko) Chrome/141.0.0.0 Safari/537.36"[39m
2025-10-23 22:14:41:1441 [35mhttp[39m: [35m::1 - - [23/Oct/2025:19:14:41 +0000] "GET /api/v1/user-campaigns/my-campaigns?page=1&limit=12 HTTP/1.1" 200 2177 "http://localhost:3000/" "Mozilla/5.0 (Macintosh; Intel Mac OS X 10_15_7) AppleWebKit/537.36 (KHTML, like Gecko) Chrome/141.0.0.0 Safari/537.36"[39m
2025-10-23 22:14:41:1441 [35mhttp[39m: [35m::1 - - [23/Oct/2025:19:14:41 +0000] "GET /api/v1/user-campaigns/my-campaigns?page=1&limit=12 HTTP/1.1" 304 - "http://localhost:3000/" "Mozilla/5.0 (Macintosh; Intel Mac OS X 10_15_7) AppleWebKit/537.36 (KHTML, like Gecko) Chrome/141.0.0.0 Safari/537.36"[39m
2025-10-23 22:14:43:1443 [35mhttp[39m: [35m::1 - - [23/Oct/2025:19:14:43 +0000] "GET /api/v1/user-campaigns/my-campaigns?status=DRAFT&page=1&limit=12 HTTP/1.1" 200 2177 "http://localhost:3000/" "Mozilla/5.0 (Macintosh; Intel Mac OS X 10_15_7) AppleWebKit/537.36 (KHTML, like Gecko) Chrome/141.0.0.0 Safari/537.36"[39m
2025-10-23 22:15:19:1519 [35mhttp[39m: [35m::1 - - [23/Oct/2025:19:15:19 +0000] "GET /api/v1/user-campaigns/my-campaigns HTTP/1.1" 200 2177 "-" "curl/8.7.1"[39m
2025-10-23 22:15:23:1523 [35mhttp[39m: [35m::1 - - [23/Oct/2025:19:15:23 +0000] "GET /api/v1/user-campaigns/my-campaigns HTTP/1.1" 200 2177 "-" "curl/8.7.1"[39m
2025-10-23 22:15:38:1538 [35mhttp[39m: [35m::1 - - [23/Oct/2025:19:15:38 +0000] "GET /api/v1/user-campaigns/my-campaigns?page=1&limit=12 HTTP/1.1" 304 - "http://localhost:3000/" "Mozilla/5.0 (Macintosh; Intel Mac OS X 10_15_7) AppleWebKit/537.36 (KHTML, like Gecko) Chrome/141.0.0.0 Safari/537.36"[39m
2025-10-23 22:15:38:1538 [35mhttp[39m: [35m::1 - - [23/Oct/2025:19:15:38 +0000] "GET /api/v1/user-campaigns/my-campaigns?page=1&limit=12 HTTP/1.1" 304 - "http://localhost:3000/" "Mozilla/5.0 (Macintosh; Intel Mac OS X 10_15_7) AppleWebKit/537.36 (KHTML, like Gecko) Chrome/141.0.0.0 Safari/537.36"[39m
2025-10-23 22:15:38:1538 [35mhttp[39m: [35m::1 - - [23/Oct/2025:19:15:38 +0000] "GET /api/v1/users/profile HTTP/1.1" 200 315 "http://localhost:3000/" "Mozilla/5.0 (Macintosh; Intel Mac OS X 10_15_7) AppleWebKit/537.36 (KHTML, like Gecko) Chrome/141.0.0.0 Safari/537.36"[39m
2025-10-23 22:15:38:1538 [35mhttp[39m: [35m::1 - - [23/Oct/2025:19:15:38 +0000] "GET /api/v1/users/profile HTTP/1.1" 304 - "http://localhost:3000/" "Mozilla/5.0 (Macintosh; Intel Mac OS X 10_15_7) AppleWebKit/537.36 (KHTML, like Gecko) Chrome/141.0.0.0 Safari/537.36"[39m
2025-10-23 22:15:41:1541 [35mhttp[39m: [35m::1 - - [23/Oct/2025:19:15:41 +0000] "POST /api/v1/auth/login HTTP/1.1" 200 387 "http://localhost:3000/" "Mozilla/5.0 (Macintosh; Intel Mac OS X 10_15_7) AppleWebKit/537.36 (KHTML, like Gecko) Chrome/141.0.0.0 Safari/537.36"[39m
2025-10-23 22:15:41:1541 [35mhttp[39m: [35m::1 - - [23/Oct/2025:19:15:41 +0000] "GET /api/v1/user-campaigns/my-campaigns?page=1&limit=12 HTTP/1.1" 304 - "http://localhost:3000/" "Mozilla/5.0 (Macintosh; Intel Mac OS X 10_15_7) AppleWebKit/537.36 (KHTML, like Gecko) Chrome/141.0.0.0 Safari/537.36"[39m
2025-10-23 22:15:41:1541 [35mhttp[39m: [35m::1 - - [23/Oct/2025:19:15:41 +0000] "GET /api/v1/user-campaigns/my-campaigns?page=1&limit=12 HTTP/1.1" 304 - "http://localhost:3000/" "Mozilla/5.0 (Macintosh; Intel Mac OS X 10_15_7) AppleWebKit/537.36 (KHTML, like Gecko) Chrome/141.0.0.0 Safari/537.36"[39m
2025-10-23 22:15:42:1542 [35mhttp[39m: [35m::1 - - [23/Oct/2025:19:15:42 +0000] "GET /api/v1/campaigns/featured HTTP/1.1" 304 - "http://localhost:3000/" "Mozilla/5.0 (Macintosh; Intel Mac OS X 10_15_7) AppleWebKit/537.36 (KHTML, like Gecko) Chrome/141.0.0.0 Safari/537.36"[39m
2025-10-23 22:15:42:1542 [35mhttp[39m: [35m::1 - - [23/Oct/2025:19:15:42 +0000] "GET /api/v1/campaigns?category=&status=&search=&page=1&limit=12 HTTP/1.1" 200 7665 "http://localhost:3000/" "Mozilla/5.0 (Macintosh; Intel Mac OS X 10_15_7) AppleWebKit/537.36 (KHTML, like Gecko) Chrome/141.0.0.0 Safari/537.36"[39m
2025-10-23 22:15:42:1542 [35mhttp[39m: [35m::1 - - [23/Oct/2025:19:15:42 +0000] "GET /api/v1/campaigns/featured HTTP/1.1" 304 - "http://localhost:3000/" "Mozilla/5.0 (Macintosh; Intel Mac OS X 10_15_7) AppleWebKit/537.36 (KHTML, like Gecko) Chrome/141.0.0.0 Safari/537.36"[39m
2025-10-23 22:15:42:1542 [35mhttp[39m: [35m::1 - - [23/Oct/2025:19:15:42 +0000] "GET /api/v1/campaigns?category=&status=&search=&page=1&limit=12 HTTP/1.1" 304 - "http://localhost:3000/" "Mozilla/5.0 (Macintosh; Intel Mac OS X 10_15_7) AppleWebKit/537.36 (KHTML, like Gecko) Chrome/141.0.0.0 Safari/537.36"[39m
2025-10-23 22:15:44:1544 [35mhttp[39m: [35m::1 - - [23/Oct/2025:19:15:44 +0000] "GET /api/v1/user-campaigns/my-campaigns?page=1&limit=12 HTTP/1.1" 304 - "http://localhost:3000/" "Mozilla/5.0 (Macintosh; Intel Mac OS X 10_15_7) AppleWebKit/537.36 (KHTML, like Gecko) Chrome/141.0.0.0 Safari/537.36"[39m
2025-10-23 22:15:44:1544 [35mhttp[39m: [35m::1 - - [23/Oct/2025:19:15:44 +0000] "GET /api/v1/user-campaigns/my-campaigns?page=1&limit=12 HTTP/1.1" 304 - "http://localhost:3000/" "Mozilla/5.0 (Macintosh; Intel Mac OS X 10_15_7) AppleWebKit/537.36 (KHTML, like Gecko) Chrome/141.0.0.0 Safari/537.36"[39m
2025-10-23 22:16:26:1626 [35mhttp[39m: [35m::1 - - [23/Oct/2025:19:16:26 +0000] "GET /api/v1/user-campaigns/my-campaigns?page=1&limit=12 HTTP/1.1" 304 - "http://localhost:3000/" "Mozilla/5.0 (Macintosh; Intel Mac OS X 10_15_7) AppleWebKit/537.36 (KHTML, like Gecko) Chrome/141.0.0.0 Safari/537.36"[39m
2025-10-23 22:16:26:1626 [35mhttp[39m: [35m::1 - - [23/Oct/2025:19:16:26 +0000] "GET /api/v1/user-campaigns/my-campaigns?page=1&limit=12 HTTP/1.1" 304 - "http://localhost:3000/" "Mozilla/5.0 (Macintosh; Intel Mac OS X 10_15_7) AppleWebKit/537.36 (KHTML, like Gecko) Chrome/141.0.0.0 Safari/537.36"[39m
2025-10-23 22:16:26:1626 [35mhttp[39m: [35m::1 - - [23/Oct/2025:19:16:26 +0000] "GET /api/v1/users/profile HTTP/1.1" 304 - "http://localhost:3000/" "Mozilla/5.0 (Macintosh; Intel Mac OS X 10_15_7) AppleWebKit/537.36 (KHTML, like Gecko) Chrome/141.0.0.0 Safari/537.36"[39m
2025-10-23 22:16:26:1626 [35mhttp[39m: [35m::1 - - [23/Oct/2025:19:16:26 +0000] "GET /api/v1/users/profile HTTP/1.1" 304 - "http://localhost:3000/" "Mozilla/5.0 (Macintosh; Intel Mac OS X 10_15_7) AppleWebKit/537.36 (KHTML, like Gecko) Chrome/141.0.0.0 Safari/537.36"[39m
2025-10-23 22:16:30:1630 [35mhttp[39m: [35m::1 - - [23/Oct/2025:19:16:30 +0000] "POST /api/v1/auth/login HTTP/1.1" 200 387 "http://localhost:3000/" "Mozilla/5.0 (Macintosh; Intel Mac OS X 10_15_7) AppleWebKit/537.36 (KHTML, like Gecko) Chrome/141.0.0.0 Safari/537.36"[39m
2025-10-23 22:16:32:1632 [35mhttp[39m: [35m::1 - - [23/Oct/2025:19:16:32 +0000] "GET /api/v1/campaigns?category=&status=&search=&page=1&limit=12 HTTP/1.1" 304 - "http://localhost:3000/" "Mozilla/5.0 (Macintosh; Intel Mac OS X 10_15_7) AppleWebKit/537.36 (KHTML, like Gecko) Chrome/141.0.0.0 Safari/537.36"[39m
2025-10-23 22:16:32:1632 [35mhttp[39m: [35m::1 - - [23/Oct/2025:19:16:32 +0000] "GET /api/v1/campaigns/featured HTTP/1.1" 304 - "http://localhost:3000/" "Mozilla/5.0 (Macintosh; Intel Mac OS X 10_15_7) AppleWebKit/537.36 (KHTML, like Gecko) Chrome/141.0.0.0 Safari/537.36"[39m
2025-10-23 22:16:32:1632 [35mhttp[39m: [35m::1 - - [23/Oct/2025:19:16:32 +0000] "GET /api/v1/campaigns/featured HTTP/1.1" 304 - "http://localhost:3000/" "Mozilla/5.0 (Macintosh; Intel Mac OS X 10_15_7) AppleWebKit/537.36 (KHTML, like Gecko) Chrome/141.0.0.0 Safari/537.36"[39m
2025-10-23 22:16:32:1632 [35mhttp[39m: [35m::1 - - [23/Oct/2025:19:16:32 +0000] "GET /api/v1/campaigns?category=&status=&search=&page=1&limit=12 HTTP/1.1" 304 - "http://localhost:3000/" "Mozilla/5.0 (Macintosh; Intel Mac OS X 10_15_7) AppleWebKit/537.36 (KHTML, like Gecko) Chrome/141.0.0.0 Safari/537.36"[39m
2025-10-23 22:16:32:1632 [35mhttp[39m: [35m::1 - - [23/Oct/2025:19:16:32 +0000] "GET /api/v1/user-campaigns/my-campaigns?page=1&limit=12 HTTP/1.1" 304 - "http://localhost:3000/" "Mozilla/5.0 (Macintosh; Intel Mac OS X 10_15_7) AppleWebKit/537.36 (KHTML, like Gecko) Chrome/141.0.0.0 Safari/537.36"[39m
2025-10-23 22:16:32:1632 [35mhttp[39m: [35m::1 - - [23/Oct/2025:19:16:32 +0000] "GET /api/v1/user-campaigns/my-campaigns?page=1&limit=12 HTTP/1.1" 304 - "http://localhost:3000/" "Mozilla/5.0 (Macintosh; Intel Mac OS X 10_15_7) AppleWebKit/537.36 (KHTML, like Gecko) Chrome/141.0.0.0 Safari/537.36"[39m
2025-10-23 22:16:37:1637 [35mhttp[39m: [35m::1 - - [23/Oct/2025:19:16:37 +0000] "GET /api/v1/user-campaigns/my-campaigns HTTP/1.1" 200 2177 "-" "curl/8.7.1"[39m
2025-10-23 22:16:50:1650 [35mhttp[39m: [35m::1 - - [23/Oct/2025:19:16:50 +0000] "GET /api/v1/users/profile HTTP/1.1" 304 - "http://localhost:3000/" "Mozilla/5.0 (Macintosh; Intel Mac OS X 10_15_7) AppleWebKit/537.36 (KHTML, like Gecko) Chrome/141.0.0.0 Safari/537.36"[39m
2025-10-23 22:16:50:1650 [35mhttp[39m: [35m::1 - - [23/Oct/2025:19:16:50 +0000] "GET /api/v1/users/profile HTTP/1.1" 304 - "http://localhost:3000/" "Mozilla/5.0 (Macintosh; Intel Mac OS X 10_15_7) AppleWebKit/537.36 (KHTML, like Gecko) Chrome/141.0.0.0 Safari/537.36"[39m
2025-10-23 22:16:52:1652 [35mhttp[39m: [35m::1 - - [23/Oct/2025:19:16:52 +0000] "GET /api/v1/user-campaigns/my-campaigns?page=1&limit=12 HTTP/1.1" 401 49 "http://localhost:3000/" "Mozilla/5.0 (Macintosh; Intel Mac OS X 10_15_7) AppleWebKit/537.36 (KHTML, like Gecko) Chrome/141.0.0.0 Safari/537.36"[39m
2025-10-23 22:16:52:1652 [35mhttp[39m: [35m::1 - - [23/Oct/2025:19:16:52 +0000] "GET /api/v1/user-campaigns/my-campaigns?page=1&limit=12 HTTP/1.1" 401 49 "http://localhost:3000/" "Mozilla/5.0 (Macintosh; Intel Mac OS X 10_15_7) AppleWebKit/537.36 (KHTML, like Gecko) Chrome/141.0.0.0 Safari/537.36"[39m
2025-10-23 22:16:54:1654 [35mhttp[39m: [35m::1 - - [23/Oct/2025:19:16:54 +0000] "POST /api/v1/auth/login HTTP/1.1" 200 387 "http://localhost:3000/" "Mozilla/5.0 (Macintosh; Intel Mac OS X 10_15_7) AppleWebKit/537.36 (KHTML, like Gecko) Chrome/141.0.0.0 Safari/537.36"[39m
2025-10-23 22:16:55:1655 [35mhttp[39m: [35m::1 - - [23/Oct/2025:19:16:55 +0000] "GET /api/v1/user-campaigns/my-campaigns?page=1&limit=12 HTTP/1.1" 304 - "http://localhost:3000/" "Mozilla/5.0 (Macintosh; Intel Mac OS X 10_15_7) AppleWebKit/537.36 (KHTML, like Gecko) Chrome/141.0.0.0 Safari/537.36"[39m
2025-10-23 22:16:55:1655 [35mhttp[39m: [35m::1 - - [23/Oct/2025:19:16:55 +0000] "GET /api/v1/user-campaigns/my-campaigns?page=1&limit=12 HTTP/1.1" 304 - "http://localhost:3000/" "Mozilla/5.0 (Macintosh; Intel Mac OS X 10_15_7) AppleWebKit/537.36 (KHTML, like Gecko) Chrome/141.0.0.0 Safari/537.36"[39m
2025-10-23 22:16:55:1655 [35mhttp[39m: [35m::1 - - [23/Oct/2025:19:16:55 +0000] "GET /api/v1/campaigns?category=&status=&search=&page=1&limit=12 HTTP/1.1" 304 - "http://localhost:3000/" "Mozilla/5.0 (Macintosh; Intel Mac OS X 10_15_7) AppleWebKit/537.36 (KHTML, like Gecko) Chrome/141.0.0.0 Safari/537.36"[39m
2025-10-23 22:16:55:1655 [35mhttp[39m: [35m::1 - - [23/Oct/2025:19:16:55 +0000] "GET /api/v1/campaigns/featured HTTP/1.1" 304 - "http://localhost:3000/" "Mozilla/5.0 (Macintosh; Intel Mac OS X 10_15_7) AppleWebKit/537.36 (KHTML, like Gecko) Chrome/141.0.0.0 Safari/537.36"[39m
2025-10-23 22:16:55:1655 [35mhttp[39m: [35m::1 - - [23/Oct/2025:19:16:55 +0000] "GET /api/v1/campaigns?category=&status=&search=&page=1&limit=12 HTTP/1.1" 304 - "http://localhost:3000/" "Mozilla/5.0 (Macintosh; Intel Mac OS X 10_15_7) AppleWebKit/537.36 (KHTML, like Gecko) Chrome/141.0.0.0 Safari/537.36"[39m
2025-10-23 22:16:55:1655 [35mhttp[39m: [35m::1 - - [23/Oct/2025:19:16:55 +0000] "GET /api/v1/campaigns/featured HTTP/1.1" 304 - "http://localhost:3000/" "Mozilla/5.0 (Macintosh; Intel Mac OS X 10_15_7) AppleWebKit/537.36 (KHTML, like Gecko) Chrome/141.0.0.0 Safari/537.36"[39m
2025-10-23 22:16:57:1657 [35mhttp[39m: [35m::1 - - [23/Oct/2025:19:16:57 +0000] "GET /api/v1/user-campaigns/my-campaigns?page=1&limit=12 HTTP/1.1" 304 - "http://localhost:3000/" "Mozilla/5.0 (Macintosh; Intel Mac OS X 10_15_7) AppleWebKit/537.36 (KHTML, like Gecko) Chrome/141.0.0.0 Safari/537.36"[39m
2025-10-23 22:16:57:1657 [35mhttp[39m: [35m::1 - - [23/Oct/2025:19:16:57 +0000] "GET /api/v1/user-campaigns/my-campaigns?page=1&limit=12 HTTP/1.1" 304 - "http://localhost:3000/" "Mozilla/5.0 (Macintosh; Intel Mac OS X 10_15_7) AppleWebKit/537.36 (KHTML, like Gecko) Chrome/141.0.0.0 Safari/537.36"[39m
2025-10-23 22:16:59:1659 [35mhttp[39m: [35m::1 - - [23/Oct/2025:19:16:59 +0000] "GET /api/v1/campaigns/featured HTTP/1.1" 304 - "http://localhost:3000/" "Mozilla/5.0 (Macintosh; Intel Mac OS X 10_15_7) AppleWebKit/537.36 (KHTML, like Gecko) Chrome/141.0.0.0 Safari/537.36"[39m
2025-10-23 22:16:59:1659 [35mhttp[39m: [35m::1 - - [23/Oct/2025:19:16:59 +0000] "GET /api/v1/campaigns/trending HTTP/1.1" 304 - "http://localhost:3000/" "Mozilla/5.0 (Macintosh; Intel Mac OS X 10_15_7) AppleWebKit/537.36 (KHTML, like Gecko) Chrome/141.0.0.0 Safari/537.36"[39m
2025-10-23 22:16:59:1659 [35mhttp[39m: [35m::1 - - [23/Oct/2025:19:16:59 +0000] "GET /api/v1/campaigns/featured HTTP/1.1" 304 - "http://localhost:3000/" "Mozilla/5.0 (Macintosh; Intel Mac OS X 10_15_7) AppleWebKit/537.36 (KHTML, like Gecko) Chrome/141.0.0.0 Safari/537.36"[39m
2025-10-23 22:16:59:1659 [35mhttp[39m: [35m::1 - - [23/Oct/2025:19:16:59 +0000] "GET /api/v1/campaigns/trending HTTP/1.1" 304 - "http://localhost:3000/" "Mozilla/5.0 (Macintosh; Intel Mac OS X 10_15_7) AppleWebKit/537.36 (KHTML, like Gecko) Chrome/141.0.0.0 Safari/537.36"[39m
2025-10-23 22:16:59:1659 [35mhttp[39m: [35m::1 - - [23/Oct/2025:19:16:59 +0000] "GET /api/v1/stats HTTP/1.1" 200 121 "http://localhost:3000/" "Mozilla/5.0 (Macintosh; Intel Mac OS X 10_15_7) AppleWebKit/537.36 (KHTML, like Gecko) Chrome/141.0.0.0 Safari/537.36"[39m
2025-10-23 22:16:59:1659 [35mhttp[39m: [35m::1 - - [23/Oct/2025:19:16:59 +0000] "GET /api/v1/stats HTTP/1.1" 304 - "http://localhost:3000/" "Mozilla/5.0 (Macintosh; Intel Mac OS X 10_15_7) AppleWebKit/537.36 (KHTML, like Gecko) Chrome/141.0.0.0 Safari/537.36"[39m
2025-10-23 22:17:00:170 [35mhttp[39m: [35m::1 - - [23/Oct/2025:19:17:00 +0000] "GET /api/v1/user-campaigns/my-campaigns?page=1&limit=12 HTTP/1.1" 304 - "http://localhost:3000/" "Mozilla/5.0 (Macintosh; Intel Mac OS X 10_15_7) AppleWebKit/537.36 (KHTML, like Gecko) Chrome/141.0.0.0 Safari/537.36"[39m
2025-10-23 22:17:00:170 [35mhttp[39m: [35m::1 - - [23/Oct/2025:19:17:00 +0000] "GET /api/v1/user-campaigns/my-campaigns?page=1&limit=12 HTTP/1.1" 304 - "http://localhost:3000/" "Mozilla/5.0 (Macintosh; Intel Mac OS X 10_15_7) AppleWebKit/537.36 (KHTML, like Gecko) Chrome/141.0.0.0 Safari/537.36"[39m
2025-10-23 22:17:37:1737 [33mwarn[39m: [33mBody validation failed[39m
2025-10-23 22:17:37:1737 [33mwarn[39m: [33mClient Error Validation failed: property status should not exist[39m
2025-10-23 22:17:37:1737 [35mhttp[39m: [35m::1 - - [23/Oct/2025:19:17:37 +0000] "PUT /api/v1/campaigns/c8eb3bac-5e5b-4efb-9357-f2fd3e2da0fc HTTP/1.1" 400 817 "http://localhost:3000/" "Mozilla/5.0 (Macintosh; Intel Mac OS X 10_15_7) AppleWebKit/537.36 (KHTML, like Gecko) Chrome/141.0.0.0 Safari/537.36"[39m
2025-10-23 22:17:45:1745 [33mwarn[39m: [33mBody validation failed[39m
2025-10-23 22:17:45:1745 [33mwarn[39m: [33mClient Error Validation failed: property status should not exist[39m
2025-10-23 22:17:45:1745 [35mhttp[39m: [35m::1 - - [23/Oct/2025:19:17:45 +0000] "PUT /api/v1/campaigns/ae3f6ddb-d97c-47ec-ae36-0616d57fd04f HTTP/1.1" 400 817 "http://localhost:3000/" "Mozilla/5.0 (Macintosh; Intel Mac OS X 10_15_7) AppleWebKit/537.36 (KHTML, like Gecko) Chrome/141.0.0.0 Safari/537.36"[39m
2025-10-23 22:17:57:1757 [33mwarn[39m: [33mBody validation failed[39m
2025-10-23 22:17:57:1757 [33mwarn[39m: [33mClient Error Validation failed: property status should not exist[39m
2025-10-23 22:17:57:1757 [35mhttp[39m: [35m::1 - - [23/Oct/2025:19:17:57 +0000] "PUT /api/v1/campaigns/ae3f6ddb-d97c-47ec-ae36-0616d57fd04f HTTP/1.1" 400 817 "http://localhost:3000/" "Mozilla/5.0 (Macintosh; Intel Mac OS X 10_15_7) AppleWebKit/537.36 (KHTML, like Gecko) Chrome/141.0.0.0 Safari/537.36"[39m
2025-10-23 22:18:12:1812 [33mwarn[39m: [33mBody validation failed[39m
2025-10-23 22:18:12:1812 [33mwarn[39m: [33mClient Error Validation failed: property status should not exist[39m
2025-10-23 22:18:12:1812 [35mhttp[39m: [35m::1 - - [23/Oct/2025:19:18:12 +0000] "PUT /api/v1/campaigns/ae3f6ddb-d97c-47ec-ae36-0616d57fd04f HTTP/1.1" 400 817 "http://localhost:3000/" "Mozilla/5.0 (Macintosh; Intel Mac OS X 10_15_7) AppleWebKit/537.36 (KHTML, like Gecko) Chrome/141.0.0.0 Safari/537.36"[39m
2025-10-23 22:19:10:1910 [35mhttp[39m: [35m::1 - - [23/Oct/2025:19:19:10 +0000] "GET /api/v1/user-campaigns/my-campaigns?status=CANCELLED&page=1&limit=12 HTTP/1.1" 200 91 "http://localhost:3000/" "Mozilla/5.0 (Macintosh; Intel Mac OS X 10_15_7) AppleWebKit/537.36 (KHTML, like Gecko) Chrome/141.0.0.0 Safari/537.36"[39m
2025-10-23 22:19:11:1911 [35mhttp[39m: [35m::1 - - [23/Oct/2025:19:19:11 +0000] "GET /api/v1/user-campaigns/my-campaigns?status=COMPLETED&page=1&limit=12 HTTP/1.1" 200 91 "http://localhost:3000/" "Mozilla/5.0 (Macintosh; Intel Mac OS X 10_15_7) AppleWebKit/537.36 (KHTML, like Gecko) Chrome/141.0.0.0 Safari/537.36"[39m
2025-10-23 22:19:11:1911 [35mhttp[39m: [35m::1 - - [23/Oct/2025:19:19:11 +0000] "GET /api/v1/user-campaigns/my-campaigns?status=OPEN&page=1&limit=12 HTTP/1.1" 200 91 "http://localhost:3000/" "Mozilla/5.0 (Macintosh; Intel Mac OS X 10_15_7) AppleWebKit/537.36 (KHTML, like Gecko) Chrome/141.0.0.0 Safari/537.36"[39m
2025-10-23 22:19:12:1912 [35mhttp[39m: [35m::1 - - [23/Oct/2025:19:19:12 +0000] "GET /api/v1/user-campaigns/my-campaigns?status=ACTIVE&page=1&limit=12 HTTP/1.1" 200 91 "http://localhost:3000/" "Mozilla/5.0 (Macintosh; Intel Mac OS X 10_15_7) AppleWebKit/537.36 (KHTML, like Gecko) Chrome/141.0.0.0 Safari/537.36"[39m
2025-10-23 22:19:12:1912 [35mhttp[39m: [35m::1 - - [23/Oct/2025:19:19:12 +0000] "GET /api/v1/user-campaigns/my-campaigns?status=DRAFT&page=1&limit=12 HTTP/1.1" 304 - "http://localhost:3000/" "Mozilla/5.0 (Macintosh; Intel Mac OS X 10_15_7) AppleWebKit/537.36 (KHTML, like Gecko) Chrome/141.0.0.0 Safari/537.36"[39m
2025-10-23 22:19:13:1913 [35mhttp[39m: [35m::1 - - [23/Oct/2025:19:19:13 +0000] "GET /api/v1/user-campaigns/my-campaigns?page=1&limit=12 HTTP/1.1" 304 - "http://localhost:3000/" "Mozilla/5.0 (Macintosh; Intel Mac OS X 10_15_7) AppleWebKit/537.36 (KHTML, like Gecko) Chrome/141.0.0.0 Safari/537.36"[39m
2025-10-23 22:21:17:2117 [33mwarn[39m: [33mBody validation failed[39m
2025-10-23 22:21:17:2117 [33mwarn[39m: [33mClient Error Validation failed: property status should not exist[39m
2025-10-23 22:21:17:2117 [35mhttp[39m: [35m::1 - - [23/Oct/2025:19:21:17 +0000] "PUT /api/v1/campaigns/ae3f6ddb-d97c-47ec-ae36-0616d57fd04f HTTP/1.1" 400 710 "-" "curl/8.7.1"[39m
2025-10-23 22:21:31:2131 [33mwarn[39m: [33mBody validation failed[39m
2025-10-23 22:21:31:2131 [33mwarn[39m: [33mClient Error Validation failed: property status should not exist[39m
2025-10-23 22:21:31:2131 [35mhttp[39m: [35m::1 - - [23/Oct/2025:19:21:31 +0000] "PUT /api/v1/campaigns/ae3f6ddb-d97c-47ec-ae36-0616d57fd04f HTTP/1.1" 400 710 "-" "curl/8.7.1"[39m
2025-10-23 22:22:06:226 [33mwarn[39m: [33mBody validation failed[39m
2025-10-23 22:22:06:226 [33mwarn[39m: [33mClient Error Validation failed: property status should not exist[39m
2025-10-23 22:22:06:226 [35mhttp[39m: [35m::1 - - [23/Oct/2025:19:22:06 +0000] "PUT /api/v1/campaigns/ae3f6ddb-d97c-47ec-ae36-0616d57fd04f HTTP/1.1" 400 710 "-" "curl/8.7.1"[39m
2025-10-23 22:22:30:2230 [35mhttp[39m: [35m::1 - - [23/Oct/2025:19:22:30 +0000] "GET /api/v1/campaigns HTTP/1.1" 200 10446 "-" "curl/8.7.1"[39m
2025-10-23 22:22:45:2245 [33mwarn[39m: [33mBody validation failed[39m
2025-10-23 22:22:45:2245 [33mwarn[39m: [33mClient Error Validation failed: property status should not exist[39m
2025-10-23 22:22:45:2245 [35mhttp[39m: [35m::1 - - [23/Oct/2025:19:22:45 +0000] "PUT /api/v1/campaigns/ae3f6ddb-d97c-47ec-ae36-0616d57fd04f HTTP/1.1" 400 710 "-" "curl/8.7.1"[39m
2025-10-23 22:23:12:2312 [33mwarn[39m: [33mBody validation failed[39m
2025-10-23 22:23:12:2312 [33mwarn[39m: [33mClient Error Validation failed: property status should not exist[39m
2025-10-23 22:23:12:2312 [35mhttp[39m: [35m::1 - - [23/Oct/2025:19:23:12 +0000] "PUT /api/v1/campaigns/ae3f6ddb-d97c-47ec-ae36-0616d57fd04f HTTP/1.1" 400 710 "-" "curl/8.7.1"[39m
2025-10-23 22:23:29:2329 [33mwarn[39m: [33mBody validation failed[39m
2025-10-23 22:23:29:2329 [33mwarn[39m: [33mClient Error Validation failed: property status should not exist[39m
2025-10-23 22:23:29:2329 [35mhttp[39m: [35m::1 - - [23/Oct/2025:19:23:29 +0000] "PUT /api/v1/campaigns/ae3f6ddb-d97c-47ec-ae36-0616d57fd04f HTTP/1.1" 400 710 "-" "curl/8.7.1"[39m
2025-10-23 22:24:32:2432 [32minfo[39m: [32mApplication started[39m
2025-10-23 22:24:44:2444 [35mhttp[39m: [35m::1 - - [23/Oct/2025:19:24:44 +0000] "PUT /api/v1/campaigns/ae3f6ddb-d97c-47ec-ae36-0616d57fd04f HTTP/1.1" 200 451 "-" "curl/8.7.1"[39m
2025-10-23 22:24:49:2449 [35mhttp[39m: [35m::1 - - [23/Oct/2025:19:24:49 +0000] "DELETE /api/v1/campaigns/ae3f6ddb-d97c-47ec-ae36-0616d57fd04f HTTP/1.1" 204 - "-" "curl/8.7.1"[39m
2025-10-23 22:24:52:2452 [35mhttp[39m: [35m::1 - - [23/Oct/2025:19:24:52 +0000] "GET /api/v1/campaigns/ae3f6ddb-d97c-47ec-ae36-0616d57fd04f HTTP/1.1" 404 46 "-" "curl/8.7.1"[39m
2025-10-23 22:26:59:2659 [32minfo[39m: [32mApplication started[39m
2025-10-23 22:27:09:279 [35mhttp[39m: [35m::1 - - [23/Oct/2025:19:27:09 +0000] "GET /api/v1/campaigns HTTP/1.1" 200 9918 "-" "curl/8.7.1"[39m
2025-10-23 22:27:11:2711 [35mhttp[39m: [35m::1 - - [23/Oct/2025:19:27:11 +0000] "GET /api/v1/campaigns/featured HTTP/1.1" 200 2889 "http://localhost:3000/" "Mozilla/5.0 (Macintosh; Intel Mac OS X 10_15_7) AppleWebKit/537.36 (KHTML, like Gecko) Chrome/141.0.0.0 Safari/537.36"[39m
2025-10-23 22:27:11:2711 [35mhttp[39m: [35m::1 - - [23/Oct/2025:19:27:11 +0000] "GET /api/v1/campaigns/featured HTTP/1.1" 304 - "http://localhost:3000/" "Mozilla/5.0 (Macintosh; Intel Mac OS X 10_15_7) AppleWebKit/537.36 (KHTML, like Gecko) Chrome/141.0.0.0 Safari/537.36"[39m
2025-10-23 22:27:11:2711 [35mhttp[39m: [35m::1 - - [23/Oct/2025:19:27:11 +0000] "GET /api/v1/campaigns/trending HTTP/1.1" 200 2973 "http://localhost:3000/" "Mozilla/5.0 (Macintosh; Intel Mac OS X 10_15_7) AppleWebKit/537.36 (KHTML, like Gecko) Chrome/141.0.0.0 Safari/537.36"[39m
2025-10-23 22:27:11:2711 [35mhttp[39m: [35m::1 - - [23/Oct/2025:19:27:11 +0000] "GET /api/v1/stats HTTP/1.1" 200 121 "http://localhost:3000/" "Mozilla/5.0 (Macintosh; Intel Mac OS X 10_15_7) AppleWebKit/537.36 (KHTML, like Gecko) Chrome/141.0.0.0 Safari/537.36"[39m
2025-10-23 22:27:11:2711 [35mhttp[39m: [35m::1 - - [23/Oct/2025:19:27:11 +0000] "GET /api/v1/campaigns/trending HTTP/1.1" 304 - "http://localhost:3000/" "Mozilla/5.0 (Macintosh; Intel Mac OS X 10_15_7) AppleWebKit/537.36 (KHTML, like Gecko) Chrome/141.0.0.0 Safari/537.36"[39m
2025-10-23 22:27:11:2711 [35mhttp[39m: [35m::1 - - [23/Oct/2025:19:27:11 +0000] "GET /api/v1/stats HTTP/1.1" 304 - "http://localhost:3000/" "Mozilla/5.0 (Macintosh; Intel Mac OS X 10_15_7) AppleWebKit/537.36 (KHTML, like Gecko) Chrome/141.0.0.0 Safari/537.36"[39m
2025-10-23 22:27:15:2715 [35mhttp[39m: [35m::1 - - [23/Oct/2025:19:27:15 +0000] "POST /api/v1/auth/login HTTP/1.1" 200 387 "http://localhost:3000/" "Mozilla/5.0 (Macintosh; Intel Mac OS X 10_15_7) AppleWebKit/537.36 (KHTML, like Gecko) Chrome/141.0.0.0 Safari/537.36"[39m
2025-10-23 22:27:15:2715 [35mhttp[39m: [35m::1 - - [23/Oct/2025:19:27:15 +0000] "PUT /api/v1/campaigns/c8eb3bac-5e5b-4efb-9357-f2fd3e2da0fc HTTP/1.1" 200 342 "-" "curl/8.7.1"[39m
2025-10-23 22:27:17:2717 [35mhttp[39m: [35m::1 - - [23/Oct/2025:19:27:17 +0000] "GET /api/v1/campaigns/featured HTTP/1.1" 304 - "http://localhost:3000/" "Mozilla/5.0 (Macintosh; Intel Mac OS X 10_15_7) AppleWebKit/537.36 (KHTML, like Gecko) Chrome/141.0.0.0 Safari/537.36"[39m
2025-10-23 22:27:17:2717 [35mhttp[39m: [35m::1 - - [23/Oct/2025:19:27:17 +0000] "GET /api/v1/campaigns?category=&status=&search=&page=1&limit=12 HTTP/1.1" 200 7829 "http://localhost:3000/" "Mozilla/5.0 (Macintosh; Intel Mac OS X 10_15_7) AppleWebKit/537.36 (KHTML, like Gecko) Chrome/141.0.0.0 Safari/537.36"[39m
2025-10-23 22:27:17:2717 [35mhttp[39m: [35m::1 - - [23/Oct/2025:19:27:17 +0000] "GET /api/v1/campaigns/featured HTTP/1.1" 304 - "http://localhost:3000/" "Mozilla/5.0 (Macintosh; Intel Mac OS X 10_15_7) AppleWebKit/537.36 (KHTML, like Gecko) Chrome/141.0.0.0 Safari/537.36"[39m
2025-10-23 22:27:17:2717 [35mhttp[39m: [35m::1 - - [23/Oct/2025:19:27:17 +0000] "GET /api/v1/campaigns?category=&status=&search=&page=1&limit=12 HTTP/1.1" 304 - "http://localhost:3000/" "Mozilla/5.0 (Macintosh; Intel Mac OS X 10_15_7) AppleWebKit/537.36 (KHTML, like Gecko) Chrome/141.0.0.0 Safari/537.36"[39m
2025-10-23 22:27:20:2720 [35mhttp[39m: [35m::1 - - [23/Oct/2025:19:27:20 +0000] "GET /api/v1/user-campaigns/my-campaigns?page=1&limit=12 HTTP/1.1" 200 1628 "http://localhost:3000/" "Mozilla/5.0 (Macintosh; Intel Mac OS X 10_15_7) AppleWebKit/537.36 (KHTML, like Gecko) Chrome/141.0.0.0 Safari/537.36"[39m
2025-10-23 22:27:20:2720 [35mhttp[39m: [35m::1 - - [23/Oct/2025:19:27:20 +0000] "GET /api/v1/user-campaigns/my-campaigns?page=1&limit=12 HTTP/1.1" 304 - "http://localhost:3000/" "Mozilla/5.0 (Macintosh; Intel Mac OS X 10_15_7) AppleWebKit/537.36 (KHTML, like Gecko) Chrome/141.0.0.0 Safari/537.36"[39m
2025-10-23 22:27:26:2726 [35mhttp[39m: [35m::1 - - [23/Oct/2025:19:27:26 +0000] "DELETE /api/v1/campaigns/c8eb3bac-5e5b-4efb-9357-f2fd3e2da0fc HTTP/1.1" 204 - "http://localhost:3000/" "Mozilla/5.0 (Macintosh; Intel Mac OS X 10_15_7) AppleWebKit/537.36 (KHTML, like Gecko) Chrome/141.0.0.0 Safari/537.36"[39m
2025-10-23 22:27:46:2746 [35mhttp[39m: [35m::1 - - [23/Oct/2025:19:27:46 +0000] "GET /api/v1/user-campaigns/my-campaigns?page=1&limit=12 HTTP/1.1" 200 1188 "http://localhost:3000/" "Mozilla/5.0 (Macintosh; Intel Mac OS X 10_15_7) AppleWebKit/537.36 (KHTML, like Gecko) Chrome/141.0.0.0 Safari/537.36"[39m
2025-10-23 22:27:46:2746 [35mhttp[39m: [35m::1 - - [23/Oct/2025:19:27:46 +0000] "GET /api/v1/user-campaigns/my-campaigns?page=1&limit=12 HTTP/1.1" 304 - "http://localhost:3000/" "Mozilla/5.0 (Macintosh; Intel Mac OS X 10_15_7) AppleWebKit/537.36 (KHTML, like Gecko) Chrome/141.0.0.0 Safari/537.36"[39m
2025-10-23 22:27:46:2746 [35mhttp[39m: [35m::1 - - [23/Oct/2025:19:27:46 +0000] "GET /api/v1/users/profile HTTP/1.1" 200 315 "http://localhost:3000/" "Mozilla/5.0 (Macintosh; Intel Mac OS X 10_15_7) AppleWebKit/537.36 (KHTML, like Gecko) Chrome/141.0.0.0 Safari/537.36"[39m
2025-10-23 22:27:46:2746 [35mhttp[39m: [35m::1 - - [23/Oct/2025:19:27:46 +0000] "GET /api/v1/users/profile HTTP/1.1" 304 - "http://localhost:3000/" "Mozilla/5.0 (Macintosh; Intel Mac OS X 10_15_7) AppleWebKit/537.36 (KHTML, like Gecko) Chrome/141.0.0.0 Safari/537.36"[39m
2025-10-23 22:27:50:2750 [35mhttp[39m: [35m::1 - - [23/Oct/2025:19:27:50 +0000] "POST /api/v1/auth/login HTTP/1.1" 200 387 "http://localhost:3000/" "Mozilla/5.0 (Macintosh; Intel Mac OS X 10_15_7) AppleWebKit/537.36 (KHTML, like Gecko) Chrome/141.0.0.0 Safari/537.36"[39m
2025-10-23 22:27:51:2751 [35mhttp[39m: [35m::1 - - [23/Oct/2025:19:27:51 +0000] "GET /api/v1/campaigns?category=&status=&search=&page=1&limit=12 HTTP/1.1" 200 8093 "http://localhost:3000/" "Mozilla/5.0 (Macintosh; Intel Mac OS X 10_15_7) AppleWebKit/537.36 (KHTML, like Gecko) Chrome/141.0.0.0 Safari/537.36"[39m
2025-10-23 22:27:51:2751 [35mhttp[39m: [35m::1 - - [23/Oct/2025:19:27:51 +0000] "GET /api/v1/campaigns/featured HTTP/1.1" 304 - "http://localhost:3000/" "Mozilla/5.0 (Macintosh; Intel Mac OS X 10_15_7) AppleWebKit/537.36 (KHTML, like Gecko) Chrome/141.0.0.0 Safari/537.36"[39m
2025-10-23 22:27:51:2751 [35mhttp[39m: [35m::1 - - [23/Oct/2025:19:27:51 +0000] "GET /api/v1/campaigns/featured HTTP/1.1" 304 - "http://localhost:3000/" "Mozilla/5.0 (Macintosh; Intel Mac OS X 10_15_7) AppleWebKit/537.36 (KHTML, like Gecko) Chrome/141.0.0.0 Safari/537.36"[39m
2025-10-23 22:27:51:2751 [35mhttp[39m: [35m::1 - - [23/Oct/2025:19:27:51 +0000] "GET /api/v1/campaigns?category=&status=&search=&page=1&limit=12 HTTP/1.1" 304 - "http://localhost:3000/" "Mozilla/5.0 (Macintosh; Intel Mac OS X 10_15_7) AppleWebKit/537.36 (KHTML, like Gecko) Chrome/141.0.0.0 Safari/537.36"[39m
2025-10-23 22:27:52:2752 [35mhttp[39m: [35m::1 - - [23/Oct/2025:19:27:52 +0000] "GET /api/v1/user-campaigns/my-campaigns?page=1&limit=12 HTTP/1.1" 304 - "http://localhost:3000/" "Mozilla/5.0 (Macintosh; Intel Mac OS X 10_15_7) AppleWebKit/537.36 (KHTML, like Gecko) Chrome/141.0.0.0 Safari/537.36"[39m
2025-10-23 22:27:52:2752 [35mhttp[39m: [35m::1 - - [23/Oct/2025:19:27:52 +0000] "GET /api/v1/user-campaigns/my-campaigns?page=1&limit=12 HTTP/1.1" 304 - "http://localhost:3000/" "Mozilla/5.0 (Macintosh; Intel Mac OS X 10_15_7) AppleWebKit/537.36 (KHTML, like Gecko) Chrome/141.0.0.0 Safari/537.36"[39m
2025-10-23 22:27:55:2755 [35mhttp[39m: [35m::1 - - [23/Oct/2025:19:27:55 +0000] "PUT /api/v1/campaigns/43d18d5a-f751-443c-b862-180b74b4b924 HTTP/1.1" 200 451 "http://localhost:3000/" "Mozilla/5.0 (Macintosh; Intel Mac OS X 10_15_7) AppleWebKit/537.36 (KHTML, like Gecko) Chrome/141.0.0.0 Safari/537.36"[39m
2025-10-23 22:27:55:2755 [35mhttp[39m: [35m::1 - - [23/Oct/2025:19:27:55 +0000] "GET /api/v1/user-campaigns/my-campaigns?page=1&limit=12 HTTP/1.1" 304 - "http://localhost:3000/" "Mozilla/5.0 (Macintosh; Intel Mac OS X 10_15_7) AppleWebKit/537.36 (KHTML, like Gecko) Chrome/141.0.0.0 Safari/537.36"[39m
2025-10-23 22:28:00:280 [35mhttp[39m: [35m::1 - - [23/Oct/2025:19:28:00 +0000] "GET /api/v1/campaigns/43d18d5a-f751-443c-b862-180b74b4b924 HTTP/1.1" 200 718 "http://localhost:3000/" "Mozilla/5.0 (Macintosh; Intel Mac OS X 10_15_7) AppleWebKit/537.36 (KHTML, like Gecko) Chrome/141.0.0.0 Safari/537.36"[39m
2025-10-23 22:28:00:280 [35mhttp[39m: [35m::1 - - [23/Oct/2025:19:28:00 +0000] "GET /api/v1/campaigns/43d18d5a-f751-443c-b862-180b74b4b924 HTTP/1.1" 304 - "http://localhost:3000/" "Mozilla/5.0 (Macintosh; Intel Mac OS X 10_15_7) AppleWebKit/537.36 (KHTML, like Gecko) Chrome/141.0.0.0 Safari/537.36"[39m
2025-10-23 22:28:00:280 [35mhttp[39m: [35m::1 - - [23/Oct/2025:19:28:00 +0000] "GET /api/v1/campaigns/43d18d5a-f751-443c-b862-180b74b4b924/donations?page=1&limit=10 HTTP/1.1" 200 91 "http://localhost:3000/" "Mozilla/5.0 (Macintosh; Intel Mac OS X 10_15_7) AppleWebKit/537.36 (KHTML, like Gecko) Chrome/141.0.0.0 Safari/537.36"[39m
2025-10-23 22:28:00:280 [35mhttp[39m: [35m::1 - - [23/Oct/2025:19:28:00 +0000] "GET /api/v1/campaigns/43d18d5a-f751-443c-b862-180b74b4b924/donations?page=1&limit=10 HTTP/1.1" 304 - "http://localhost:3000/" "Mozilla/5.0 (Macintosh; Intel Mac OS X 10_15_7) AppleWebKit/537.36 (KHTML, like Gecko) Chrome/141.0.0.0 Safari/537.36"[39m
2025-10-23 22:28:06:286 [35mhttp[39m: [35m::1 - - [23/Oct/2025:19:28:06 +0000] "GET /api/v1/campaigns/43d18d5a-f751-443c-b862-180b74b4b924/donations?page=1&limit=10 HTTP/1.1" 304 - "http://localhost:3000/" "Mozilla/5.0 (Macintosh; Intel Mac OS X 10_15_7) AppleWebKit/537.36 (KHTML, like Gecko) Chrome/141.0.0.0 Safari/537.36"[39m
2025-10-23 22:28:06:286 [35mhttp[39m: [35m::1 - - [23/Oct/2025:19:28:06 +0000] "GET /api/v1/users/profile HTTP/1.1" 304 - "http://localhost:3000/" "Mozilla/5.0 (Macintosh; Intel Mac OS X 10_15_7) AppleWebKit/537.36 (KHTML, like Gecko) Chrome/141.0.0.0 Safari/537.36"[39m
2025-10-23 22:28:06:286 [35mhttp[39m: [35m::1 - - [23/Oct/2025:19:28:06 +0000] "GET /api/v1/campaigns/43d18d5a-f751-443c-b862-180b74b4b924 HTTP/1.1" 304 - "http://localhost:3000/" "Mozilla/5.0 (Macintosh; Intel Mac OS X 10_15_7) AppleWebKit/537.36 (KHTML, like Gecko) Chrome/141.0.0.0 Safari/537.36"[39m
2025-10-23 22:28:06:286 [35mhttp[39m: [35m::1 - - [23/Oct/2025:19:28:06 +0000] "GET /api/v1/campaigns/43d18d5a-f751-443c-b862-180b74b4b924/donations?page=1&limit=10 HTTP/1.1" 304 - "http://localhost:3000/" "Mozilla/5.0 (Macintosh; Intel Mac OS X 10_15_7) AppleWebKit/537.36 (KHTML, like Gecko) Chrome/141.0.0.0 Safari/537.36"[39m
2025-10-23 22:28:06:286 [35mhttp[39m: [35m::1 - - [23/Oct/2025:19:28:06 +0000] "GET /api/v1/users/profile HTTP/1.1" 304 - "http://localhost:3000/" "Mozilla/5.0 (Macintosh; Intel Mac OS X 10_15_7) AppleWebKit/537.36 (KHTML, like Gecko) Chrome/141.0.0.0 Safari/537.36"[39m
2025-10-23 22:28:06:286 [35mhttp[39m: [35m::1 - - [23/Oct/2025:19:28:06 +0000] "GET /api/v1/campaigns/43d18d5a-f751-443c-b862-180b74b4b924 HTTP/1.1" 304 - "http://localhost:3000/" "Mozilla/5.0 (Macintosh; Intel Mac OS X 10_15_7) AppleWebKit/537.36 (KHTML, like Gecko) Chrome/141.0.0.0 Safari/537.36"[39m
2025-10-23 22:28:18:2818 [35mhttp[39m: [35m::1 - - [23/Oct/2025:19:28:18 +0000] "POST /api/v1/auth/login HTTP/1.1" 200 387 "http://localhost:3000/" "Mozilla/5.0 (Macintosh; Intel Mac OS X 10_15_7) AppleWebKit/537.36 (KHTML, like Gecko) Chrome/141.0.0.0 Safari/537.36"[39m
2025-10-23 22:28:20:2820 [35mhttp[39m: [35m::1 - - [23/Oct/2025:19:28:20 +0000] "GET /api/v1/campaigns/featured HTTP/1.1" 304 - "http://localhost:3000/" "Mozilla/5.0 (Macintosh; Intel Mac OS X 10_15_7) AppleWebKit/537.36 (KHTML, like Gecko) Chrome/141.0.0.0 Safari/537.36"[39m
2025-10-23 22:28:20:2820 [35mhttp[39m: [35m::1 - - [23/Oct/2025:19:28:20 +0000] "GET /api/v1/campaigns?category=&status=&search=&page=1&limit=12 HTTP/1.1" 304 - "http://localhost:3000/" "Mozilla/5.0 (Macintosh; Intel Mac OS X 10_15_7) AppleWebKit/537.36 (KHTML, like Gecko) Chrome/141.0.0.0 Safari/537.36"[39m
2025-10-23 22:28:20:2820 [35mhttp[39m: [35m::1 - - [23/Oct/2025:19:28:20 +0000] "GET /api/v1/campaigns/featured HTTP/1.1" 304 - "http://localhost:3000/" "Mozilla/5.0 (Macintosh; Intel Mac OS X 10_15_7) AppleWebKit/537.36 (KHTML, like Gecko) Chrome/141.0.0.0 Safari/537.36"[39m
2025-10-23 22:28:20:2820 [35mhttp[39m: [35m::1 - - [23/Oct/2025:19:28:20 +0000] "GET /api/v1/campaigns?category=&status=&search=&page=1&limit=12 HTTP/1.1" 304 - "http://localhost:3000/" "Mozilla/5.0 (Macintosh; Intel Mac OS X 10_15_7) AppleWebKit/537.36 (KHTML, like Gecko) Chrome/141.0.0.0 Safari/537.36"[39m
2025-10-23 22:28:21:2821 [35mhttp[39m: [35m::1 - - [23/Oct/2025:19:28:21 +0000] "GET /api/v1/user-campaigns/my-campaigns?page=1&limit=12 HTTP/1.1" 304 - "http://localhost:3000/" "Mozilla/5.0 (Macintosh; Intel Mac OS X 10_15_7) AppleWebKit/537.36 (KHTML, like Gecko) Chrome/141.0.0.0 Safari/537.36"[39m
2025-10-23 22:28:21:2821 [35mhttp[39m: [35m::1 - - [23/Oct/2025:19:28:21 +0000] "GET /api/v1/user-campaigns/my-campaigns?page=1&limit=12 HTTP/1.1" 304 - "http://localhost:3000/" "Mozilla/5.0 (Macintosh; Intel Mac OS X 10_15_7) AppleWebKit/537.36 (KHTML, like Gecko) Chrome/141.0.0.0 Safari/537.36"[39m
2025-10-23 22:28:30:2830 [35mhttp[39m: [35m::1 - - [23/Oct/2025:19:28:30 +0000] "DELETE /api/v1/campaigns/43d18d5a-f751-443c-b862-180b74b4b924 HTTP/1.1" 204 - "http://localhost:3000/" "Mozilla/5.0 (Macintosh; Intel Mac OS X 10_15_7) AppleWebKit/537.36 (KHTML, like Gecko) Chrome/141.0.0.0 Safari/537.36"[39m
2025-10-23 22:28:30:2830 [35mhttp[39m: [35m::1 - - [23/Oct/2025:19:28:30 +0000] "GET /api/v1/user-campaigns/my-campaigns?page=1&limit=12 HTTP/1.1" 200 639 "http://localhost:3000/" "Mozilla/5.0 (Macintosh; Intel Mac OS X 10_15_7) AppleWebKit/537.36 (KHTML, like Gecko) Chrome/141.0.0.0 Safari/537.36"[39m
2025-10-23 22:28:35:2835 [35mhttp[39m: [35m::1 - - [23/Oct/2025:19:28:35 +0000] "GET /api/v1/campaigns/af006541-5d0f-4297-b60c-7795847884da HTTP/1.1" 200 718 "http://localhost:3000/" "Mozilla/5.0 (Macintosh; Intel Mac OS X 10_15_7) AppleWebKit/537.36 (KHTML, like Gecko) Chrome/141.0.0.0 Safari/537.36"[39m
2025-10-23 22:28:35:2835 [35mhttp[39m: [35m::1 - - [23/Oct/2025:19:28:35 +0000] "GET /api/v1/campaigns/af006541-5d0f-4297-b60c-7795847884da HTTP/1.1" 304 - "http://localhost:3000/" "Mozilla/5.0 (Macintosh; Intel Mac OS X 10_15_7) AppleWebKit/537.36 (KHTML, like Gecko) Chrome/141.0.0.0 Safari/537.36"[39m
2025-10-23 22:29:29:2929 [35mhttp[39m: [35m::1 - - [23/Oct/2025:19:29:29 +0000] "PUT /api/v1/campaigns/af006541-5d0f-4297-b60c-7795847884da HTTP/1.1" 404 53 "http://localhost:3000/" "Mozilla/5.0 (Macintosh; Intel Mac OS X 10_15_7) AppleWebKit/537.36 (KHTML, like Gecko) Chrome/141.0.0.0 Safari/537.36"[39m
2025-10-23 22:29:47:2947 [35mhttp[39m: [35m::1 - - [23/Oct/2025:19:29:47 +0000] "GET /api/v1/campaigns/af006541-5d0f-4297-b60c-7795847884da HTTP/1.1" 200 718 "-" "curl/8.7.1"[39m
2025-10-23 22:30:06:306 [35mhttp[39m: [35m::1 - - [23/Oct/2025:19:30:06 +0000] "GET /api/v1/campaigns/featured HTTP/1.1" 304 - "http://localhost:3000/" "Mozilla/5.0 (Macintosh; Intel Mac OS X 10_15_7) AppleWebKit/537.36 (KHTML, like Gecko) Chrome/141.0.0.0 Safari/537.36"[39m
2025-10-23 22:30:06:306 [35mhttp[39m: [35m::1 - - [23/Oct/2025:19:30:06 +0000] "GET /api/v1/campaigns/trending HTTP/1.1" 304 - "http://localhost:3000/" "Mozilla/5.0 (Macintosh; Intel Mac OS X 10_15_7) AppleWebKit/537.36 (KHTML, like Gecko) Chrome/141.0.0.0 Safari/537.36"[39m
2025-10-23 22:30:06:306 [35mhttp[39m: [35m::1 - - [23/Oct/2025:19:30:06 +0000] "GET /api/v1/stats HTTP/1.1" 200 121 "http://localhost:3000/" "Mozilla/5.0 (Macintosh; Intel Mac OS X 10_15_7) AppleWebKit/537.36 (KHTML, like Gecko) Chrome/141.0.0.0 Safari/537.36"[39m
2025-10-23 22:30:06:306 [35mhttp[39m: [35m::1 - - [23/Oct/2025:19:30:06 +0000] "GET /api/v1/campaigns/featured HTTP/1.1" 304 - "http://localhost:3000/" "Mozilla/5.0 (Macintosh; Intel Mac OS X 10_15_7) AppleWebKit/537.36 (KHTML, like Gecko) Chrome/141.0.0.0 Safari/537.36"[39m
2025-10-23 22:30:06:306 [35mhttp[39m: [35m::1 - - [23/Oct/2025:19:30:06 +0000] "GET /api/v1/campaigns/trending HTTP/1.1" 304 - "http://localhost:3000/" "Mozilla/5.0 (Macintosh; Intel Mac OS X 10_15_7) AppleWebKit/537.36 (KHTML, like Gecko) Chrome/141.0.0.0 Safari/537.36"[39m
2025-10-23 22:30:06:306 [35mhttp[39m: [35m::1 - - [23/Oct/2025:19:30:06 +0000] "GET /api/v1/stats HTTP/1.1" 304 - "http://localhost:3000/" "Mozilla/5.0 (Macintosh; Intel Mac OS X 10_15_7) AppleWebKit/537.36 (KHTML, like Gecko) Chrome/141.0.0.0 Safari/537.36"[39m
2025-10-23 22:30:11:3011 [35mhttp[39m: [35m::1 - - [23/Oct/2025:19:30:11 +0000] "GET /api/v1/campaigns/featured HTTP/1.1" 200 2889 "http://localhost:3000/" "Mozilla/5.0 (Macintosh; Intel Mac OS X 10_15_7) AppleWebKit/537.36 (KHTML, like Gecko) Chrome/141.0.0.0 Safari/537.36"[39m
2025-10-23 22:30:11:3011 [35mhttp[39m: [35m::1 - - [23/Oct/2025:19:30:11 +0000] "GET /api/v1/campaigns/trending HTTP/1.1" 200 2973 "http://localhost:3000/" "Mozilla/5.0 (Macintosh; Intel Mac OS X 10_15_7) AppleWebKit/537.36 (KHTML, like Gecko) Chrome/141.0.0.0 Safari/537.36"[39m
2025-10-23 22:30:11:3011 [35mhttp[39m: [35m::1 - - [23/Oct/2025:19:30:11 +0000] "GET /api/v1/campaigns/featured HTTP/1.1" 304 - "http://localhost:3000/" "Mozilla/5.0 (Macintosh; Intel Mac OS X 10_15_7) AppleWebKit/537.36 (KHTML, like Gecko) Chrome/141.0.0.0 Safari/537.36"[39m
2025-10-23 22:30:11:3011 [35mhttp[39m: [35m::1 - - [23/Oct/2025:19:30:11 +0000] "GET /api/v1/campaigns/trending HTTP/1.1" 304 - "http://localhost:3000/" "Mozilla/5.0 (Macintosh; Intel Mac OS X 10_15_7) AppleWebKit/537.36 (KHTML, like Gecko) Chrome/141.0.0.0 Safari/537.36"[39m
2025-10-23 22:30:11:3011 [35mhttp[39m: [35m::1 - - [23/Oct/2025:19:30:11 +0000] "GET /api/v1/stats HTTP/1.1" 200 121 "http://localhost:3000/" "Mozilla/5.0 (Macintosh; Intel Mac OS X 10_15_7) AppleWebKit/537.36 (KHTML, like Gecko) Chrome/141.0.0.0 Safari/537.36"[39m
2025-10-23 22:30:11:3011 [35mhttp[39m: [35m::1 - - [23/Oct/2025:19:30:11 +0000] "GET /api/v1/stats HTTP/1.1" 304 - "http://localhost:3000/" "Mozilla/5.0 (Macintosh; Intel Mac OS X 10_15_7) AppleWebKit/537.36 (KHTML, like Gecko) Chrome/141.0.0.0 Safari/537.36"[39m
2025-10-23 22:30:15:3015 [35mhttp[39m: [35m::1 - - [23/Oct/2025:19:30:15 +0000] "POST /api/v1/auth/login HTTP/1.1" 200 387 "http://localhost:3000/" "Mozilla/5.0 (Macintosh; Intel Mac OS X 10_15_7) AppleWebKit/537.36 (KHTML, like Gecko) Chrome/141.0.0.0 Safari/537.36"[39m
2025-10-23 22:30:16:3016 [35mhttp[39m: [35m::1 - - [23/Oct/2025:19:30:16 +0000] "GET /api/v1/campaigns?category=&status=&search=&page=1&limit=12 HTTP/1.1" 200 8076 "http://localhost:3000/" "Mozilla/5.0 (Macintosh; Intel Mac OS X 10_15_7) AppleWebKit/537.36 (KHTML, like Gecko) Chrome/141.0.0.0 Safari/537.36"[39m
2025-10-23 22:30:16:3016 [35mhttp[39m: [35m::1 - - [23/Oct/2025:19:30:16 +0000] "GET /api/v1/campaigns/featured HTTP/1.1" 304 - "http://localhost:3000/" "Mozilla/5.0 (Macintosh; Intel Mac OS X 10_15_7) AppleWebKit/537.36 (KHTML, like Gecko) Chrome/141.0.0.0 Safari/537.36"[39m
2025-10-23 22:30:16:3016 [35mhttp[39m: [35m::1 - - [23/Oct/2025:19:30:16 +0000] "GET /api/v1/campaigns?category=&status=&search=&page=1&limit=12 HTTP/1.1" 304 - "http://localhost:3000/" "Mozilla/5.0 (Macintosh; Intel Mac OS X 10_15_7) AppleWebKit/537.36 (KHTML, like Gecko) Chrome/141.0.0.0 Safari/537.36"[39m
2025-10-23 22:30:16:3016 [35mhttp[39m: [35m::1 - - [23/Oct/2025:19:30:16 +0000] "GET /api/v1/campaigns/featured HTTP/1.1" 304 - "http://localhost:3000/" "Mozilla/5.0 (Macintosh; Intel Mac OS X 10_15_7) AppleWebKit/537.36 (KHTML, like Gecko) Chrome/141.0.0.0 Safari/537.36"[39m
2025-10-23 22:30:18:3018 [35mhttp[39m: [35m::1 - - [23/Oct/2025:19:30:18 +0000] "GET /api/v1/user-campaigns/my-campaigns?page=1&limit=12 HTTP/1.1" 200 639 "http://localhost:3000/" "Mozilla/5.0 (Macintosh; Intel Mac OS X 10_15_7) AppleWebKit/537.36 (KHTML, like Gecko) Chrome/141.0.0.0 Safari/537.36"[39m
2025-10-23 22:30:18:3018 [35mhttp[39m: [35m::1 - - [23/Oct/2025:19:30:18 +0000] "GET /api/v1/user-campaigns/my-campaigns?page=1&limit=12 HTTP/1.1" 304 - "http://localhost:3000/" "Mozilla/5.0 (Macintosh; Intel Mac OS X 10_15_7) AppleWebKit/537.36 (KHTML, like Gecko) Chrome/141.0.0.0 Safari/537.36"[39m
2025-10-23 22:30:21:3021 [35mhttp[39m: [35m::1 - - [23/Oct/2025:19:30:21 +0000] "GET /api/v1/campaigns/af006541-5d0f-4297-b60c-7795847884da/donations?page=1&limit=10 HTTP/1.1" 200 91 "http://localhost:3000/" "Mozilla/5.0 (Macintosh; Intel Mac OS X 10_15_7) AppleWebKit/537.36 (KHTML, like Gecko) Chrome/141.0.0.0 Safari/537.36"[39m
2025-10-23 22:30:21:3021 [35mhttp[39m: [35m::1 - - [23/Oct/2025:19:30:21 +0000] "GET /api/v1/campaigns/af006541-5d0f-4297-b60c-7795847884da/donations?page=1&limit=10 HTTP/1.1" 304 - "http://localhost:3000/" "Mozilla/5.0 (Macintosh; Intel Mac OS X 10_15_7) AppleWebKit/537.36 (KHTML, like Gecko) Chrome/141.0.0.0 Safari/537.36"[39m
2025-10-23 22:30:21:3021 [35mhttp[39m: [35m::1 - - [23/Oct/2025:19:30:21 +0000] "GET /api/v1/campaigns/af006541-5d0f-4297-b60c-7795847884da HTTP/1.1" 200 718 "http://localhost:3000/" "Mozilla/5.0 (Macintosh; Intel Mac OS X 10_15_7) AppleWebKit/537.36 (KHTML, like Gecko) Chrome/141.0.0.0 Safari/537.36"[39m
2025-10-23 22:30:21:3021 [35mhttp[39m: [35m::1 - - [23/Oct/2025:19:30:21 +0000] "GET /api/v1/campaigns/af006541-5d0f-4297-b60c-7795847884da HTTP/1.1" 304 - "http://localhost:3000/" "Mozilla/5.0 (Macintosh; Intel Mac OS X 10_15_7) AppleWebKit/537.36 (KHTML, like Gecko) Chrome/141.0.0.0 Safari/537.36"[39m
2025-10-23 22:30:27:3027 [35mhttp[39m: [35m::1 - - [23/Oct/2025:19:30:27 +0000] "GET /api/v1/user-campaigns/my-campaigns?page=1&limit=12 HTTP/1.1" 304 - "http://localhost:3000/" "Mozilla/5.0 (Macintosh; Intel Mac OS X 10_15_7) AppleWebKit/537.36 (KHTML, like Gecko) Chrome/141.0.0.0 Safari/537.36"[39m
2025-10-23 22:30:27:3027 [35mhttp[39m: [35m::1 - - [23/Oct/2025:19:30:27 +0000] "GET /api/v1/user-campaigns/my-campaigns?page=1&limit=12 HTTP/1.1" 304 - "http://localhost:3000/" "Mozilla/5.0 (Macintosh; Intel Mac OS X 10_15_7) AppleWebKit/537.36 (KHTML, like Gecko) Chrome/141.0.0.0 Safari/537.36"[39m
2025-10-23 22:30:29:3029 [35mhttp[39m: [35m::1 - - [23/Oct/2025:19:30:29 +0000] "GET /api/v1/campaigns/af006541-5d0f-4297-b60c-7795847884da HTTP/1.1" 304 - "http://localhost:3000/" "Mozilla/5.0 (Macintosh; Intel Mac OS X 10_15_7) AppleWebKit/537.36 (KHTML, like Gecko) Chrome/141.0.0.0 Safari/537.36"[39m
2025-10-23 22:30:29:3029 [35mhttp[39m: [35m::1 - - [23/Oct/2025:19:30:29 +0000] "GET /api/v1/campaigns/af006541-5d0f-4297-b60c-7795847884da HTTP/1.1" 304 - "http://localhost:3000/" "Mozilla/5.0 (Macintosh; Intel Mac OS X 10_15_7) AppleWebKit/537.36 (KHTML, like Gecko) Chrome/141.0.0.0 Safari/537.36"[39m
2025-10-23 22:30:34:3034 [35mhttp[39m: [35m::1 - - [23/Oct/2025:19:30:34 +0000] "PUT /api/v1/campaigns/af006541-5d0f-4297-b60c-7795847884da HTTP/1.1" 404 53 "http://localhost:3000/" "Mozilla/5.0 (Macintosh; Intel Mac OS X 10_15_7) AppleWebKit/537.36 (KHTML, like Gecko) Chrome/141.0.0.0 Safari/537.36"[39m
2025-10-23 22:30:46:3046 [35mhttp[39m: [35m::1 - - [23/Oct/2025:19:30:46 +0000] "PUT /api/v1/campaigns/af006541-5d0f-4297-b60c-7795847884da HTTP/1.1" 200 372 "-" "curl/8.7.1"[39m
2025-10-23 22:31:13:3113 [35mhttp[39m: [35m::1 - - [23/Oct/2025:19:31:13 +0000] "PUT /api/v1/campaigns/af006541-5d0f-4297-b60c-7795847884da HTTP/1.1" 404 53 "http://localhost:3000/" "Mozilla/5.0 (Macintosh; Intel Mac OS X 10_15_7) AppleWebKit/537.36 (KHTML, like Gecko) Chrome/141.0.0.0 Safari/537.36"[39m
2025-10-23 22:31:16:3116 [35mhttp[39m: [35m::1 - - [23/Oct/2025:19:31:16 +0000] "GET /api/v1/users/profile HTTP/1.1" 200 315 "http://localhost:3000/" "Mozilla/5.0 (Macintosh; Intel Mac OS X 10_15_7) AppleWebKit/537.36 (KHTML, like Gecko) Chrome/141.0.0.0 Safari/537.36"[39m
2025-10-23 22:31:16:3116 [35mhttp[39m: [35m::1 - - [23/Oct/2025:19:31:16 +0000] "GET /api/v1/campaigns/af006541-5d0f-4297-b60c-7795847884da HTTP/1.1" 200 639 "http://localhost:3000/" "Mozilla/5.0 (Macintosh; Intel Mac OS X 10_15_7) AppleWebKit/537.36 (KHTML, like Gecko) Chrome/141.0.0.0 Safari/537.36"[39m
2025-10-23 22:31:16:3116 [35mhttp[39m: [35m::1 - - [23/Oct/2025:19:31:16 +0000] "GET /api/v1/users/profile HTTP/1.1" 304 - "http://localhost:3000/" "Mozilla/5.0 (Macintosh; Intel Mac OS X 10_15_7) AppleWebKit/537.36 (KHTML, like Gecko) Chrome/141.0.0.0 Safari/537.36"[39m
2025-10-23 22:31:16:3116 [35mhttp[39m: [35m::1 - - [23/Oct/2025:19:31:16 +0000] "GET /api/v1/campaigns/af006541-5d0f-4297-b60c-7795847884da HTTP/1.1" 304 - "http://localhost:3000/" "Mozilla/5.0 (Macintosh; Intel Mac OS X 10_15_7) AppleWebKit/537.36 (KHTML, like Gecko) Chrome/141.0.0.0 Safari/537.36"[39m
2025-10-23 22:31:18:3118 [35mhttp[39m: [35m::1 - - [23/Oct/2025:19:31:18 +0000] "POST /api/v1/auth/login HTTP/1.1" 200 387 "http://localhost:3000/" "Mozilla/5.0 (Macintosh; Intel Mac OS X 10_15_7) AppleWebKit/537.36 (KHTML, like Gecko) Chrome/141.0.0.0 Safari/537.36"[39m
2025-10-23 22:31:19:3119 [35mhttp[39m: [35m::1 - - [23/Oct/2025:19:31:19 +0000] "GET /api/v1/campaigns/featured HTTP/1.1" 304 - "http://localhost:3000/" "Mozilla/5.0 (Macintosh; Intel Mac OS X 10_15_7) AppleWebKit/537.36 (KHTML, like Gecko) Chrome/141.0.0.0 Safari/537.36"[39m
2025-10-23 22:31:19:3119 [35mhttp[39m: [35m::1 - - [23/Oct/2025:19:31:19 +0000] "GET /api/v1/campaigns?category=&status=&search=&page=1&limit=12 HTTP/1.1" 200 7997 "http://localhost:3000/" "Mozilla/5.0 (Macintosh; Intel Mac OS X 10_15_7) AppleWebKit/537.36 (KHTML, like Gecko) Chrome/141.0.0.0 Safari/537.36"[39m
2025-10-23 22:31:19:3119 [35mhttp[39m: [35m::1 - - [23/Oct/2025:19:31:19 +0000] "GET /api/v1/campaigns/featured HTTP/1.1" 304 - "http://localhost:3000/" "Mozilla/5.0 (Macintosh; Intel Mac OS X 10_15_7) AppleWebKit/537.36 (KHTML, like Gecko) Chrome/141.0.0.0 Safari/537.36"[39m
2025-10-23 22:31:19:3119 [35mhttp[39m: [35m::1 - - [23/Oct/2025:19:31:19 +0000] "GET /api/v1/campaigns?category=&status=&search=&page=1&limit=12 HTTP/1.1" 304 - "http://localhost:3000/" "Mozilla/5.0 (Macintosh; Intel Mac OS X 10_15_7) AppleWebKit/537.36 (KHTML, like Gecko) Chrome/141.0.0.0 Safari/537.36"[39m
2025-10-23 22:31:20:3120 [35mhttp[39m: [35m::1 - - [23/Oct/2025:19:31:20 +0000] "GET /api/v1/user-campaigns/my-campaigns?page=1&limit=12 HTTP/1.1" 200 560 "http://localhost:3000/" "Mozilla/5.0 (Macintosh; Intel Mac OS X 10_15_7) AppleWebKit/537.36 (KHTML, like Gecko) Chrome/141.0.0.0 Safari/537.36"[39m
2025-10-23 22:31:20:3120 [35mhttp[39m: [35m::1 - - [23/Oct/2025:19:31:20 +0000] "GET /api/v1/user-campaigns/my-campaigns?page=1&limit=12 HTTP/1.1" 304 - "http://localhost:3000/" "Mozilla/5.0 (Macintosh; Intel Mac OS X 10_15_7) AppleWebKit/537.36 (KHTML, like Gecko) Chrome/141.0.0.0 Safari/537.36"[39m
2025-10-23 22:31:21:3121 [35mhttp[39m: [35m::1 - - [23/Oct/2025:19:31:21 +0000] "GET /api/v1/campaigns/af006541-5d0f-4297-b60c-7795847884da HTTP/1.1" 304 - "http://localhost:3000/" "Mozilla/5.0 (Macintosh; Intel Mac OS X 10_15_7) AppleWebKit/537.36 (KHTML, like Gecko) Chrome/141.0.0.0 Safari/537.36"[39m
2025-10-23 22:31:21:3121 [35mhttp[39m: [35m::1 - - [23/Oct/2025:19:31:21 +0000] "GET /api/v1/campaigns/af006541-5d0f-4297-b60c-7795847884da HTTP/1.1" 304 - "http://localhost:3000/" "Mozilla/5.0 (Macintosh; Intel Mac OS X 10_15_7) AppleWebKit/537.36 (KHTML, like Gecko) Chrome/141.0.0.0 Safari/537.36"[39m
2025-10-23 22:31:25:3125 [35mhttp[39m: [35m::1 - - [23/Oct/2025:19:31:25 +0000] "PUT /api/v1/campaigns/af006541-5d0f-4297-b60c-7795847884da HTTP/1.1" 404 53 "http://localhost:3000/" "Mozilla/5.0 (Macintosh; Intel Mac OS X 10_15_7) AppleWebKit/537.36 (KHTML, like Gecko) Chrome/141.0.0.0 Safari/537.36"[39m
2025-10-23 22:31:43:3143 [35mhttp[39m: [35m::1 - - [23/Oct/2025:19:31:43 +0000] "GET /api/v1/users/profile HTTP/1.1" 304 - "http://localhost:3000/" "Mozilla/5.0 (Macintosh; Intel Mac OS X 10_15_7) AppleWebKit/537.36 (KHTML, like Gecko) Chrome/141.0.0.0 Safari/537.36"[39m
2025-10-23 22:31:43:3143 [35mhttp[39m: [35m::1 - - [23/Oct/2025:19:31:43 +0000] "GET /api/v1/campaigns/af006541-5d0f-4297-b60c-7795847884da HTTP/1.1" 304 - "http://localhost:3000/" "Mozilla/5.0 (Macintosh; Intel Mac OS X 10_15_7) AppleWebKit/537.36 (KHTML, like Gecko) Chrome/141.0.0.0 Safari/537.36"[39m
2025-10-23 22:31:43:3143 [35mhttp[39m: [35m::1 - - [23/Oct/2025:19:31:43 +0000] "GET /api/v1/users/profile HTTP/1.1" 304 - "http://localhost:3000/" "Mozilla/5.0 (Macintosh; Intel Mac OS X 10_15_7) AppleWebKit/537.36 (KHTML, like Gecko) Chrome/141.0.0.0 Safari/537.36"[39m
2025-10-23 22:31:43:3143 [35mhttp[39m: [35m::1 - - [23/Oct/2025:19:31:43 +0000] "GET /api/v1/campaigns/af006541-5d0f-4297-b60c-7795847884da HTTP/1.1" 304 - "http://localhost:3000/" "Mozilla/5.0 (Macintosh; Intel Mac OS X 10_15_7) AppleWebKit/537.36 (KHTML, like Gecko) Chrome/141.0.0.0 Safari/537.36"[39m
2025-10-23 22:31:44:3144 [35mhttp[39m: [35m::1 - - [23/Oct/2025:19:31:44 +0000] "GET /api/v1/campaigns HTTP/1.1" 200 8892 "-" "curl/8.7.1"[39m
2025-10-23 22:31:48:3148 [35mhttp[39m: [35m::1 - - [23/Oct/2025:19:31:48 +0000] "GET /api/v1/campaigns/af006541-5d0f-4297-b60c-7795847884da HTTP/1.1" 200 639 "-" "curl/8.7.1"[39m
2025-10-23 22:32:05:325 [35mhttp[39m: [35m::1 - - [23/Oct/2025:19:32:05 +0000] "GET /api/v1/campaigns/af006541-5d0f-4297-b60c-7795847884da?_t=1761247925577 HTTP/1.1" 200 639 "http://localhost:3000/" "Mozilla/5.0 (Macintosh; Intel Mac OS X 10_15_7) AppleWebKit/537.36 (KHTML, like Gecko) Chrome/141.0.0.0 Safari/537.36"[39m
2025-10-23 22:32:05:325 [35mhttp[39m: [35m::1 - - [23/Oct/2025:19:32:05 +0000] "GET /api/v1/campaigns/af006541-5d0f-4297-b60c-7795847884da?_t=1761247925579 HTTP/1.1" 200 639 "http://localhost:3000/" "Mozilla/5.0 (Macintosh; Intel Mac OS X 10_15_7) AppleWebKit/537.36 (KHTML, like Gecko) Chrome/141.0.0.0 Safari/537.36"[39m
2025-10-23 22:32:21:3221 [35mhttp[39m: [35m::1 - - [23/Oct/2025:19:32:21 +0000] "GET /api/v1/campaigns/af006541-5d0f-4297-b60c-7795847884da?_t=1761247941747 HTTP/1.1" 200 639 "http://localhost:3000/" "Mozilla/5.0 (Macintosh; Intel Mac OS X 10_15_7) AppleWebKit/537.36 (KHTML, like Gecko) Chrome/141.0.0.0 Safari/537.36"[39m
2025-10-23 22:32:21:3221 [35mhttp[39m: [35m::1 - - [23/Oct/2025:19:32:21 +0000] "GET /api/v1/campaigns/af006541-5d0f-4297-b60c-7795847884da?_t=1761247941748 HTTP/1.1" 200 639 "http://localhost:3000/" "Mozilla/5.0 (Macintosh; Intel Mac OS X 10_15_7) AppleWebKit/537.36 (KHTML, like Gecko) Chrome/141.0.0.0 Safari/537.36"[39m
2025-10-23 22:32:42:3242 [35mhttp[39m: [35m::1 - - [23/Oct/2025:19:32:42 +0000] "GET /api/v1/campaigns/af006541-5d0f-4297-b60c-7795847884da?_t=1761247962174 HTTP/1.1" 200 639 "http://localhost:3000/" "Mozilla/5.0 (Macintosh; Intel Mac OS X 10_15_7) AppleWebKit/537.36 (KHTML, like Gecko) Chrome/141.0.0.0 Safari/537.36"[39m
2025-10-23 22:32:42:3242 [35mhttp[39m: [35m::1 - - [23/Oct/2025:19:32:42 +0000] "GET /api/v1/campaigns/af006541-5d0f-4297-b60c-7795847884da?_t=1761247962176 HTTP/1.1" 200 639 "http://localhost:3000/" "Mozilla/5.0 (Macintosh; Intel Mac OS X 10_15_7) AppleWebKit/537.36 (KHTML, like Gecko) Chrome/141.0.0.0 Safari/537.36"[39m
2025-10-23 22:32:44:3244 [35mhttp[39m: [35m::1 - - [23/Oct/2025:19:32:44 +0000] "POST /api/v1/auth/login HTTP/1.1" 200 387 "http://localhost:3000/" "Mozilla/5.0 (Macintosh; Intel Mac OS X 10_15_7) AppleWebKit/537.36 (KHTML, like Gecko) Chrome/141.0.0.0 Safari/537.36"[39m
2025-10-23 22:32:45:3245 [35mhttp[39m: [35m::1 - - [23/Oct/2025:19:32:45 +0000] "GET /api/v1/campaigns/featured?_t=1761247965751 HTTP/1.1" 200 2889 "http://localhost:3000/" "Mozilla/5.0 (Macintosh; Intel Mac OS X 10_15_7) AppleWebKit/537.36 (KHTML, like Gecko) Chrome/141.0.0.0 Safari/537.36"[39m
2025-10-23 22:32:45:3245 [35mhttp[39m: [35m::1 - - [23/Oct/2025:19:32:45 +0000] "GET /api/v1/campaigns/featured?_t=1761247965752 HTTP/1.1" 200 2889 "http://localhost:3000/" "Mozilla/5.0 (Macintosh; Intel Mac OS X 10_15_7) AppleWebKit/537.36 (KHTML, like Gecko) Chrome/141.0.0.0 Safari/537.36"[39m
2025-10-23 22:32:45:3245 [35mhttp[39m: [35m::1 - - [23/Oct/2025:19:32:45 +0000] "GET /api/v1/campaigns?category=&status=&search=&page=1&limit=12 HTTP/1.1" 304 - "http://localhost:3000/" "Mozilla/5.0 (Macintosh; Intel Mac OS X 10_15_7) AppleWebKit/537.36 (KHTML, like Gecko) Chrome/141.0.0.0 Safari/537.36"[39m
2025-10-23 22:32:45:3245 [35mhttp[39m: [35m::1 - - [23/Oct/2025:19:32:45 +0000] "GET /api/v1/campaigns?category=&status=&search=&page=1&limit=12 HTTP/1.1" 304 - "http://localhost:3000/" "Mozilla/5.0 (Macintosh; Intel Mac OS X 10_15_7) AppleWebKit/537.36 (KHTML, like Gecko) Chrome/141.0.0.0 Safari/537.36"[39m
2025-10-23 22:32:46:3246 [35mhttp[39m: [35m::1 - - [23/Oct/2025:19:32:46 +0000] "GET /api/v1/user-campaigns/my-campaigns?page=1&limit=12&_t=1761247966563 HTTP/1.1" 200 560 "http://localhost:3000/" "Mozilla/5.0 (Macintosh; Intel Mac OS X 10_15_7) AppleWebKit/537.36 (KHTML, like Gecko) Chrome/141.0.0.0 Safari/537.36"[39m
2025-10-23 22:32:46:3246 [35mhttp[39m: [35m::1 - - [23/Oct/2025:19:32:46 +0000] "GET /api/v1/user-campaigns/my-campaigns?page=1&limit=12&_t=1761247966562 HTTP/1.1" 200 560 "http://localhost:3000/" "Mozilla/5.0 (Macintosh; Intel Mac OS X 10_15_7) AppleWebKit/537.36 (KHTML, like Gecko) Chrome/141.0.0.0 Safari/537.36"[39m
2025-10-23 22:32:49:3249 [35mhttp[39m: [35m::1 - - [23/Oct/2025:19:32:49 +0000] "GET /api/v1/campaigns/af006541-5d0f-4297-b60c-7795847884da?_t=1761247969533 HTTP/1.1" 200 639 "http://localhost:3000/" "Mozilla/5.0 (Macintosh; Intel Mac OS X 10_15_7) AppleWebKit/537.36 (KHTML, like Gecko) Chrome/141.0.0.0 Safari/537.36"[39m
2025-10-23 22:32:49:3249 [35mhttp[39m: [35m::1 - - [23/Oct/2025:19:32:49 +0000] "GET /api/v1/campaigns/af006541-5d0f-4297-b60c-7795847884da?_t=1761247969535 HTTP/1.1" 200 639 "http://localhost:3000/" "Mozilla/5.0 (Macintosh; Intel Mac OS X 10_15_7) AppleWebKit/537.36 (KHTML, like Gecko) Chrome/141.0.0.0 Safari/537.36"[39m
2025-10-23 22:32:56:3256 [35mhttp[39m: [35m::1 - - [23/Oct/2025:19:32:56 +0000] "PUT /api/v1/campaigns/af006541-5d0f-4297-b60c-7795847884da HTTP/1.1" 404 53 "http://localhost:3000/" "Mozilla/5.0 (Macintosh; Intel Mac OS X 10_15_7) AppleWebKit/537.36 (KHTML, like Gecko) Chrome/141.0.0.0 Safari/537.36"[39m
2025-10-23 22:33:22:3322 [35mhttp[39m: [35m::1 - - [23/Oct/2025:19:33:22 +0000] "PUT /api/v1/campaigns/af006541-5d0f-4297-b60c-7795847884da HTTP/1.1" 200 361 "-" "curl/8.7.1"[39m
2025-10-23 22:33:40:3340 [35mhttp[39m: [35m::1 - - [23/Oct/2025:19:33:40 +0000] "PUT /api/v1/campaigns/af006541-5d0f-4297-b60c-7795847884da HTTP/1.1" 401 49 "-" "curl/8.7.1"[39m
2025-10-23 22:34:11:3411 [35mhttp[39m: [35m::1 - - [23/Oct/2025:19:34:11 +0000] "GET /api/v1/users/profile?_t=1761248051469 HTTP/1.1" 200 315 "http://localhost:3000/" "Mozilla/5.0 (Macintosh; Intel Mac OS X 10_15_7) AppleWebKit/537.36 (KHTML, like Gecko) Chrome/141.0.0.0 Safari/537.36"[39m
2025-10-23 22:34:11:3411 [35mhttp[39m: [35m::1 - - [23/Oct/2025:19:34:11 +0000] "GET /api/v1/campaigns/af006541-5d0f-4297-b60c-7795847884da?_t=1761248051470 HTTP/1.1" 200 628 "http://localhost:3000/" "Mozilla/5.0 (Macintosh; Intel Mac OS X 10_15_7) AppleWebKit/537.36 (KHTML, like Gecko) Chrome/141.0.0.0 Safari/537.36"[39m
2025-10-23 22:34:11:3411 [35mhttp[39m: [35m::1 - - [23/Oct/2025:19:34:11 +0000] "GET /api/v1/campaigns/af006541-5d0f-4297-b60c-7795847884da?_t=1761248051468 HTTP/1.1" 200 628 "http://localhost:3000/" "Mozilla/5.0 (Macintosh; Intel Mac OS X 10_15_7) AppleWebKit/537.36 (KHTML, like Gecko) Chrome/141.0.0.0 Safari/537.36"[39m
2025-10-23 22:34:11:3411 [35mhttp[39m: [35m::1 - - [23/Oct/2025:19:34:11 +0000] "GET /api/v1/users/profile?_t=1761248051470 HTTP/1.1" 200 315 "http://localhost:3000/" "Mozilla/5.0 (Macintosh; Intel Mac OS X 10_15_7) AppleWebKit/537.36 (KHTML, like Gecko) Chrome/141.0.0.0 Safari/537.36"[39m
2025-10-23 22:34:13:3413 [35mhttp[39m: [35m::1 - - [23/Oct/2025:19:34:13 +0000] "POST /api/v1/auth/login HTTP/1.1" 200 387 "http://localhost:3000/" "Mozilla/5.0 (Macintosh; Intel Mac OS X 10_15_7) AppleWebKit/537.36 (KHTML, like Gecko) Chrome/141.0.0.0 Safari/537.36"[39m
2025-10-23 22:34:15:3415 [35mhttp[39m: [35m::1 - - [23/Oct/2025:19:34:15 +0000] "GET /api/v1/campaigns?category=&status=&search=&page=1&limit=12 HTTP/1.1" 200 7986 "http://localhost:3000/" "Mozilla/5.0 (Macintosh; Intel Mac OS X 10_15_7) AppleWebKit/537.36 (KHTML, like Gecko) Chrome/141.0.0.0 Safari/537.36"[39m
2025-10-23 22:34:15:3415 [35mhttp[39m: [35m::1 - - [23/Oct/2025:19:34:15 +0000] "GET /api/v1/campaigns/featured?_t=1761248055079 HTTP/1.1" 200 2889 "http://localhost:3000/" "Mozilla/5.0 (Macintosh; Intel Mac OS X 10_15_7) AppleWebKit/537.36 (KHTML, like Gecko) Chrome/141.0.0.0 Safari/537.36"[39m
2025-10-23 22:34:15:3415 [35mhttp[39m: [35m::1 - - [23/Oct/2025:19:34:15 +0000] "GET /api/v1/campaigns/featured?_t=1761248055078 HTTP/1.1" 200 2889 "http://localhost:3000/" "Mozilla/5.0 (Macintosh; Intel Mac OS X 10_15_7) AppleWebKit/537.36 (KHTML, like Gecko) Chrome/141.0.0.0 Safari/537.36"[39m
2025-10-23 22:34:15:3415 [35mhttp[39m: [35m::1 - - [23/Oct/2025:19:34:15 +0000] "GET /api/v1/campaigns?category=&status=&search=&page=1&limit=12 HTTP/1.1" 304 - "http://localhost:3000/" "Mozilla/5.0 (Macintosh; Intel Mac OS X 10_15_7) AppleWebKit/537.36 (KHTML, like Gecko) Chrome/141.0.0.0 Safari/537.36"[39m
2025-10-23 22:34:16:3416 [35mhttp[39m: [35m::1 - - [23/Oct/2025:19:34:16 +0000] "GET /api/v1/user-campaigns/my-campaigns?page=1&limit=12&_t=1761248056646 HTTP/1.1" 200 549 "http://localhost:3000/" "Mozilla/5.0 (Macintosh; Intel Mac OS X 10_15_7) AppleWebKit/537.36 (KHTML, like Gecko) Chrome/141.0.0.0 Safari/537.36"[39m
2025-10-23 22:34:16:3416 [35mhttp[39m: [35m::1 - - [23/Oct/2025:19:34:16 +0000] "GET /api/v1/user-campaigns/my-campaigns?page=1&limit=12&_t=1761248056647 HTTP/1.1" 200 549 "http://localhost:3000/" "Mozilla/5.0 (Macintosh; Intel Mac OS X 10_15_7) AppleWebKit/537.36 (KHTML, like Gecko) Chrome/141.0.0.0 Safari/537.36"[39m
2025-10-23 22:34:19:3419 [35mhttp[39m: [35m::1 - - [23/Oct/2025:19:34:19 +0000] "GET /api/v1/campaigns/af006541-5d0f-4297-b60c-7795847884da?_t=1761248059453 HTTP/1.1" 200 628 "http://localhost:3000/" "Mozilla/5.0 (Macintosh; Intel Mac OS X 10_15_7) AppleWebKit/537.36 (KHTML, like Gecko) Chrome/141.0.0.0 Safari/537.36"[39m
2025-10-23 22:34:19:3419 [35mhttp[39m: [35m::1 - - [23/Oct/2025:19:34:19 +0000] "GET /api/v1/campaigns/af006541-5d0f-4297-b60c-7795847884da?_t=1761248059454 HTTP/1.1" 200 628 "http://localhost:3000/" "Mozilla/5.0 (Macintosh; Intel Mac OS X 10_15_7) AppleWebKit/537.36 (KHTML, like Gecko) Chrome/141.0.0.0 Safari/537.36"[39m
2025-10-23 22:34:31:3431 [35mhttp[39m: [35m::1 - - [23/Oct/2025:19:34:31 +0000] "PUT /api/v1/campaigns/af006541-5d0f-4297-b60c-7795847884da HTTP/1.1" 404 53 "http://localhost:3000/" "Mozilla/5.0 (Macintosh; Intel Mac OS X 10_15_7) AppleWebKit/537.36 (KHTML, like Gecko) Chrome/141.0.0.0 Safari/537.36"[39m
2025-10-23 22:34:59:3459 [35mhttp[39m: [35m::1 - - [23/Oct/2025:19:34:59 +0000] "GET /api/v1/users/profile?_t=1761248099048 HTTP/1.1" 200 315 "http://localhost:3000/" "Mozilla/5.0 (Macintosh; Intel Mac OS X 10_15_7) AppleWebKit/537.36 (KHTML, like Gecko) Chrome/141.0.0.0 Safari/537.36"[39m
2025-10-23 22:34:59:3459 [35mhttp[39m: [35m::1 - - [23/Oct/2025:19:34:59 +0000] "GET /api/v1/users/profile?_t=1761248099049 HTTP/1.1" 200 315 "http://localhost:3000/" "Mozilla/5.0 (Macintosh; Intel Mac OS X 10_15_7) AppleWebKit/537.36 (KHTML, like Gecko) Chrome/141.0.0.0 Safari/537.36"[39m
2025-10-23 22:34:59:3459 [35mhttp[39m: [35m::1 - - [23/Oct/2025:19:34:59 +0000] "GET /api/v1/campaigns/af006541-5d0f-4297-b60c-7795847884da?_t=1761248099049 HTTP/1.1" 200 628 "http://localhost:3000/" "Mozilla/5.0 (Macintosh; Intel Mac OS X 10_15_7) AppleWebKit/537.36 (KHTML, like Gecko) Chrome/141.0.0.0 Safari/537.36"[39m
2025-10-23 22:34:59:3459 [35mhttp[39m: [35m::1 - - [23/Oct/2025:19:34:59 +0000] "GET /api/v1/campaigns/af006541-5d0f-4297-b60c-7795847884da?_t=1761248099047 HTTP/1.1" 200 628 "http://localhost:3000/" "Mozilla/5.0 (Macintosh; Intel Mac OS X 10_15_7) AppleWebKit/537.36 (KHTML, like Gecko) Chrome/141.0.0.0 Safari/537.36"[39m
2025-10-23 22:35:02:352 [35mhttp[39m: [35m::1 - - [23/Oct/2025:19:35:02 +0000] "POST /api/v1/auth/login HTTP/1.1" 200 387 "http://localhost:3000/" "Mozilla/5.0 (Macintosh; Intel Mac OS X 10_15_7) AppleWebKit/537.36 (KHTML, like Gecko) Chrome/141.0.0.0 Safari/537.36"[39m
2025-10-23 22:35:04:354 [35mhttp[39m: [35m::1 - - [23/Oct/2025:19:35:04 +0000] "GET /api/v1/campaigns/featured?_t=1761248104078 HTTP/1.1" 200 2889 "http://localhost:3000/" "Mozilla/5.0 (Macintosh; Intel Mac OS X 10_15_7) AppleWebKit/537.36 (KHTML, like Gecko) Chrome/141.0.0.0 Safari/537.36"[39m
2025-10-23 22:35:04:354 [35mhttp[39m: [35m::1 - - [23/Oct/2025:19:35:04 +0000] "GET /api/v1/campaigns/featured?_t=1761248104079 HTTP/1.1" 200 2889 "http://localhost:3000/" "Mozilla/5.0 (Macintosh; Intel Mac OS X 10_15_7) AppleWebKit/537.36 (KHTML, like Gecko) Chrome/141.0.0.0 Safari/537.36"[39m
2025-10-23 22:35:04:354 [35mhttp[39m: [35m::1 - - [23/Oct/2025:19:35:04 +0000] "GET /api/v1/campaigns?category=&status=&search=&page=1&limit=12 HTTP/1.1" 304 - "http://localhost:3000/" "Mozilla/5.0 (Macintosh; Intel Mac OS X 10_15_7) AppleWebKit/537.36 (KHTML, like Gecko) Chrome/141.0.0.0 Safari/537.36"[39m
2025-10-23 22:35:04:354 [35mhttp[39m: [35m::1 - - [23/Oct/2025:19:35:04 +0000] "GET /api/v1/campaigns?category=&status=&search=&page=1&limit=12 HTTP/1.1" 304 - "http://localhost:3000/" "Mozilla/5.0 (Macintosh; Intel Mac OS X 10_15_7) AppleWebKit/537.36 (KHTML, like Gecko) Chrome/141.0.0.0 Safari/537.36"[39m
2025-10-23 22:35:04:354 [35mhttp[39m: [35m::1 - - [23/Oct/2025:19:35:04 +0000] "GET /api/v1/user-campaigns/my-campaigns?page=1&limit=12&_t=1761248104533 HTTP/1.1" 200 549 "http://localhost:3000/" "Mozilla/5.0 (Macintosh; Intel Mac OS X 10_15_7) AppleWebKit/537.36 (KHTML, like Gecko) Chrome/141.0.0.0 Safari/537.36"[39m
2025-10-23 22:35:04:354 [35mhttp[39m: [35m::1 - - [23/Oct/2025:19:35:04 +0000] "GET /api/v1/user-campaigns/my-campaigns?page=1&limit=12&_t=1761248104534 HTTP/1.1" 200 549 "http://localhost:3000/" "Mozilla/5.0 (Macintosh; Intel Mac OS X 10_15_7) AppleWebKit/537.36 (KHTML, like Gecko) Chrome/141.0.0.0 Safari/537.36"[39m
2025-10-23 22:35:07:357 [35mhttp[39m: [35m::1 - - [23/Oct/2025:19:35:07 +0000] "GET /api/v1/campaigns/af006541-5d0f-4297-b60c-7795847884da?_t=1761248107669 HTTP/1.1" 200 628 "http://localhost:3000/" "Mozilla/5.0 (Macintosh; Intel Mac OS X 10_15_7) AppleWebKit/537.36 (KHTML, like Gecko) Chrome/141.0.0.0 Safari/537.36"[39m
2025-10-23 22:35:07:357 [35mhttp[39m: [35m::1 - - [23/Oct/2025:19:35:07 +0000] "GET /api/v1/campaigns/af006541-5d0f-4297-b60c-7795847884da?_t=1761248107670 HTTP/1.1" 200 628 "http://localhost:3000/" "Mozilla/5.0 (Macintosh; Intel Mac OS X 10_15_7) AppleWebKit/537.36 (KHTML, like Gecko) Chrome/141.0.0.0 Safari/537.36"[39m
2025-10-23 22:35:15:3515 [35mhttp[39m: [35m::1 - - [23/Oct/2025:19:35:15 +0000] "PUT /api/v1/campaigns/af006541-5d0f-4297-b60c-7795847884da HTTP/1.1" 404 53 "http://localhost:3000/" "Mozilla/5.0 (Macintosh; Intel Mac OS X 10_15_7) AppleWebKit/537.36 (KHTML, like Gecko) Chrome/141.0.0.0 Safari/537.36"[39m
2025-10-23 22:36:05:365 [32minfo[39m: [32mApplication started[39m
2025-10-23 22:36:12:3612 [35mhttp[39m: [35m::1 - - [23/Oct/2025:19:36:12 +0000] "GET /api/v1/users/profile?_t=1761248172261 HTTP/1.1" 200 315 "http://localhost:3000/" "Mozilla/5.0 (Macintosh; Intel Mac OS X 10_15_7) AppleWebKit/537.36 (KHTML, like Gecko) Chrome/141.0.0.0 Safari/537.36"[39m
2025-10-23 22:36:12:3612 [35mhttp[39m: [35m::1 - - [23/Oct/2025:19:36:12 +0000] "GET /api/v1/campaigns/af006541-5d0f-4297-b60c-7795847884da?_t=1761248172260 HTTP/1.1" 200 628 "http://localhost:3000/" "Mozilla/5.0 (Macintosh; Intel Mac OS X 10_15_7) AppleWebKit/537.36 (KHTML, like Gecko) Chrome/141.0.0.0 Safari/537.36"[39m
2025-10-23 22:36:12:3612 [35mhttp[39m: [35m::1 - - [23/Oct/2025:19:36:12 +0000] "GET /api/v1/campaigns/af006541-5d0f-4297-b60c-7795847884da?_t=1761248172262 HTTP/1.1" 200 628 "http://localhost:3000/" "Mozilla/5.0 (Macintosh; Intel Mac OS X 10_15_7) AppleWebKit/537.36 (KHTML, like Gecko) Chrome/141.0.0.0 Safari/537.36"[39m
2025-10-23 22:36:12:3612 [35mhttp[39m: [35m::1 - - [23/Oct/2025:19:36:12 +0000] "GET /api/v1/users/profile?_t=1761248172262 HTTP/1.1" 200 315 "http://localhost:3000/" "Mozilla/5.0 (Macintosh; Intel Mac OS X 10_15_7) AppleWebKit/537.36 (KHTML, like Gecko) Chrome/141.0.0.0 Safari/537.36"[39m
2025-10-23 22:36:16:3616 [35mhttp[39m: [35m::1 - - [23/Oct/2025:19:36:16 +0000] "POST /api/v1/auth/login HTTP/1.1" 200 387 "http://localhost:3000/" "Mozilla/5.0 (Macintosh; Intel Mac OS X 10_15_7) AppleWebKit/537.36 (KHTML, like Gecko) Chrome/141.0.0.0 Safari/537.36"[39m
2025-10-23 22:36:17:3617 [35mhttp[39m: [35m::1 - - [23/Oct/2025:19:36:17 +0000] "GET /api/v1/campaigns?category=&status=&search=&page=1&limit=12 HTTP/1.1" 304 - "http://localhost:3000/" "Mozilla/5.0 (Macintosh; Intel Mac OS X 10_15_7) AppleWebKit/537.36 (KHTML, like Gecko) Chrome/141.0.0.0 Safari/537.36"[39m
2025-10-23 22:36:17:3617 [35mhttp[39m: [35m::1 - - [23/Oct/2025:19:36:17 +0000] "GET /api/v1/campaigns/featured?_t=1761248177680 HTTP/1.1" 200 2889 "http://localhost:3000/" "Mozilla/5.0 (Macintosh; Intel Mac OS X 10_15_7) AppleWebKit/537.36 (KHTML, like Gecko) Chrome/141.0.0.0 Safari/537.36"[39m
2025-10-23 22:36:17:3617 [35mhttp[39m: [35m::1 - - [23/Oct/2025:19:36:17 +0000] "GET /api/v1/campaigns?category=&status=&search=&page=1&limit=12 HTTP/1.1" 304 - "http://localhost:3000/" "Mozilla/5.0 (Macintosh; Intel Mac OS X 10_15_7) AppleWebKit/537.36 (KHTML, like Gecko) Chrome/141.0.0.0 Safari/537.36"[39m
2025-10-23 22:36:17:3617 [35mhttp[39m: [35m::1 - - [23/Oct/2025:19:36:17 +0000] "GET /api/v1/campaigns/featured?_t=1761248177680 HTTP/1.1" 304 - "http://localhost:3000/" "Mozilla/5.0 (Macintosh; Intel Mac OS X 10_15_7) AppleWebKit/537.36 (KHTML, like Gecko) Chrome/141.0.0.0 Safari/537.36"[39m
2025-10-23 22:36:22:3622 [35mhttp[39m: [35m::1 - - [23/Oct/2025:19:36:22 +0000] "GET /api/v1/user-campaigns/my-campaigns?page=1&limit=12&_t=1761248182374 HTTP/1.1" 200 549 "http://localhost:3000/" "Mozilla/5.0 (Macintosh; Intel Mac OS X 10_15_7) AppleWebKit/537.36 (KHTML, like Gecko) Chrome/141.0.0.0 Safari/537.36"[39m
2025-10-23 22:36:22:3622 [35mhttp[39m: [35m::1 - - [23/Oct/2025:19:36:22 +0000] "GET /api/v1/user-campaigns/my-campaigns?page=1&limit=12&_t=1761248182374 HTTP/1.1" 304 - "http://localhost:3000/" "Mozilla/5.0 (Macintosh; Intel Mac OS X 10_15_7) AppleWebKit/537.36 (KHTML, like Gecko) Chrome/141.0.0.0 Safari/537.36"[39m
2025-10-23 22:36:28:3628 [35mhttp[39m: [35m::1 - - [23/Oct/2025:19:36:28 +0000] "GET /api/v1/campaigns/af006541-5d0f-4297-b60c-7795847884da?_t=1761248188312 HTTP/1.1" 200 628 "http://localhost:3000/" "Mozilla/5.0 (Macintosh; Intel Mac OS X 10_15_7) AppleWebKit/537.36 (KHTML, like Gecko) Chrome/141.0.0.0 Safari/537.36"[39m
2025-10-23 22:36:28:3628 [35mhttp[39m: [35m::1 - - [23/Oct/2025:19:36:28 +0000] "GET /api/v1/campaigns/af006541-5d0f-4297-b60c-7795847884da?_t=1761248188310 HTTP/1.1" 200 628 "http://localhost:3000/" "Mozilla/5.0 (Macintosh; Intel Mac OS X 10_15_7) AppleWebKit/537.36 (KHTML, like Gecko) Chrome/141.0.0.0 Safari/537.36"[39m
2025-10-23 22:36:40:3640 [35mhttp[39m: [35m::1 - - [23/Oct/2025:19:36:40 +0000] "PUT /api/v1/campaigns/af006541-5d0f-4297-b60c-7795847884da HTTP/1.1" 404 53 "http://localhost:3000/" "Mozilla/5.0 (Macintosh; Intel Mac OS X 10_15_7) AppleWebKit/537.36 (KHTML, like Gecko) Chrome/141.0.0.0 Safari/537.36"[39m
2025-10-23 22:39:11:3911 [35mhttp[39m: [35m::1 - - [23/Oct/2025:19:39:11 +0000] "GET /api/v1/users/profile?_t=1761248351675 HTTP/1.1" 200 315 "http://localhost:3000/" "Mozilla/5.0 (Macintosh; Intel Mac OS X 10_15_7) AppleWebKit/537.36 (KHTML, like Gecko) Chrome/141.0.0.0 Safari/537.36"[39m
2025-10-23 22:39:11:3911 [35mhttp[39m: [35m::1 - - [23/Oct/2025:19:39:11 +0000] "GET /api/v1/users/profile?_t=1761248351676 HTTP/1.1" 200 315 "http://localhost:3000/" "Mozilla/5.0 (Macintosh; Intel Mac OS X 10_15_7) AppleWebKit/537.36 (KHTML, like Gecko) Chrome/141.0.0.0 Safari/537.36"[39m
2025-10-23 22:39:11:3911 [35mhttp[39m: [35m::1 - - [23/Oct/2025:19:39:11 +0000] "GET /api/v1/campaigns/af006541-5d0f-4297-b60c-7795847884da?_t=1761248351674 HTTP/1.1" 200 628 "http://localhost:3000/" "Mozilla/5.0 (Macintosh; Intel Mac OS X 10_15_7) AppleWebKit/537.36 (KHTML, like Gecko) Chrome/141.0.0.0 Safari/537.36"[39m
2025-10-23 22:39:11:3911 [35mhttp[39m: [35m::1 - - [23/Oct/2025:19:39:11 +0000] "GET /api/v1/campaigns/af006541-5d0f-4297-b60c-7795847884da?_t=1761248351676 HTTP/1.1" 200 628 "http://localhost:3000/" "Mozilla/5.0 (Macintosh; Intel Mac OS X 10_15_7) AppleWebKit/537.36 (KHTML, like Gecko) Chrome/141.0.0.0 Safari/537.36"[39m
2025-10-23 22:39:14:3914 [35mhttp[39m: [35m::1 - - [23/Oct/2025:19:39:14 +0000] "POST /api/v1/auth/login HTTP/1.1" 200 387 "http://localhost:3000/" "Mozilla/5.0 (Macintosh; Intel Mac OS X 10_15_7) AppleWebKit/537.36 (KHTML, like Gecko) Chrome/141.0.0.0 Safari/537.36"[39m
2025-10-23 22:39:16:3916 [35mhttp[39m: [35m::1 - - [23/Oct/2025:19:39:16 +0000] "GET /api/v1/campaigns?category=&status=&search=&page=1&limit=12 HTTP/1.1" 304 - "http://localhost:3000/" "Mozilla/5.0 (Macintosh; Intel Mac OS X 10_15_7) AppleWebKit/537.36 (KHTML, like Gecko) Chrome/141.0.0.0 Safari/537.36"[39m
2025-10-23 22:39:16:3916 [35mhttp[39m: [35m::1 - - [23/Oct/2025:19:39:16 +0000] "GET /api/v1/campaigns/featured?_t=1761248356173 HTTP/1.1" 200 2889 "http://localhost:3000/" "Mozilla/5.0 (Macintosh; Intel Mac OS X 10_15_7) AppleWebKit/537.36 (KHTML, like Gecko) Chrome/141.0.0.0 Safari/537.36"[39m
2025-10-23 22:39:16:3916 [35mhttp[39m: [35m::1 - - [23/Oct/2025:19:39:16 +0000] "GET /api/v1/campaigns/featured?_t=1761248356174 HTTP/1.1" 200 2889 "http://localhost:3000/" "Mozilla/5.0 (Macintosh; Intel Mac OS X 10_15_7) AppleWebKit/537.36 (KHTML, like Gecko) Chrome/141.0.0.0 Safari/537.36"[39m
2025-10-23 22:39:16:3916 [35mhttp[39m: [35m::1 - - [23/Oct/2025:19:39:16 +0000] "GET /api/v1/campaigns?category=&status=&search=&page=1&limit=12 HTTP/1.1" 304 - "http://localhost:3000/" "Mozilla/5.0 (Macintosh; Intel Mac OS X 10_15_7) AppleWebKit/537.36 (KHTML, like Gecko) Chrome/141.0.0.0 Safari/537.36"[39m
2025-10-23 22:39:16:3916 [35mhttp[39m: [35m::1 - - [23/Oct/2025:19:39:16 +0000] "GET /api/v1/user-campaigns/my-campaigns?page=1&limit=12&_t=1761248356588 HTTP/1.1" 200 549 "http://localhost:3000/" "Mozilla/5.0 (Macintosh; Intel Mac OS X 10_15_7) AppleWebKit/537.36 (KHTML, like Gecko) Chrome/141.0.0.0 Safari/537.36"[39m
2025-10-23 22:39:16:3916 [35mhttp[39m: [35m::1 - - [23/Oct/2025:19:39:16 +0000] "GET /api/v1/user-campaigns/my-campaigns?page=1&limit=12&_t=1761248356589 HTTP/1.1" 200 549 "http://localhost:3000/" "Mozilla/5.0 (Macintosh; Intel Mac OS X 10_15_7) AppleWebKit/537.36 (KHTML, like Gecko) Chrome/141.0.0.0 Safari/537.36"[39m
2025-10-23 22:39:18:3918 [35mhttp[39m: [35m::1 - - [23/Oct/2025:19:39:18 +0000] "GET /api/v1/campaigns/af006541-5d0f-4297-b60c-7795847884da?_t=1761248358674 HTTP/1.1" 200 628 "http://localhost:3000/" "Mozilla/5.0 (Macintosh; Intel Mac OS X 10_15_7) AppleWebKit/537.36 (KHTML, like Gecko) Chrome/141.0.0.0 Safari/537.36"[39m
2025-10-23 22:39:18:3918 [35mhttp[39m: [35m::1 - - [23/Oct/2025:19:39:18 +0000] "GET /api/v1/campaigns/af006541-5d0f-4297-b60c-7795847884da?_t=1761248358673 HTTP/1.1" 200 628 "http://localhost:3000/" "Mozilla/5.0 (Macintosh; Intel Mac OS X 10_15_7) AppleWebKit/537.36 (KHTML, like Gecko) Chrome/141.0.0.0 Safari/537.36"[39m
2025-10-23 22:39:28:3928 [35mhttp[39m: [35m::1 - - [23/Oct/2025:19:39:28 +0000] "PUT /api/v1/campaigns/af006541-5d0f-4297-b60c-7795847884da HTTP/1.1" 404 53 "http://localhost:3000/" "Mozilla/5.0 (Macintosh; Intel Mac OS X 10_15_7) AppleWebKit/537.36 (KHTML, like Gecko) Chrome/141.0.0.0 Safari/537.36"[39m
2025-10-23 22:39:52:3952 [32minfo[39m: [32mApplication started[39m
2025-10-23 22:40:36:4036 [32minfo[39m: [32mApplication started[39m
2025-10-23 22:40:41:4041 [35mhttp[39m: [35m::1 - - [23/Oct/2025:19:40:41 +0000] "GET /api/v1/users/profile?_t=1761248440980 HTTP/1.1" 200 315 "http://localhost:3000/" "Mozilla/5.0 (Macintosh; Intel Mac OS X 10_15_7) AppleWebKit/537.36 (KHTML, like Gecko) Chrome/141.0.0.0 Safari/537.36"[39m
2025-10-23 22:40:41:4041 [35mhttp[39m: [35m::1 - - [23/Oct/2025:19:40:41 +0000] "GET /api/v1/campaigns/af006541-5d0f-4297-b60c-7795847884da?_t=1761248440981 HTTP/1.1" 200 628 "http://localhost:3000/" "Mozilla/5.0 (Macintosh; Intel Mac OS X 10_15_7) AppleWebKit/537.36 (KHTML, like Gecko) Chrome/141.0.0.0 Safari/537.36"[39m
2025-10-23 22:40:41:4041 [35mhttp[39m: [35m::1 - - [23/Oct/2025:19:40:41 +0000] "GET /api/v1/campaigns/af006541-5d0f-4297-b60c-7795847884da?_t=1761248440979 HTTP/1.1" 200 628 "http://localhost:3000/" "Mozilla/5.0 (Macintosh; Intel Mac OS X 10_15_7) AppleWebKit/537.36 (KHTML, like Gecko) Chrome/141.0.0.0 Safari/537.36"[39m
2025-10-23 22:40:41:4041 [35mhttp[39m: [35m::1 - - [23/Oct/2025:19:40:41 +0000] "GET /api/v1/users/profile?_t=1761248440981 HTTP/1.1" 200 315 "http://localhost:3000/" "Mozilla/5.0 (Macintosh; Intel Mac OS X 10_15_7) AppleWebKit/537.36 (KHTML, like Gecko) Chrome/141.0.0.0 Safari/537.36"[39m
2025-10-23 22:40:44:4044 [35mhttp[39m: [35m::1 - - [23/Oct/2025:19:40:44 +0000] "POST /api/v1/auth/login HTTP/1.1" 200 387 "http://localhost:3000/" "Mozilla/5.0 (Macintosh; Intel Mac OS X 10_15_7) AppleWebKit/537.36 (KHTML, like Gecko) Chrome/141.0.0.0 Safari/537.36"[39m
2025-10-23 22:40:45:4045 [35mhttp[39m: [35m::1 - - [23/Oct/2025:19:40:45 +0000] "GET /api/v1/user-campaigns/my-campaigns?page=1&limit=12&_t=1761248445064 HTTP/1.1" 200 549 "http://localhost:3000/" "Mozilla/5.0 (Macintosh; Intel Mac OS X 10_15_7) AppleWebKit/537.36 (KHTML, like Gecko) Chrome/141.0.0.0 Safari/537.36"[39m
2025-10-23 22:40:45:4045 [35mhttp[39m: [35m::1 - - [23/Oct/2025:19:40:45 +0000] "GET /api/v1/user-campaigns/my-campaigns?page=1&limit=12&_t=1761248445064 HTTP/1.1" 304 - "http://localhost:3000/" "Mozilla/5.0 (Macintosh; Intel Mac OS X 10_15_7) AppleWebKit/537.36 (KHTML, like Gecko) Chrome/141.0.0.0 Safari/537.36"[39m
2025-10-23 22:40:45:4045 [35mhttp[39m: [35m::1 - - [23/Oct/2025:19:40:45 +0000] "GET /api/v1/campaigns/featured?_t=1761248445742 HTTP/1.1" 200 2889 "http://localhost:3000/" "Mozilla/5.0 (Macintosh; Intel Mac OS X 10_15_7) AppleWebKit/537.36 (KHTML, like Gecko) Chrome/141.0.0.0 Safari/537.36"[39m
2025-10-23 22:40:45:4045 [35mhttp[39m: [35m::1 - - [23/Oct/2025:19:40:45 +0000] "GET /api/v1/campaigns?category=&status=&search=&page=1&limit=12 HTTP/1.1" 304 - "http://localhost:3000/" "Mozilla/5.0 (Macintosh; Intel Mac OS X 10_15_7) AppleWebKit/537.36 (KHTML, like Gecko) Chrome/141.0.0.0 Safari/537.36"[39m
2025-10-23 22:40:45:4045 [35mhttp[39m: [35m::1 - - [23/Oct/2025:19:40:45 +0000] "GET /api/v1/campaigns?category=&status=&search=&page=1&limit=12 HTTP/1.1" 304 - "http://localhost:3000/" "Mozilla/5.0 (Macintosh; Intel Mac OS X 10_15_7) AppleWebKit/537.36 (KHTML, like Gecko) Chrome/141.0.0.0 Safari/537.36"[39m
2025-10-23 22:40:45:4045 [35mhttp[39m: [35m::1 - - [23/Oct/2025:19:40:45 +0000] "GET /api/v1/campaigns/featured?_t=1761248445743 HTTP/1.1" 200 2889 "http://localhost:3000/" "Mozilla/5.0 (Macintosh; Intel Mac OS X 10_15_7) AppleWebKit/537.36 (KHTML, like Gecko) Chrome/141.0.0.0 Safari/537.36"[39m
2025-10-23 22:40:47:4047 [35mhttp[39m: [35m::1 - - [23/Oct/2025:19:40:47 +0000] "GET /api/v1/user-campaigns/my-campaigns?page=1&limit=12&_t=1761248447237 HTTP/1.1" 200 549 "http://localhost:3000/" "Mozilla/5.0 (Macintosh; Intel Mac OS X 10_15_7) AppleWebKit/537.36 (KHTML, like Gecko) Chrome/141.0.0.0 Safari/537.36"[39m
2025-10-23 22:40:47:4047 [35mhttp[39m: [35m::1 - - [23/Oct/2025:19:40:47 +0000] "GET /api/v1/user-campaigns/my-campaigns?page=1&limit=12&_t=1761248447236 HTTP/1.1" 200 549 "http://localhost:3000/" "Mozilla/5.0 (Macintosh; Intel Mac OS X 10_15_7) AppleWebKit/537.36 (KHTML, like Gecko) Chrome/141.0.0.0 Safari/537.36"[39m
2025-10-23 22:40:52:4052 [35mhttp[39m: [35m::1 - - [23/Oct/2025:19:40:52 +0000] "GET /api/v1/campaigns/af006541-5d0f-4297-b60c-7795847884da?_t=1761248452049 HTTP/1.1" 200 628 "http://localhost:3000/" "Mozilla/5.0 (Macintosh; Intel Mac OS X 10_15_7) AppleWebKit/537.36 (KHTML, like Gecko) Chrome/141.0.0.0 Safari/537.36"[39m
2025-10-23 22:40:52:4052 [35mhttp[39m: [35m::1 - - [23/Oct/2025:19:40:52 +0000] "GET /api/v1/campaigns/af006541-5d0f-4297-b60c-7795847884da?_t=1761248452051 HTTP/1.1" 200 628 "http://localhost:3000/" "Mozilla/5.0 (Macintosh; Intel Mac OS X 10_15_7) AppleWebKit/537.36 (KHTML, like Gecko) Chrome/141.0.0.0 Safari/537.36"[39m
2025-10-23 22:40:52:4052 [35mhttp[39m: [35m::1 - - [23/Oct/2025:19:40:52 +0000] "GET /api/v1/campaigns/af006541-5d0f-4297-b60c-7795847884da/donations?page=1&limit=10&_t=1761248452052 HTTP/1.1" 200 91 "http://localhost:3000/" "Mozilla/5.0 (Macintosh; Intel Mac OS X 10_15_7) AppleWebKit/537.36 (KHTML, like Gecko) Chrome/141.0.0.0 Safari/537.36"[39m
2025-10-23 22:40:52:4052 [35mhttp[39m: [35m::1 - - [23/Oct/2025:19:40:52 +0000] "GET /api/v1/campaigns/af006541-5d0f-4297-b60c-7795847884da/donations?page=1&limit=10&_t=1761248452051 HTTP/1.1" 200 91 "http://localhost:3000/" "Mozilla/5.0 (Macintosh; Intel Mac OS X 10_15_7) AppleWebKit/537.36 (KHTML, like Gecko) Chrome/141.0.0.0 Safari/537.36"[39m
2025-10-23 22:40:53:4053 [35mhttp[39m: [35m::1 - - [23/Oct/2025:19:40:53 +0000] "GET /api/v1/user-campaigns/my-campaigns?page=1&limit=12&_t=1761248453963 HTTP/1.1" 200 549 "http://localhost:3000/" "Mozilla/5.0 (Macintosh; Intel Mac OS X 10_15_7) AppleWebKit/537.36 (KHTML, like Gecko) Chrome/141.0.0.0 Safari/537.36"[39m
2025-10-23 22:40:53:4053 [35mhttp[39m: [35m::1 - - [23/Oct/2025:19:40:53 +0000] "GET /api/v1/user-campaigns/my-campaigns?page=1&limit=12&_t=1761248453962 HTTP/1.1" 200 549 "http://localhost:3000/" "Mozilla/5.0 (Macintosh; Intel Mac OS X 10_15_7) AppleWebKit/537.36 (KHTML, like Gecko) Chrome/141.0.0.0 Safari/537.36"[39m
2025-10-23 22:40:55:4055 [35mhttp[39m: [35m::1 - - [23/Oct/2025:19:40:55 +0000] "GET /api/v1/campaigns/af006541-5d0f-4297-b60c-7795847884da?_t=1761248455389 HTTP/1.1" 200 628 "http://localhost:3000/" "Mozilla/5.0 (Macintosh; Intel Mac OS X 10_15_7) AppleWebKit/537.36 (KHTML, like Gecko) Chrome/141.0.0.0 Safari/537.36"[39m
2025-10-23 22:40:55:4055 [35mhttp[39m: [35m::1 - - [23/Oct/2025:19:40:55 +0000] "GET /api/v1/campaigns/af006541-5d0f-4297-b60c-7795847884da?_t=1761248455388 HTTP/1.1" 200 628 "http://localhost:3000/" "Mozilla/5.0 (Macintosh; Intel Mac OS X 10_15_7) AppleWebKit/537.36 (KHTML, like Gecko) Chrome/141.0.0.0 Safari/537.36"[39m
2025-10-23 22:41:05:415 [35mhttp[39m: [35m::1 - - [23/Oct/2025:19:41:05 +0000] "PUT /api/v1/campaigns/af006541-5d0f-4297-b60c-7795847884da HTTP/1.1" 404 53 "http://localhost:3000/" "Mozilla/5.0 (Macintosh; Intel Mac OS X 10_15_7) AppleWebKit/537.36 (KHTML, like Gecko) Chrome/141.0.0.0 Safari/537.36"[39m
2025-10-23 22:41:51:4151 [35mhttp[39m: [35m::1 - - [23/Oct/2025:19:41:51 +0000] "GET /api/v1/users/profile?_t=1761248511235 HTTP/1.1" 200 315 "http://localhost:3000/" "Mozilla/5.0 (Macintosh; Intel Mac OS X 10_15_7) AppleWebKit/537.36 (KHTML, like Gecko) Chrome/141.0.0.0 Safari/537.36"[39m
2025-10-23 22:41:51:4151 [35mhttp[39m: [35m::1 - - [23/Oct/2025:19:41:51 +0000] "GET /api/v1/users/profile?_t=1761248511236 HTTP/1.1" 200 315 "http://localhost:3000/" "Mozilla/5.0 (Macintosh; Intel Mac OS X 10_15_7) AppleWebKit/537.36 (KHTML, like Gecko) Chrome/141.0.0.0 Safari/537.36"[39m
2025-10-23 22:41:51:4151 [35mhttp[39m: [35m::1 - - [23/Oct/2025:19:41:51 +0000] "GET /api/v1/campaigns/af006541-5d0f-4297-b60c-7795847884da?_t=1761248511236 HTTP/1.1" 200 628 "http://localhost:3000/" "Mozilla/5.0 (Macintosh; Intel Mac OS X 10_15_7) AppleWebKit/537.36 (KHTML, like Gecko) Chrome/141.0.0.0 Safari/537.36"[39m
2025-10-23 22:41:51:4151 [35mhttp[39m: [35m::1 - - [23/Oct/2025:19:41:51 +0000] "GET /api/v1/campaigns/af006541-5d0f-4297-b60c-7795847884da?_t=1761248511235 HTTP/1.1" 200 628 "http://localhost:3000/" "Mozilla/5.0 (Macintosh; Intel Mac OS X 10_15_7) AppleWebKit/537.36 (KHTML, like Gecko) Chrome/141.0.0.0 Safari/537.36"[39m
2025-10-23 22:41:52:4152 [35mhttp[39m: [35m::1 - - [23/Oct/2025:19:41:52 +0000] "POST /api/v1/auth/login HTTP/1.1" 200 387 "http://localhost:3000/" "Mozilla/5.0 (Macintosh; Intel Mac OS X 10_15_7) AppleWebKit/537.36 (KHTML, like Gecko) Chrome/141.0.0.0 Safari/537.36"[39m
2025-10-23 22:41:54:4154 [35mhttp[39m: [35m::1 - - [23/Oct/2025:19:41:54 +0000] "GET /api/v1/campaigns/featured?_t=1761248514522 HTTP/1.1" 200 2889 "http://localhost:3000/" "Mozilla/5.0 (Macintosh; Intel Mac OS X 10_15_7) AppleWebKit/537.36 (KHTML, like Gecko) Chrome/141.0.0.0 Safari/537.36"[39m
2025-10-23 22:41:54:4154 [35mhttp[39m: [35m::1 - - [23/Oct/2025:19:41:54 +0000] "GET /api/v1/campaigns?category=&status=&search=&page=1&limit=12 HTTP/1.1" 304 - "http://localhost:3000/" "Mozilla/5.0 (Macintosh; Intel Mac OS X 10_15_7) AppleWebKit/537.36 (KHTML, like Gecko) Chrome/141.0.0.0 Safari/537.36"[39m
2025-10-23 22:41:54:4154 [35mhttp[39m: [35m::1 - - [23/Oct/2025:19:41:54 +0000] "GET /api/v1/campaigns?category=&status=&search=&page=1&limit=12 HTTP/1.1" 304 - "http://localhost:3000/" "Mozilla/5.0 (Macintosh; Intel Mac OS X 10_15_7) AppleWebKit/537.36 (KHTML, like Gecko) Chrome/141.0.0.0 Safari/537.36"[39m
2025-10-23 22:41:54:4154 [35mhttp[39m: [35m::1 - - [23/Oct/2025:19:41:54 +0000] "GET /api/v1/campaigns/featured?_t=1761248514522 HTTP/1.1" 304 - "http://localhost:3000/" "Mozilla/5.0 (Macintosh; Intel Mac OS X 10_15_7) AppleWebKit/537.36 (KHTML, like Gecko) Chrome/141.0.0.0 Safari/537.36"[39m
2025-10-23 22:41:55:4155 [35mhttp[39m: [35m::1 - - [23/Oct/2025:19:41:55 +0000] "GET /api/v1/user-campaigns/my-campaigns?page=1&limit=12&_t=1761248515649 HTTP/1.1" 200 549 "http://localhost:3000/" "Mozilla/5.0 (Macintosh; Intel Mac OS X 10_15_7) AppleWebKit/537.36 (KHTML, like Gecko) Chrome/141.0.0.0 Safari/537.36"[39m
2025-10-23 22:41:55:4155 [35mhttp[39m: [35m::1 - - [23/Oct/2025:19:41:55 +0000] "GET /api/v1/user-campaigns/my-campaigns?page=1&limit=12&_t=1761248515649 HTTP/1.1" 304 - "http://localhost:3000/" "Mozilla/5.0 (Macintosh; Intel Mac OS X 10_15_7) AppleWebKit/537.36 (KHTML, like Gecko) Chrome/141.0.0.0 Safari/537.36"[39m
2025-10-23 22:41:57:4157 [35mhttp[39m: [35m::1 - - [23/Oct/2025:19:41:57 +0000] "GET /api/v1/campaigns/af006541-5d0f-4297-b60c-7795847884da?_t=1761248517353 HTTP/1.1" 200 628 "http://localhost:3000/" "Mozilla/5.0 (Macintosh; Intel Mac OS X 10_15_7) AppleWebKit/537.36 (KHTML, like Gecko) Chrome/141.0.0.0 Safari/537.36"[39m
2025-10-23 22:41:57:4157 [35mhttp[39m: [35m::1 - - [23/Oct/2025:19:41:57 +0000] "GET /api/v1/campaigns/af006541-5d0f-4297-b60c-7795847884da?_t=1761248517354 HTTP/1.1" 200 628 "http://localhost:3000/" "Mozilla/5.0 (Macintosh; Intel Mac OS X 10_15_7) AppleWebKit/537.36 (KHTML, like Gecko) Chrome/141.0.0.0 Safari/537.36"[39m
2025-10-23 22:42:05:425 [35mhttp[39m: [35m::1 - - [23/Oct/2025:19:42:05 +0000] "PUT /api/v1/campaigns/af006541-5d0f-4297-b60c-7795847884da HTTP/1.1" 404 53 "http://localhost:3000/" "Mozilla/5.0 (Macintosh; Intel Mac OS X 10_15_7) AppleWebKit/537.36 (KHTML, like Gecko) Chrome/141.0.0.0 Safari/537.36"[39m
2025-10-23 22:42:25:4225 [32minfo[39m: [32mApplication started[39m
2025-10-23 22:42:51:4251 [32minfo[39m: [32mApplication started[39m
2025-10-23 22:42:53:4253 [35mhttp[39m: [35m::1 - - [23/Oct/2025:19:42:53 +0000] "GET /api/v1/users/profile?_t=1761248573847 HTTP/1.1" 200 315 "http://localhost:3000/" "Mozilla/5.0 (Macintosh; Intel Mac OS X 10_15_7) AppleWebKit/537.36 (KHTML, like Gecko) Chrome/141.0.0.0 Safari/537.36"[39m
2025-10-23 22:42:53:4253 [35mhttp[39m: [35m::1 - - [23/Oct/2025:19:42:53 +0000] "GET /api/v1/campaigns/af006541-5d0f-4297-b60c-7795847884da?_t=1761248573846 HTTP/1.1" 200 628 "http://localhost:3000/" "Mozilla/5.0 (Macintosh; Intel Mac OS X 10_15_7) AppleWebKit/537.36 (KHTML, like Gecko) Chrome/141.0.0.0 Safari/537.36"[39m
2025-10-23 22:42:53:4253 [35mhttp[39m: [35m::1 - - [23/Oct/2025:19:42:53 +0000] "GET /api/v1/users/profile?_t=1761248573849 HTTP/1.1" 200 315 "http://localhost:3000/" "Mozilla/5.0 (Macintosh; Intel Mac OS X 10_15_7) AppleWebKit/537.36 (KHTML, like Gecko) Chrome/141.0.0.0 Safari/537.36"[39m
2025-10-23 22:42:53:4253 [35mhttp[39m: [35m::1 - - [23/Oct/2025:19:42:53 +0000] "GET /api/v1/campaigns/af006541-5d0f-4297-b60c-7795847884da?_t=1761248573849 HTTP/1.1" 200 628 "http://localhost:3000/" "Mozilla/5.0 (Macintosh; Intel Mac OS X 10_15_7) AppleWebKit/537.36 (KHTML, like Gecko) Chrome/141.0.0.0 Safari/537.36"[39m
2025-10-23 22:42:55:4255 [35mhttp[39m: [35m::1 - - [23/Oct/2025:19:42:55 +0000] "POST /api/v1/auth/login HTTP/1.1" 200 387 "http://localhost:3000/" "Mozilla/5.0 (Macintosh; Intel Mac OS X 10_15_7) AppleWebKit/537.36 (KHTML, like Gecko) Chrome/141.0.0.0 Safari/537.36"[39m
2025-10-23 22:42:56:4256 [35mhttp[39m: [35m::1 - - [23/Oct/2025:19:42:56 +0000] "GET /api/v1/campaigns?category=&status=&search=&page=1&limit=12 HTTP/1.1" 304 - "http://localhost:3000/" "Mozilla/5.0 (Macintosh; Intel Mac OS X 10_15_7) AppleWebKit/537.36 (KHTML, like Gecko) Chrome/141.0.0.0 Safari/537.36"[39m
2025-10-23 22:42:56:4256 [35mhttp[39m: [35m::1 - - [23/Oct/2025:19:42:56 +0000] "GET /api/v1/campaigns/featured?_t=1761248576832 HTTP/1.1" 200 2889 "http://localhost:3000/" "Mozilla/5.0 (Macintosh; Intel Mac OS X 10_15_7) AppleWebKit/537.36 (KHTML, like Gecko) Chrome/141.0.0.0 Safari/537.36"[39m
2025-10-23 22:42:56:4256 [35mhttp[39m: [35m::1 - - [23/Oct/2025:19:42:56 +0000] "GET /api/v1/campaigns?category=&status=&search=&page=1&limit=12 HTTP/1.1" 304 - "http://localhost:3000/" "Mozilla/5.0 (Macintosh; Intel Mac OS X 10_15_7) AppleWebKit/537.36 (KHTML, like Gecko) Chrome/141.0.0.0 Safari/537.36"[39m
2025-10-23 22:42:56:4256 [35mhttp[39m: [35m::1 - - [23/Oct/2025:19:42:56 +0000] "GET /api/v1/campaigns/featured?_t=1761248576832 HTTP/1.1" 304 - "http://localhost:3000/" "Mozilla/5.0 (Macintosh; Intel Mac OS X 10_15_7) AppleWebKit/537.36 (KHTML, like Gecko) Chrome/141.0.0.0 Safari/537.36"[39m
2025-10-23 22:42:58:4258 [35mhttp[39m: [35m::1 - - [23/Oct/2025:19:42:58 +0000] "GET /api/v1/user-campaigns/my-campaigns?page=1&limit=12&_t=1761248578116 HTTP/1.1" 200 549 "http://localhost:3000/" "Mozilla/5.0 (Macintosh; Intel Mac OS X 10_15_7) AppleWebKit/537.36 (KHTML, like Gecko) Chrome/141.0.0.0 Safari/537.36"[39m
2025-10-23 22:42:58:4258 [35mhttp[39m: [35m::1 - - [23/Oct/2025:19:42:58 +0000] "GET /api/v1/user-campaigns/my-campaigns?page=1&limit=12&_t=1761248578117 HTTP/1.1" 200 549 "http://localhost:3000/" "Mozilla/5.0 (Macintosh; Intel Mac OS X 10_15_7) AppleWebKit/537.36 (KHTML, like Gecko) Chrome/141.0.0.0 Safari/537.36"[39m
2025-10-23 22:42:59:4259 [35mhttp[39m: [35m::1 - - [23/Oct/2025:19:42:59 +0000] "GET /api/v1/campaigns/af006541-5d0f-4297-b60c-7795847884da?_t=1761248579644 HTTP/1.1" 200 628 "http://localhost:3000/" "Mozilla/5.0 (Macintosh; Intel Mac OS X 10_15_7) AppleWebKit/537.36 (KHTML, like Gecko) Chrome/141.0.0.0 Safari/537.36"[39m
2025-10-23 22:42:59:4259 [35mhttp[39m: [35m::1 - - [23/Oct/2025:19:42:59 +0000] "GET /api/v1/campaigns/af006541-5d0f-4297-b60c-7795847884da?_t=1761248579642 HTTP/1.1" 200 628 "http://localhost:3000/" "Mozilla/5.0 (Macintosh; Intel Mac OS X 10_15_7) AppleWebKit/537.36 (KHTML, like Gecko) Chrome/141.0.0.0 Safari/537.36"[39m
2025-10-23 22:43:08:438 [35mhttp[39m: [35m::1 - - [23/Oct/2025:19:43:08 +0000] "PUT /api/v1/campaigns/af006541-5d0f-4297-b60c-7795847884da HTTP/1.1" 200 364 "http://localhost:3000/" "Mozilla/5.0 (Macintosh; Intel Mac OS X 10_15_7) AppleWebKit/537.36 (KHTML, like Gecko) Chrome/141.0.0.0 Safari/537.36"[39m
2025-10-23 22:43:10:4310 [35mhttp[39m: [35m::1 - - [23/Oct/2025:19:43:10 +0000] "GET /api/v1/campaigns/af006541-5d0f-4297-b60c-7795847884da?_t=1761248590330 HTTP/1.1" 200 631 "http://localhost:3000/" "Mozilla/5.0 (Macintosh; Intel Mac OS X 10_15_7) AppleWebKit/537.36 (KHTML, like Gecko) Chrome/141.0.0.0 Safari/537.36"[39m
2025-10-23 22:43:10:4310 [35mhttp[39m: [35m::1 - - [23/Oct/2025:19:43:10 +0000] "GET /api/v1/campaigns/af006541-5d0f-4297-b60c-7795847884da?_t=1761248590328 HTTP/1.1" 200 631 "http://localhost:3000/" "Mozilla/5.0 (Macintosh; Intel Mac OS X 10_15_7) AppleWebKit/537.36 (KHTML, like Gecko) Chrome/141.0.0.0 Safari/537.36"[39m
2025-10-23 22:43:10:4310 [35mhttp[39m: [35m::1 - - [23/Oct/2025:19:43:10 +0000] "GET /api/v1/campaigns/af006541-5d0f-4297-b60c-7795847884da/donations?page=1&limit=10&_t=1761248590329 HTTP/1.1" 200 91 "http://localhost:3000/" "Mozilla/5.0 (Macintosh; Intel Mac OS X 10_15_7) AppleWebKit/537.36 (KHTML, like Gecko) Chrome/141.0.0.0 Safari/537.36"[39m
2025-10-23 22:43:10:4310 [35mhttp[39m: [35m::1 - - [23/Oct/2025:19:43:10 +0000] "GET /api/v1/campaigns/af006541-5d0f-4297-b60c-7795847884da/donations?page=1&limit=10&_t=1761248590330 HTTP/1.1" 200 91 "http://localhost:3000/" "Mozilla/5.0 (Macintosh; Intel Mac OS X 10_15_7) AppleWebKit/537.36 (KHTML, like Gecko) Chrome/141.0.0.0 Safari/537.36"[39m
2025-10-23 22:43:15:4315 [35mhttp[39m: [35m::1 - - [23/Oct/2025:19:43:15 +0000] "GET /api/v1/user-campaigns/my-campaigns?page=1&limit=12&_t=1761248595974 HTTP/1.1" 200 552 "http://localhost:3000/" "Mozilla/5.0 (Macintosh; Intel Mac OS X 10_15_7) AppleWebKit/537.36 (KHTML, like Gecko) Chrome/141.0.0.0 Safari/537.36"[39m
2025-10-23 22:43:15:4315 [35mhttp[39m: [35m::1 - - [23/Oct/2025:19:43:15 +0000] "GET /api/v1/user-campaigns/my-campaigns?page=1&limit=12&_t=1761248595974 HTTP/1.1" 304 - "http://localhost:3000/" "Mozilla/5.0 (Macintosh; Intel Mac OS X 10_15_7) AppleWebKit/537.36 (KHTML, like Gecko) Chrome/141.0.0.0 Safari/537.36"[39m
2025-10-23 22:43:17:4317 [35mhttp[39m: [35m::1 - - [23/Oct/2025:19:43:17 +0000] "GET /api/v1/campaigns/af006541-5d0f-4297-b60c-7795847884da?_t=1761248597715 HTTP/1.1" 200 631 "http://localhost:3000/" "Mozilla/5.0 (Macintosh; Intel Mac OS X 10_15_7) AppleWebKit/537.36 (KHTML, like Gecko) Chrome/141.0.0.0 Safari/537.36"[39m
2025-10-23 22:43:17:4317 [35mhttp[39m: [35m::1 - - [23/Oct/2025:19:43:17 +0000] "GET /api/v1/campaigns/af006541-5d0f-4297-b60c-7795847884da?_t=1761248597715 HTTP/1.1" 304 - "http://localhost:3000/" "Mozilla/5.0 (Macintosh; Intel Mac OS X 10_15_7) AppleWebKit/537.36 (KHTML, like Gecko) Chrome/141.0.0.0 Safari/537.36"[39m
2025-10-23 22:43:24:4324 [35mhttp[39m: [35m::1 - - [23/Oct/2025:19:43:24 +0000] "PUT /api/v1/campaigns/af006541-5d0f-4297-b60c-7795847884da HTTP/1.1" 200 367 "http://localhost:3000/" "Mozilla/5.0 (Macintosh; Intel Mac OS X 10_15_7) AppleWebKit/537.36 (KHTML, like Gecko) Chrome/141.0.0.0 Safari/537.36"[39m
2025-10-23 22:43:25:4325 [35mhttp[39m: [35m::1 - - [23/Oct/2025:19:43:25 +0000] "GET /api/v1/campaigns/af006541-5d0f-4297-b60c-7795847884da/donations?page=1&limit=10&_t=1761248605597 HTTP/1.1" 200 91 "http://localhost:3000/" "Mozilla/5.0 (Macintosh; Intel Mac OS X 10_15_7) AppleWebKit/537.36 (KHTML, like Gecko) Chrome/141.0.0.0 Safari/537.36"[39m
2025-10-23 22:43:25:4325 [35mhttp[39m: [35m::1 - - [23/Oct/2025:19:43:25 +0000] "GET /api/v1/campaigns/af006541-5d0f-4297-b60c-7795847884da/donations?page=1&limit=10&_t=1761248605598 HTTP/1.1" 200 91 "http://localhost:3000/" "Mozilla/5.0 (Macintosh; Intel Mac OS X 10_15_7) AppleWebKit/537.36 (KHTML, like Gecko) Chrome/141.0.0.0 Safari/537.36"[39m
2025-10-23 22:43:25:4325 [35mhttp[39m: [35m::1 - - [23/Oct/2025:19:43:25 +0000] "GET /api/v1/campaigns/af006541-5d0f-4297-b60c-7795847884da?_t=1761248605597 HTTP/1.1" 200 634 "http://localhost:3000/" "Mozilla/5.0 (Macintosh; Intel Mac OS X 10_15_7) AppleWebKit/537.36 (KHTML, like Gecko) Chrome/141.0.0.0 Safari/537.36"[39m
2025-10-23 22:43:25:4325 [35mhttp[39m: [35m::1 - - [23/Oct/2025:19:43:25 +0000] "GET /api/v1/campaigns/af006541-5d0f-4297-b60c-7795847884da?_t=1761248605597 HTTP/1.1" 304 - "http://localhost:3000/" "Mozilla/5.0 (Macintosh; Intel Mac OS X 10_15_7) AppleWebKit/537.36 (KHTML, like Gecko) Chrome/141.0.0.0 Safari/537.36"[39m
2025-10-23 22:43:31:4331 [35mhttp[39m: [35m::1 - - [23/Oct/2025:19:43:31 +0000] "GET /api/v1/user-campaigns/my-campaigns?page=1&limit=12&_t=1761248610995 HTTP/1.1" 200 555 "http://localhost:3000/" "Mozilla/5.0 (Macintosh; Intel Mac OS X 10_15_7) AppleWebKit/537.36 (KHTML, like Gecko) Chrome/141.0.0.0 Safari/537.36"[39m
2025-10-23 22:43:31:4331 [35mhttp[39m: [35m::1 - - [23/Oct/2025:19:43:31 +0000] "GET /api/v1/user-campaigns/my-campaigns?page=1&limit=12&_t=1761248610994 HTTP/1.1" 200 555 "http://localhost:3000/" "Mozilla/5.0 (Macintosh; Intel Mac OS X 10_15_7) AppleWebKit/537.36 (KHTML, like Gecko) Chrome/141.0.0.0 Safari/537.36"[39m
2025-10-23 22:43:33:4333 [35mhttp[39m: [35m::1 - - [23/Oct/2025:19:43:33 +0000] "PUT /api/v1/campaigns/af006541-5d0f-4297-b60c-7795847884da HTTP/1.1" 200 367 "http://localhost:3000/" "Mozilla/5.0 (Macintosh; Intel Mac OS X 10_15_7) AppleWebKit/537.36 (KHTML, like Gecko) Chrome/141.0.0.0 Safari/537.36"[39m
2025-10-23 22:43:33:4333 [35mhttp[39m: [35m::1 - - [23/Oct/2025:19:43:33 +0000] "GET /api/v1/user-campaigns/my-campaigns?page=1&limit=12&_t=1761248613948 HTTP/1.1" 200 555 "http://localhost:3000/" "Mozilla/5.0 (Macintosh; Intel Mac OS X 10_15_7) AppleWebKit/537.36 (KHTML, like Gecko) Chrome/141.0.0.0 Safari/537.36"[39m
2025-10-23 22:43:39:4339 [35mhttp[39m: [35m::1 - - [23/Oct/2025:19:43:39 +0000] "GET /api/v1/user-campaigns/my-campaigns?page=1&limit=12&_t=1761248619838 HTTP/1.1" 200 555 "http://localhost:3000/" "Mozilla/5.0 (Macintosh; Intel Mac OS X 10_15_7) AppleWebKit/537.36 (KHTML, like Gecko) Chrome/141.0.0.0 Safari/537.36"[39m
2025-10-23 22:43:39:4339 [35mhttp[39m: [35m::1 - - [23/Oct/2025:19:43:39 +0000] "GET /api/v1/users/profile?_t=1761248619839 HTTP/1.1" 200 315 "http://localhost:3000/" "Mozilla/5.0 (Macintosh; Intel Mac OS X 10_15_7) AppleWebKit/537.36 (KHTML, like Gecko) Chrome/141.0.0.0 Safari/537.36"[39m
2025-10-23 22:43:39:4339 [35mhttp[39m: [35m::1 - - [23/Oct/2025:19:43:39 +0000] "GET /api/v1/user-campaigns/my-campaigns?page=1&limit=12&_t=1761248619839 HTTP/1.1" 200 555 "http://localhost:3000/" "Mozilla/5.0 (Macintosh; Intel Mac OS X 10_15_7) AppleWebKit/537.36 (KHTML, like Gecko) Chrome/141.0.0.0 Safari/537.36"[39m
2025-10-23 22:43:39:4339 [35mhttp[39m: [35m::1 - - [23/Oct/2025:19:43:39 +0000] "GET /api/v1/users/profile?_t=1761248619839 HTTP/1.1" 304 - "http://localhost:3000/" "Mozilla/5.0 (Macintosh; Intel Mac OS X 10_15_7) AppleWebKit/537.36 (KHTML, like Gecko) Chrome/141.0.0.0 Safari/537.36"[39m
2025-10-23 22:44:00:440 [35mhttp[39m: [35m::1 - - [23/Oct/2025:19:44:00 +0000] "POST /api/v1/auth/login HTTP/1.1" 200 387 "http://localhost:3000/" "Mozilla/5.0 (Macintosh; Intel Mac OS X 10_15_7) AppleWebKit/537.36 (KHTML, like Gecko) Chrome/141.0.0.0 Safari/537.36"[39m
2025-10-23 22:44:01:441 [35mhttp[39m: [35m::1 - - [23/Oct/2025:19:44:01 +0000] "GET /api/v1/user-campaigns/my-campaigns?page=1&limit=12&_t=1761248641428 HTTP/1.1" 200 555 "http://localhost:3000/" "Mozilla/5.0 (Macintosh; Intel Mac OS X 10_15_7) AppleWebKit/537.36 (KHTML, like Gecko) Chrome/141.0.0.0 Safari/537.36"[39m
2025-10-23 22:44:01:441 [35mhttp[39m: [35m::1 - - [23/Oct/2025:19:44:01 +0000] "GET /api/v1/user-campaigns/my-campaigns?page=1&limit=12&_t=1761248641428 HTTP/1.1" 304 - "http://localhost:3000/" "Mozilla/5.0 (Macintosh; Intel Mac OS X 10_15_7) AppleWebKit/537.36 (KHTML, like Gecko) Chrome/141.0.0.0 Safari/537.36"[39m
2025-10-23 22:44:02:442 [35mhttp[39m: [35m::1 - - [23/Oct/2025:19:44:02 +0000] "GET /api/v1/campaigns?category=&status=&search=&page=1&limit=12 HTTP/1.1" 200 7992 "http://localhost:3000/" "Mozilla/5.0 (Macintosh; Intel Mac OS X 10_15_7) AppleWebKit/537.36 (KHTML, like Gecko) Chrome/141.0.0.0 Safari/537.36"[39m
2025-10-23 22:44:02:442 [35mhttp[39m: [35m::1 - - [23/Oct/2025:19:44:02 +0000] "GET /api/v1/campaigns/featured?_t=1761248642022 HTTP/1.1" 200 2889 "http://localhost:3000/" "Mozilla/5.0 (Macintosh; Intel Mac OS X 10_15_7) AppleWebKit/537.36 (KHTML, like Gecko) Chrome/141.0.0.0 Safari/537.36"[39m
2025-10-23 22:44:02:442 [35mhttp[39m: [35m::1 - - [23/Oct/2025:19:44:02 +0000] "GET /api/v1/campaigns?category=&status=&search=&page=1&limit=12 HTTP/1.1" 304 - "http://localhost:3000/" "Mozilla/5.0 (Macintosh; Intel Mac OS X 10_15_7) AppleWebKit/537.36 (KHTML, like Gecko) Chrome/141.0.0.0 Safari/537.36"[39m
2025-10-23 22:44:02:442 [35mhttp[39m: [35m::1 - - [23/Oct/2025:19:44:02 +0000] "GET /api/v1/campaigns/featured?_t=1761248642022 HTTP/1.1" 304 - "http://localhost:3000/" "Mozilla/5.0 (Macintosh; Intel Mac OS X 10_15_7) AppleWebKit/537.36 (KHTML, like Gecko) Chrome/141.0.0.0 Safari/537.36"[39m
2025-10-23 22:44:03:443 [35mhttp[39m: [35m::1 - - [23/Oct/2025:19:44:03 +0000] "GET /api/v1/user-campaigns/my-campaigns?page=1&limit=12&_t=1761248643700 HTTP/1.1" 200 555 "http://localhost:3000/" "Mozilla/5.0 (Macintosh; Intel Mac OS X 10_15_7) AppleWebKit/537.36 (KHTML, like Gecko) Chrome/141.0.0.0 Safari/537.36"[39m
2025-10-23 22:44:03:443 [35mhttp[39m: [35m::1 - - [23/Oct/2025:19:44:03 +0000] "GET /api/v1/user-campaigns/my-campaigns?page=1&limit=12&_t=1761248643700 HTTP/1.1" 304 - "http://localhost:3000/" "Mozilla/5.0 (Macintosh; Intel Mac OS X 10_15_7) AppleWebKit/537.36 (KHTML, like Gecko) Chrome/141.0.0.0 Safari/537.36"[39m
2025-10-23 22:44:13:4413 [35mhttp[39m: [35m::1 - - [23/Oct/2025:19:44:13 +0000] "GET /api/v1/user-campaigns/my-campaigns?page=1&limit=12&_t=1761248653303 HTTP/1.1" 200 555 "http://localhost:3000/" "Mozilla/5.0 (Macintosh; Intel Mac OS X 10_15_7) AppleWebKit/537.36 (KHTML, like Gecko) Chrome/141.0.0.0 Safari/537.36"[39m
2025-10-23 22:44:13:4413 [35mhttp[39m: [35m::1 - - [23/Oct/2025:19:44:13 +0000] "GET /api/v1/user-campaigns/my-campaigns?page=1&limit=12&_t=1761248653304 HTTP/1.1" 200 555 "http://localhost:3000/" "Mozilla/5.0 (Macintosh; Intel Mac OS X 10_15_7) AppleWebKit/537.36 (KHTML, like Gecko) Chrome/141.0.0.0 Safari/537.36"[39m
2025-10-23 22:44:13:4413 [35mhttp[39m: [35m::1 - - [23/Oct/2025:19:44:13 +0000] "GET /api/v1/users/profile?_t=1761248653303 HTTP/1.1" 200 315 "http://localhost:3000/" "Mozilla/5.0 (Macintosh; Intel Mac OS X 10_15_7) AppleWebKit/537.36 (KHTML, like Gecko) Chrome/141.0.0.0 Safari/537.36"[39m
2025-10-23 22:44:13:4413 [35mhttp[39m: [35m::1 - - [23/Oct/2025:19:44:13 +0000] "GET /api/v1/users/profile?_t=1761248653304 HTTP/1.1" 200 315 "http://localhost:3000/" "Mozilla/5.0 (Macintosh; Intel Mac OS X 10_15_7) AppleWebKit/537.36 (KHTML, like Gecko) Chrome/141.0.0.0 Safari/537.36"[39m
2025-10-23 22:44:36:4436 [35mhttp[39m: [35m::1 - - [23/Oct/2025:19:44:36 +0000] "POST /api/v1/auth/login HTTP/1.1" 200 387 "http://localhost:3000/" "Mozilla/5.0 (Macintosh; Intel Mac OS X 10_15_7) AppleWebKit/537.36 (KHTML, like Gecko) Chrome/141.0.0.0 Safari/537.36"[39m
2025-10-23 22:44:37:4437 [35mhttp[39m: [35m::1 - - [23/Oct/2025:19:44:37 +0000] "GET /api/v1/user-campaigns/my-campaigns?page=1&limit=12&_t=1761248677427 HTTP/1.1" 200 555 "http://localhost:3000/" "Mozilla/5.0 (Macintosh; Intel Mac OS X 10_15_7) AppleWebKit/537.36 (KHTML, like Gecko) Chrome/141.0.0.0 Safari/537.36"[39m
2025-10-23 22:44:37:4437 [35mhttp[39m: [35m::1 - - [23/Oct/2025:19:44:37 +0000] "GET /api/v1/user-campaigns/my-campaigns?page=1&limit=12&_t=1761248677427 HTTP/1.1" 304 - "http://localhost:3000/" "Mozilla/5.0 (Macintosh; Intel Mac OS X 10_15_7) AppleWebKit/537.36 (KHTML, like Gecko) Chrome/141.0.0.0 Safari/537.36"[39m
2025-10-23 22:44:38:4438 [35mhttp[39m: [35m::1 - - [23/Oct/2025:19:44:38 +0000] "GET /api/v1/campaigns?category=&status=&search=&page=1&limit=12 HTTP/1.1" 304 - "http://localhost:3000/" "Mozilla/5.0 (Macintosh; Intel Mac OS X 10_15_7) AppleWebKit/537.36 (KHTML, like Gecko) Chrome/141.0.0.0 Safari/537.36"[39m
2025-10-23 22:44:38:4438 [35mhttp[39m: [35m::1 - - [23/Oct/2025:19:44:38 +0000] "GET /api/v1/campaigns/featured?_t=1761248678035 HTTP/1.1" 200 2889 "http://localhost:3000/" "Mozilla/5.0 (Macintosh; Intel Mac OS X 10_15_7) AppleWebKit/537.36 (KHTML, like Gecko) Chrome/141.0.0.0 Safari/537.36"[39m
2025-10-23 22:44:38:4438 [35mhttp[39m: [35m::1 - - [23/Oct/2025:19:44:38 +0000] "GET /api/v1/campaigns?category=&status=&search=&page=1&limit=12 HTTP/1.1" 304 - "http://localhost:3000/" "Mozilla/5.0 (Macintosh; Intel Mac OS X 10_15_7) AppleWebKit/537.36 (KHTML, like Gecko) Chrome/141.0.0.0 Safari/537.36"[39m
2025-10-23 22:44:38:4438 [35mhttp[39m: [35m::1 - - [23/Oct/2025:19:44:38 +0000] "GET /api/v1/campaigns/featured?_t=1761248678035 HTTP/1.1" 304 - "http://localhost:3000/" "Mozilla/5.0 (Macintosh; Intel Mac OS X 10_15_7) AppleWebKit/537.36 (KHTML, like Gecko) Chrome/141.0.0.0 Safari/537.36"[39m
2025-10-23 22:44:39:4439 [35mhttp[39m: [35m::1 - - [23/Oct/2025:19:44:39 +0000] "GET /api/v1/user-campaigns/my-campaigns?page=1&limit=12&_t=1761248679353 HTTP/1.1" 200 555 "http://localhost:3000/" "Mozilla/5.0 (Macintosh; Intel Mac OS X 10_15_7) AppleWebKit/537.36 (KHTML, like Gecko) Chrome/141.0.0.0 Safari/537.36"[39m
2025-10-23 22:44:39:4439 [35mhttp[39m: [35m::1 - - [23/Oct/2025:19:44:39 +0000] "GET /api/v1/user-campaigns/my-campaigns?page=1&limit=12&_t=1761248679354 HTTP/1.1" 200 555 "http://localhost:3000/" "Mozilla/5.0 (Macintosh; Intel Mac OS X 10_15_7) AppleWebKit/537.36 (KHTML, like Gecko) Chrome/141.0.0.0 Safari/537.36"[39m
2025-10-23 22:44:40:4440 [35mhttp[39m: [35m::1 - - [23/Oct/2025:19:44:40 +0000] "GET /api/v1/user-campaigns/my-campaigns?page=1&limit=12&_t=1761248680524 HTTP/1.1" 200 555 "http://localhost:3000/" "Mozilla/5.0 (Macintosh; Intel Mac OS X 10_15_7) AppleWebKit/537.36 (KHTML, like Gecko) Chrome/141.0.0.0 Safari/537.36"[39m
2025-10-23 22:44:40:4440 [35mhttp[39m: [35m::1 - - [23/Oct/2025:19:44:40 +0000] "GET /api/v1/users/profile?_t=1761248680524 HTTP/1.1" 200 315 "http://localhost:3000/" "Mozilla/5.0 (Macintosh; Intel Mac OS X 10_15_7) AppleWebKit/537.36 (KHTML, like Gecko) Chrome/141.0.0.0 Safari/537.36"[39m
2025-10-23 22:44:40:4440 [35mhttp[39m: [35m::1 - - [23/Oct/2025:19:44:40 +0000] "GET /api/v1/user-campaigns/my-campaigns?page=1&limit=12&_t=1761248680524 HTTP/1.1" 304 - "http://localhost:3000/" "Mozilla/5.0 (Macintosh; Intel Mac OS X 10_15_7) AppleWebKit/537.36 (KHTML, like Gecko) Chrome/141.0.0.0 Safari/537.36"[39m
2025-10-23 22:44:40:4440 [35mhttp[39m: [35m::1 - - [23/Oct/2025:19:44:40 +0000] "GET /api/v1/users/profile?_t=1761248680524 HTTP/1.1" 304 - "http://localhost:3000/" "Mozilla/5.0 (Macintosh; Intel Mac OS X 10_15_7) AppleWebKit/537.36 (KHTML, like Gecko) Chrome/141.0.0.0 Safari/537.36"[39m
2025-10-23 22:45:40:4540 [35mhttp[39m: [35m::1 - - [23/Oct/2025:19:45:40 +0000] "GET /api/v1/user-campaigns/my-campaigns?page=1&limit=12&_t=1761248740784 HTTP/1.1" 401 49 "http://localhost:3000/" "Mozilla/5.0 (Macintosh; Intel Mac OS X 10_15_7) AppleWebKit/537.36 (KHTML, like Gecko) Chrome/141.0.0.0 Safari/537.36"[39m
2025-10-23 22:45:40:4540 [35mhttp[39m: [35m::1 - - [23/Oct/2025:19:45:40 +0000] "GET /api/v1/user-campaigns/my-campaigns?page=1&limit=12&_t=1761248740785 HTTP/1.1" 401 49 "http://localhost:3000/" "Mozilla/5.0 (Macintosh; Intel Mac OS X 10_15_7) AppleWebKit/537.36 (KHTML, like Gecko) Chrome/141.0.0.0 Safari/537.36"[39m
2025-10-23 22:45:57:4557 [35mhttp[39m: [35m::1 - - [23/Oct/2025:19:45:57 +0000] "POST /api/v1/auth/login HTTP/1.1" 200 387 "http://localhost:3000/" "Mozilla/5.0 (Macintosh; Intel Mac OS X 10_15_7) AppleWebKit/537.36 (KHTML, like Gecko) Chrome/141.0.0.0 Safari/537.36"[39m
2025-10-23 22:45:58:4558 [35mhttp[39m: [35m::1 - - [23/Oct/2025:19:45:58 +0000] "GET /api/v1/user-campaigns/my-campaigns?page=1&limit=12&_t=1761248758773 HTTP/1.1" 200 555 "http://localhost:3000/" "Mozilla/5.0 (Macintosh; Intel Mac OS X 10_15_7) AppleWebKit/537.36 (KHTML, like Gecko) Chrome/141.0.0.0 Safari/537.36"[39m
2025-10-23 22:45:58:4558 [35mhttp[39m: [35m::1 - - [23/Oct/2025:19:45:58 +0000] "GET /api/v1/user-campaigns/my-campaigns?page=1&limit=12&_t=1761248758774 HTTP/1.1" 200 555 "http://localhost:3000/" "Mozilla/5.0 (Macintosh; Intel Mac OS X 10_15_7) AppleWebKit/537.36 (KHTML, like Gecko) Chrome/141.0.0.0 Safari/537.36"[39m
2025-10-23 22:45:59:4559 [35mhttp[39m: [35m::1 - - [23/Oct/2025:19:45:59 +0000] "GET /api/v1/campaigns?category=&status=&search=&page=1&limit=12 HTTP/1.1" 304 - "http://localhost:3000/" "Mozilla/5.0 (Macintosh; Intel Mac OS X 10_15_7) AppleWebKit/537.36 (KHTML, like Gecko) Chrome/141.0.0.0 Safari/537.36"[39m
2025-10-23 22:45:59:4559 [35mhttp[39m: [35m::1 - - [23/Oct/2025:19:45:59 +0000] "GET /api/v1/campaigns/featured?_t=1761248759217 HTTP/1.1" 200 2889 "http://localhost:3000/" "Mozilla/5.0 (Macintosh; Intel Mac OS X 10_15_7) AppleWebKit/537.36 (KHTML, like Gecko) Chrome/141.0.0.0 Safari/537.36"[39m
2025-10-23 22:45:59:4559 [35mhttp[39m: [35m::1 - - [23/Oct/2025:19:45:59 +0000] "GET /api/v1/campaigns/featured?_t=1761248759217 HTTP/1.1" 304 - "http://localhost:3000/" "Mozilla/5.0 (Macintosh; Intel Mac OS X 10_15_7) AppleWebKit/537.36 (KHTML, like Gecko) Chrome/141.0.0.0 Safari/537.36"[39m
2025-10-23 22:45:59:4559 [35mhttp[39m: [35m::1 - - [23/Oct/2025:19:45:59 +0000] "GET /api/v1/campaigns?category=&status=&search=&page=1&limit=12 HTTP/1.1" 304 - "http://localhost:3000/" "Mozilla/5.0 (Macintosh; Intel Mac OS X 10_15_7) AppleWebKit/537.36 (KHTML, like Gecko) Chrome/141.0.0.0 Safari/537.36"[39m
2025-10-23 22:45:59:4559 [35mhttp[39m: [35m::1 - - [23/Oct/2025:19:45:59 +0000] "GET /api/v1/user-campaigns/my-campaigns?page=1&limit=12&_t=1761248759928 HTTP/1.1" 200 555 "http://localhost:3000/" "Mozilla/5.0 (Macintosh; Intel Mac OS X 10_15_7) AppleWebKit/537.36 (KHTML, like Gecko) Chrome/141.0.0.0 Safari/537.36"[39m
2025-10-23 22:45:59:4559 [35mhttp[39m: [35m::1 - - [23/Oct/2025:19:45:59 +0000] "GET /api/v1/user-campaigns/my-campaigns?page=1&limit=12&_t=1761248759928 HTTP/1.1" 304 - "http://localhost:3000/" "Mozilla/5.0 (Macintosh; Intel Mac OS X 10_15_7) AppleWebKit/537.36 (KHTML, like Gecko) Chrome/141.0.0.0 Safari/537.36"[39m
2025-10-23 22:46:01:461 [35mhttp[39m: [35m::1 - - [23/Oct/2025:19:46:01 +0000] "GET /api/v1/user-campaigns/my-campaigns?page=1&limit=12&_t=1761248761194 HTTP/1.1" 200 555 "http://localhost:3000/" "Mozilla/5.0 (Macintosh; Intel Mac OS X 10_15_7) AppleWebKit/537.36 (KHTML, like Gecko) Chrome/141.0.0.0 Safari/537.36"[39m
2025-10-23 22:46:01:461 [35mhttp[39m: [35m::1 - - [23/Oct/2025:19:46:01 +0000] "GET /api/v1/users/profile?_t=1761248761193 HTTP/1.1" 200 315 "http://localhost:3000/" "Mozilla/5.0 (Macintosh; Intel Mac OS X 10_15_7) AppleWebKit/537.36 (KHTML, like Gecko) Chrome/141.0.0.0 Safari/537.36"[39m
2025-10-23 22:46:01:461 [35mhttp[39m: [35m::1 - - [23/Oct/2025:19:46:01 +0000] "GET /api/v1/user-campaigns/my-campaigns?page=1&limit=12&_t=1761248761193 HTTP/1.1" 200 555 "http://localhost:3000/" "Mozilla/5.0 (Macintosh; Intel Mac OS X 10_15_7) AppleWebKit/537.36 (KHTML, like Gecko) Chrome/141.0.0.0 Safari/537.36"[39m
2025-10-23 22:46:01:461 [35mhttp[39m: [35m::1 - - [23/Oct/2025:19:46:01 +0000] "GET /api/v1/users/profile?_t=1761248761194 HTTP/1.1" 200 315 "http://localhost:3000/" "Mozilla/5.0 (Macintosh; Intel Mac OS X 10_15_7) AppleWebKit/537.36 (KHTML, like Gecko) Chrome/141.0.0.0 Safari/537.36"[39m
2025-10-23 22:46:06:466 [35mhttp[39m: [35m::1 - - [23/Oct/2025:19:46:06 +0000] "GET /api/v1/campaigns/featured?_t=1761248766940 HTTP/1.1" 200 2889 "http://localhost:3000/" "Mozilla/5.0 (Macintosh; Intel Mac OS X 10_15_7) AppleWebKit/537.36 (KHTML, like Gecko) Chrome/141.0.0.0 Safari/537.36"[39m
2025-10-23 22:46:06:466 [35mhttp[39m: [35m::1 - - [23/Oct/2025:19:46:06 +0000] "GET /api/v1/campaigns/trending?_t=1761248766940 HTTP/1.1" 200 2973 "http://localhost:3000/" "Mozilla/5.0 (Macintosh; Intel Mac OS X 10_15_7) AppleWebKit/537.36 (KHTML, like Gecko) Chrome/141.0.0.0 Safari/537.36"[39m
2025-10-23 22:46:06:466 [35mhttp[39m: [35m::1 - - [23/Oct/2025:19:46:06 +0000] "GET /api/v1/campaigns/featured?_t=1761248766941 HTTP/1.1" 200 2889 "http://localhost:3000/" "Mozilla/5.0 (Macintosh; Intel Mac OS X 10_15_7) AppleWebKit/537.36 (KHTML, like Gecko) Chrome/141.0.0.0 Safari/537.36"[39m
2025-10-23 22:46:06:466 [35mhttp[39m: [35m::1 - - [23/Oct/2025:19:46:06 +0000] "GET /api/v1/campaigns/trending?_t=1761248766941 HTTP/1.1" 200 2973 "http://localhost:3000/" "Mozilla/5.0 (Macintosh; Intel Mac OS X 10_15_7) AppleWebKit/537.36 (KHTML, like Gecko) Chrome/141.0.0.0 Safari/537.36"[39m
2025-10-23 22:46:06:466 [35mhttp[39m: [35m::1 - - [23/Oct/2025:19:46:06 +0000] "GET /api/v1/stats?_t=1761248766941 HTTP/1.1" 200 121 "http://localhost:3000/" "Mozilla/5.0 (Macintosh; Intel Mac OS X 10_15_7) AppleWebKit/537.36 (KHTML, like Gecko) Chrome/141.0.0.0 Safari/537.36"[39m
2025-10-23 22:46:06:466 [35mhttp[39m: [35m::1 - - [23/Oct/2025:19:46:06 +0000] "GET /api/v1/stats?_t=1761248766941 HTTP/1.1" 304 - "http://localhost:3000/" "Mozilla/5.0 (Macintosh; Intel Mac OS X 10_15_7) AppleWebKit/537.36 (KHTML, like Gecko) Chrome/141.0.0.0 Safari/537.36"[39m
2025-10-23 22:46:10:4610 [35mhttp[39m: [35m::1 - - [23/Oct/2025:19:46:10 +0000] "POST /api/v1/auth/login HTTP/1.1" 200 387 "http://localhost:3000/" "Mozilla/5.0 (Macintosh; Intel Mac OS X 10_15_7) AppleWebKit/537.36 (KHTML, like Gecko) Chrome/141.0.0.0 Safari/537.36"[39m
2025-10-23 22:46:11:4611 [35mhttp[39m: [35m::1 - - [23/Oct/2025:19:46:11 +0000] "GET /api/v1/campaigns?category=&status=&search=&page=1&limit=12 HTTP/1.1" 200 7992 "http://localhost:3000/" "Mozilla/5.0 (Macintosh; Intel Mac OS X 10_15_7) AppleWebKit/537.36 (KHTML, like Gecko) Chrome/141.0.0.0 Safari/537.36"[39m
2025-10-23 22:46:11:4611 [35mhttp[39m: [35m::1 - - [23/Oct/2025:19:46:11 +0000] "GET /api/v1/campaigns/featured?_t=1761248771651 HTTP/1.1" 200 2889 "http://localhost:3000/" "Mozilla/5.0 (Macintosh; Intel Mac OS X 10_15_7) AppleWebKit/537.36 (KHTML, like Gecko) Chrome/141.0.0.0 Safari/537.36"[39m
2025-10-23 22:46:11:4611 [35mhttp[39m: [35m::1 - - [23/Oct/2025:19:46:11 +0000] "GET /api/v1/campaigns?category=&status=&search=&page=1&limit=12 HTTP/1.1" 304 - "http://localhost:3000/" "Mozilla/5.0 (Macintosh; Intel Mac OS X 10_15_7) AppleWebKit/537.36 (KHTML, like Gecko) Chrome/141.0.0.0 Safari/537.36"[39m
2025-10-23 22:46:11:4611 [35mhttp[39m: [35m::1 - - [23/Oct/2025:19:46:11 +0000] "GET /api/v1/campaigns/featured?_t=1761248771651 HTTP/1.1" 304 - "http://localhost:3000/" "Mozilla/5.0 (Macintosh; Intel Mac OS X 10_15_7) AppleWebKit/537.36 (KHTML, like Gecko) Chrome/141.0.0.0 Safari/537.36"[39m
2025-10-23 22:46:12:4612 [35mhttp[39m: [35m::1 - - [23/Oct/2025:19:46:12 +0000] "GET /api/v1/user-campaigns/my-campaigns?page=1&limit=12&_t=1761248772420 HTTP/1.1" 200 555 "http://localhost:3000/" "Mozilla/5.0 (Macintosh; Intel Mac OS X 10_15_7) AppleWebKit/537.36 (KHTML, like Gecko) Chrome/141.0.0.0 Safari/537.36"[39m
2025-10-23 22:46:12:4612 [35mhttp[39m: [35m::1 - - [23/Oct/2025:19:46:12 +0000] "GET /api/v1/user-campaigns/my-campaigns?page=1&limit=12&_t=1761248772420 HTTP/1.1" 304 - "http://localhost:3000/" "Mozilla/5.0 (Macintosh; Intel Mac OS X 10_15_7) AppleWebKit/537.36 (KHTML, like Gecko) Chrome/141.0.0.0 Safari/537.36"[39m
2025-10-23 22:46:13:4613 [35mhttp[39m: [35m::1 - - [23/Oct/2025:19:46:13 +0000] "GET /api/v1/user-campaigns/my-campaigns?page=1&limit=12&_t=1761248773745 HTTP/1.1" 200 555 "http://localhost:3000/" "Mozilla/5.0 (Macintosh; Intel Mac OS X 10_15_7) AppleWebKit/537.36 (KHTML, like Gecko) Chrome/141.0.0.0 Safari/537.36"[39m
2025-10-23 22:46:13:4613 [35mhttp[39m: [35m::1 - - [23/Oct/2025:19:46:13 +0000] "GET /api/v1/user-campaigns/my-campaigns?page=1&limit=12&_t=1761248773745 HTTP/1.1" 304 - "http://localhost:3000/" "Mozilla/5.0 (Macintosh; Intel Mac OS X 10_15_7) AppleWebKit/537.36 (KHTML, like Gecko) Chrome/141.0.0.0 Safari/537.36"[39m
2025-10-23 22:46:17:4617 [35mhttp[39m: [35m::1 - - [23/Oct/2025:19:46:17 +0000] "GET /api/v1/user-campaigns/my-campaigns?page=1&limit=12&_t=1761248777171 HTTP/1.1" 200 555 "http://localhost:3000/" "Mozilla/5.0 (Macintosh; Intel Mac OS X 10_15_7) AppleWebKit/537.36 (KHTML, like Gecko) Chrome/141.0.0.0 Safari/537.36"[39m
2025-10-23 22:46:17:4617 [35mhttp[39m: [35m::1 - - [23/Oct/2025:19:46:17 +0000] "GET /api/v1/users/profile?_t=1761248777172 HTTP/1.1" 200 315 "http://localhost:3000/" "Mozilla/5.0 (Macintosh; Intel Mac OS X 10_15_7) AppleWebKit/537.36 (KHTML, like Gecko) Chrome/141.0.0.0 Safari/537.36"[39m
2025-10-23 22:46:17:4617 [35mhttp[39m: [35m::1 - - [23/Oct/2025:19:46:17 +0000] "GET /api/v1/user-campaigns/my-campaigns?page=1&limit=12&_t=1761248777172 HTTP/1.1" 200 555 "http://localhost:3000/" "Mozilla/5.0 (Macintosh; Intel Mac OS X 10_15_7) AppleWebKit/537.36 (KHTML, like Gecko) Chrome/141.0.0.0 Safari/537.36"[39m
2025-10-23 22:46:17:4617 [35mhttp[39m: [35m::1 - - [23/Oct/2025:19:46:17 +0000] "GET /api/v1/users/profile?_t=1761248777172 HTTP/1.1" 304 - "http://localhost:3000/" "Mozilla/5.0 (Macintosh; Intel Mac OS X 10_15_7) AppleWebKit/537.36 (KHTML, like Gecko) Chrome/141.0.0.0 Safari/537.36"[39m
2025-10-23 22:46:42:4642 [35mhttp[39m: [35m::1 - - [23/Oct/2025:19:46:42 +0000] "POST /api/v1/auth/login HTTP/1.1" 200 387 "http://localhost:3000/" "Mozilla/5.0 (Macintosh; Intel Mac OS X 10_15_7) AppleWebKit/537.36 (KHTML, like Gecko) Chrome/141.0.0.0 Safari/537.36"[39m
2025-10-23 22:46:44:4644 [35mhttp[39m: [35m::1 - - [23/Oct/2025:19:46:44 +0000] "GET /api/v1/campaigns?category=&status=&search=&page=1&limit=12 HTTP/1.1" 304 - "http://localhost:3000/" "Mozilla/5.0 (Macintosh; Intel Mac OS X 10_15_7) AppleWebKit/537.36 (KHTML, like Gecko) Chrome/141.0.0.0 Safari/537.36"[39m
2025-10-23 22:46:44:4644 [35mhttp[39m: [35m::1 - - [23/Oct/2025:19:46:44 +0000] "GET /api/v1/campaigns/featured?_t=1761248804375 HTTP/1.1" 200 2889 "http://localhost:3000/" "Mozilla/5.0 (Macintosh; Intel Mac OS X 10_15_7) AppleWebKit/537.36 (KHTML, like Gecko) Chrome/141.0.0.0 Safari/537.36"[39m
2025-10-23 22:46:44:4644 [35mhttp[39m: [35m::1 - - [23/Oct/2025:19:46:44 +0000] "GET /api/v1/campaigns?category=&status=&search=&page=1&limit=12 HTTP/1.1" 304 - "http://localhost:3000/" "Mozilla/5.0 (Macintosh; Intel Mac OS X 10_15_7) AppleWebKit/537.36 (KHTML, like Gecko) Chrome/141.0.0.0 Safari/537.36"[39m
2025-10-23 22:46:44:4644 [35mhttp[39m: [35m::1 - - [23/Oct/2025:19:46:44 +0000] "GET /api/v1/campaigns/featured?_t=1761248804375 HTTP/1.1" 304 - "http://localhost:3000/" "Mozilla/5.0 (Macintosh; Intel Mac OS X 10_15_7) AppleWebKit/537.36 (KHTML, like Gecko) Chrome/141.0.0.0 Safari/537.36"[39m
2025-10-23 22:46:45:4645 [35mhttp[39m: [35m::1 - - [23/Oct/2025:19:46:45 +0000] "GET /api/v1/user-campaigns/my-campaigns?page=1&limit=12&_t=1761248805032 HTTP/1.1" 200 555 "http://localhost:3000/" "Mozilla/5.0 (Macintosh; Intel Mac OS X 10_15_7) AppleWebKit/537.36 (KHTML, like Gecko) Chrome/141.0.0.0 Safari/537.36"[39m
2025-10-23 22:46:45:4645 [35mhttp[39m: [35m::1 - - [23/Oct/2025:19:46:45 +0000] "GET /api/v1/user-campaigns/my-campaigns?page=1&limit=12&_t=1761248805033 HTTP/1.1" 200 555 "http://localhost:3000/" "Mozilla/5.0 (Macintosh; Intel Mac OS X 10_15_7) AppleWebKit/537.36 (KHTML, like Gecko) Chrome/141.0.0.0 Safari/537.36"[39m
2025-10-23 22:46:47:4647 [35mhttp[39m: [35m::1 - - [23/Oct/2025:19:46:47 +0000] "PUT /api/v1/campaigns/af006541-5d0f-4297-b60c-7795847884da HTTP/1.1" 200 367 "http://localhost:3000/" "Mozilla/5.0 (Macintosh; Intel Mac OS X 10_15_7) AppleWebKit/537.36 (KHTML, like Gecko) Chrome/141.0.0.0 Safari/537.36"[39m
2025-10-23 22:46:47:4647 [35mhttp[39m: [35m::1 - - [23/Oct/2025:19:46:47 +0000] "GET /api/v1/user-campaigns/my-campaigns?page=1&limit=12&_t=1761248807510 HTTP/1.1" 200 555 "http://localhost:3000/" "Mozilla/5.0 (Macintosh; Intel Mac OS X 10_15_7) AppleWebKit/537.36 (KHTML, like Gecko) Chrome/141.0.0.0 Safari/537.36"[39m
2025-10-23 22:47:09:479 [35mhttp[39m: [35m::1 - - [23/Oct/2025:19:47:09 +0000] "GET /api/v1/user-campaigns/my-campaigns?page=1&limit=12&_t=1761248829778 HTTP/1.1" 200 555 "http://localhost:3000/" "Mozilla/5.0 (Macintosh; Intel Mac OS X 10_15_7) AppleWebKit/537.36 (KHTML, like Gecko) Chrome/141.0.0.0 Safari/537.36"[39m
2025-10-23 22:47:09:479 [35mhttp[39m: [35m::1 - - [23/Oct/2025:19:47:09 +0000] "GET /api/v1/user-campaigns/my-campaigns?page=1&limit=12&_t=1761248829779 HTTP/1.1" 200 555 "http://localhost:3000/" "Mozilla/5.0 (Macintosh; Intel Mac OS X 10_15_7) AppleWebKit/537.36 (KHTML, like Gecko) Chrome/141.0.0.0 Safari/537.36"[39m
2025-10-23 22:47:09:479 [35mhttp[39m: [35m::1 - - [23/Oct/2025:19:47:09 +0000] "GET /api/v1/users/profile?_t=1761248829778 HTTP/1.1" 200 315 "http://localhost:3000/" "Mozilla/5.0 (Macintosh; Intel Mac OS X 10_15_7) AppleWebKit/537.36 (KHTML, like Gecko) Chrome/141.0.0.0 Safari/537.36"[39m
2025-10-23 22:47:09:479 [35mhttp[39m: [35m::1 - - [23/Oct/2025:19:47:09 +0000] "GET /api/v1/users/profile?_t=1761248829780 HTTP/1.1" 200 315 "http://localhost:3000/" "Mozilla/5.0 (Macintosh; Intel Mac OS X 10_15_7) AppleWebKit/537.36 (KHTML, like Gecko) Chrome/141.0.0.0 Safari/537.36"[39m
2025-10-23 22:47:18:4718 [35mhttp[39m: [35m::1 - - [23/Oct/2025:19:47:18 +0000] "GET /api/v1/users/profile HTTP/1.1" 401 41 "-" "curl/8.7.1"[39m
2025-10-23 22:47:22:4722 [35mhttp[39m: [35m::1 - - [23/Oct/2025:19:47:22 +0000] "POST /api/v1/auth/login HTTP/1.1" 200 387 "-" "curl/8.7.1"[39m
2025-10-23 22:47:25:4725 [35mhttp[39m: [35m::1 - - [23/Oct/2025:19:47:25 +0000] "GET /api/v1/users/profile HTTP/1.1" 200 315 "-" "curl/8.7.1"[39m
2025-10-23 22:47:31:4731 [35mhttp[39m: [35m::1 - - [23/Oct/2025:19:47:31 +0000] "GET /api/v1/user-campaigns/my-campaigns?page=1&limit=12&_t=1761248851198 HTTP/1.1" 401 49 "http://localhost:3000/" "Mozilla/5.0 (Macintosh; Intel Mac OS X 10_15_7) AppleWebKit/537.36 (KHTML, like Gecko) Chrome/141.0.0.0 Safari/537.36"[39m
2025-10-23 22:47:31:4731 [35mhttp[39m: [35m::1 - - [23/Oct/2025:19:47:31 +0000] "GET /api/v1/user-campaigns/my-campaigns?page=1&limit=12&_t=1761248851199 HTTP/1.1" 401 49 "http://localhost:3000/" "Mozilla/5.0 (Macintosh; Intel Mac OS X 10_15_7) AppleWebKit/537.36 (KHTML, like Gecko) Chrome/141.0.0.0 Safari/537.36"[39m
2025-10-23 22:47:35:4735 [35mhttp[39m: [35m::1 - - [23/Oct/2025:19:47:35 +0000] "POST /api/v1/auth/login HTTP/1.1" 200 387 "http://localhost:3000/" "Mozilla/5.0 (Macintosh; Intel Mac OS X 10_15_7) AppleWebKit/537.36 (KHTML, like Gecko) Chrome/141.0.0.0 Safari/537.36"[39m
2025-10-23 22:47:37:4737 [35mhttp[39m: [35m::1 - - [23/Oct/2025:19:47:37 +0000] "GET /api/v1/campaigns?category=&status=&search=&page=1&limit=12 HTTP/1.1" 304 - "http://localhost:3000/" "Mozilla/5.0 (Macintosh; Intel Mac OS X 10_15_7) AppleWebKit/537.36 (KHTML, like Gecko) Chrome/141.0.0.0 Safari/537.36"[39m
2025-10-23 22:47:37:4737 [35mhttp[39m: [35m::1 - - [23/Oct/2025:19:47:37 +0000] "GET /api/v1/campaigns/featured?_t=1761248857238 HTTP/1.1" 200 2889 "http://localhost:3000/" "Mozilla/5.0 (Macintosh; Intel Mac OS X 10_15_7) AppleWebKit/537.36 (KHTML, like Gecko) Chrome/141.0.0.0 Safari/537.36"[39m
2025-10-23 22:47:37:4737 [35mhttp[39m: [35m::1 - - [23/Oct/2025:19:47:37 +0000] "GET /api/v1/campaigns?category=&status=&search=&page=1&limit=12 HTTP/1.1" 304 - "http://localhost:3000/" "Mozilla/5.0 (Macintosh; Intel Mac OS X 10_15_7) AppleWebKit/537.36 (KHTML, like Gecko) Chrome/141.0.0.0 Safari/537.36"[39m
2025-10-23 22:47:37:4737 [35mhttp[39m: [35m::1 - - [23/Oct/2025:19:47:37 +0000] "GET /api/v1/campaigns/featured?_t=1761248857238 HTTP/1.1" 304 - "http://localhost:3000/" "Mozilla/5.0 (Macintosh; Intel Mac OS X 10_15_7) AppleWebKit/537.36 (KHTML, like Gecko) Chrome/141.0.0.0 Safari/537.36"[39m
2025-10-23 22:47:40:4740 [35mhttp[39m: [35m::1 - - [23/Oct/2025:19:47:40 +0000] "GET /api/v1/user-campaigns/my-campaigns?page=1&limit=12&_t=1761248860622 HTTP/1.1" 200 555 "http://localhost:3000/" "Mozilla/5.0 (Macintosh; Intel Mac OS X 10_15_7) AppleWebKit/537.36 (KHTML, like Gecko) Chrome/141.0.0.0 Safari/537.36"[39m
2025-10-23 22:47:40:4740 [35mhttp[39m: [35m::1 - - [23/Oct/2025:19:47:40 +0000] "GET /api/v1/user-campaigns/my-campaigns?page=1&limit=12&_t=1761248860623 HTTP/1.1" 200 555 "http://localhost:3000/" "Mozilla/5.0 (Macintosh; Intel Mac OS X 10_15_7) AppleWebKit/537.36 (KHTML, like Gecko) Chrome/141.0.0.0 Safari/537.36"[39m
2025-10-23 22:47:50:4750 [35mhttp[39m: [35m::1 - - [23/Oct/2025:19:47:50 +0000] "GET /api/v1/user-campaigns/my-campaigns?page=1&limit=12&_t=1761248870230 HTTP/1.1" 200 555 "http://localhost:3000/" "Mozilla/5.0 (Macintosh; Intel Mac OS X 10_15_7) AppleWebKit/537.36 (KHTML, like Gecko) Chrome/141.0.0.0 Safari/537.36"[39m
2025-10-23 22:47:50:4750 [35mhttp[39m: [35m::1 - - [23/Oct/2025:19:47:50 +0000] "GET /api/v1/user-campaigns/my-campaigns?page=1&limit=12&_t=1761248870232 HTTP/1.1" 200 555 "http://localhost:3000/" "Mozilla/5.0 (Macintosh; Intel Mac OS X 10_15_7) AppleWebKit/537.36 (KHTML, like Gecko) Chrome/141.0.0.0 Safari/537.36"[39m
2025-10-23 22:47:50:4750 [35mhttp[39m: [35m::1 - - [23/Oct/2025:19:47:50 +0000] "GET /api/v1/users/profile?_t=1761248870231 HTTP/1.1" 200 315 "http://localhost:3000/" "Mozilla/5.0 (Macintosh; Intel Mac OS X 10_15_7) AppleWebKit/537.36 (KHTML, like Gecko) Chrome/141.0.0.0 Safari/537.36"[39m
2025-10-23 22:47:50:4750 [35mhttp[39m: [35m::1 - - [23/Oct/2025:19:47:50 +0000] "GET /api/v1/users/profile?_t=1761248870232 HTTP/1.1" 200 315 "http://localhost:3000/" "Mozilla/5.0 (Macintosh; Intel Mac OS X 10_15_7) AppleWebKit/537.36 (KHTML, like Gecko) Chrome/141.0.0.0 Safari/537.36"[39m
2025-10-23 22:48:09:489 [35mhttp[39m: [35m::1 - - [23/Oct/2025:19:48:09 +0000] "GET /api/v1/user-campaigns/my-campaigns?page=1&limit=12&_t=1761248889243 HTTP/1.1" 401 49 "http://localhost:3000/" "Mozilla/5.0 (Macintosh; Intel Mac OS X 10_15_7) AppleWebKit/537.36 (KHTML, like Gecko) Chrome/141.0.0.0 Safari/537.36"[39m
2025-10-23 22:48:09:489 [35mhttp[39m: [35m::1 - - [23/Oct/2025:19:48:09 +0000] "GET /api/v1/user-campaigns/my-campaigns?page=1&limit=12&_t=1761248889245 HTTP/1.1" 401 49 "http://localhost:3000/" "Mozilla/5.0 (Macintosh; Intel Mac OS X 10_15_7) AppleWebKit/537.36 (KHTML, like Gecko) Chrome/141.0.0.0 Safari/537.36"[39m
2025-10-23 22:48:39:4839 [35mhttp[39m: [35m::1 - - [23/Oct/2025:19:48:39 +0000] "GET /api/v1/user-campaigns/my-campaigns?page=1&limit=12&_t=1761248919711 HTTP/1.1" 401 49 "http://localhost:3000/" "Mozilla/5.0 (Macintosh; Intel Mac OS X 10_15_7) AppleWebKit/537.36 (KHTML, like Gecko) Chrome/141.0.0.0 Safari/537.36"[39m
2025-10-23 22:48:39:4839 [35mhttp[39m: [35m::1 - - [23/Oct/2025:19:48:39 +0000] "GET /api/v1/user-campaigns/my-campaigns?page=1&limit=12&_t=1761248919712 HTTP/1.1" 401 49 "http://localhost:3000/" "Mozilla/5.0 (Macintosh; Intel Mac OS X 10_15_7) AppleWebKit/537.36 (KHTML, like Gecko) Chrome/141.0.0.0 Safari/537.36"[39m
2025-10-23 22:48:44:4844 [35mhttp[39m: [35m::1 - - [23/Oct/2025:19:48:44 +0000] "GET /api/v1/user-campaigns/my-campaigns?page=1&limit=12&_t=1761248924068 HTTP/1.1" 401 49 "http://localhost:3000/" "Mozilla/5.0 (Macintosh; Intel Mac OS X 10_15_7) AppleWebKit/537.36 (KHTML, like Gecko) Chrome/141.0.0.0 Safari/537.36"[39m
2025-10-23 22:48:44:4844 [35mhttp[39m: [35m::1 - - [23/Oct/2025:19:48:44 +0000] "GET /api/v1/user-campaigns/my-campaigns?page=1&limit=12&_t=1761248924069 HTTP/1.1" 401 49 "http://localhost:3000/" "Mozilla/5.0 (Macintosh; Intel Mac OS X 10_15_7) AppleWebKit/537.36 (KHTML, like Gecko) Chrome/141.0.0.0 Safari/537.36"[39m
2025-10-23 22:48:46:4846 [35mhttp[39m: [35m::1 - - [23/Oct/2025:19:48:46 +0000] "POST /api/v1/auth/login HTTP/1.1" 200 387 "http://localhost:3000/" "Mozilla/5.0 (Macintosh; Intel Mac OS X 10_15_7) AppleWebKit/537.36 (KHTML, like Gecko) Chrome/141.0.0.0 Safari/537.36"[39m
2025-10-23 22:48:48:4848 [35mhttp[39m: [35m::1 - - [23/Oct/2025:19:48:48 +0000] "GET /api/v1/campaigns/featured?_t=1761248928457 HTTP/1.1" 200 2889 "http://localhost:3000/" "Mozilla/5.0 (Macintosh; Intel Mac OS X 10_15_7) AppleWebKit/537.36 (KHTML, like Gecko) Chrome/141.0.0.0 Safari/537.36"[39m
2025-10-23 22:48:48:4848 [35mhttp[39m: [35m::1 - - [23/Oct/2025:19:48:48 +0000] "GET /api/v1/campaigns?category=&status=&search=&page=1&limit=12 HTTP/1.1" 304 - "http://localhost:3000/" "Mozilla/5.0 (Macintosh; Intel Mac OS X 10_15_7) AppleWebKit/537.36 (KHTML, like Gecko) Chrome/141.0.0.0 Safari/537.36"[39m
2025-10-23 22:48:48:4848 [35mhttp[39m: [35m::1 - - [23/Oct/2025:19:48:48 +0000] "GET /api/v1/campaigns/featured?_t=1761248928457 HTTP/1.1" 304 - "http://localhost:3000/" "Mozilla/5.0 (Macintosh; Intel Mac OS X 10_15_7) AppleWebKit/537.36 (KHTML, like Gecko) Chrome/141.0.0.0 Safari/537.36"[39m
2025-10-23 22:48:48:4848 [35mhttp[39m: [35m::1 - - [23/Oct/2025:19:48:48 +0000] "GET /api/v1/campaigns?category=&status=&search=&page=1&limit=12 HTTP/1.1" 200 7992 "http://localhost:3000/" "Mozilla/5.0 (Macintosh; Intel Mac OS X 10_15_7) AppleWebKit/537.36 (KHTML, like Gecko) Chrome/141.0.0.0 Safari/537.36"[39m
2025-10-23 22:48:53:4853 [35mhttp[39m: [35m::1 - - [23/Oct/2025:19:48:53 +0000] "GET /api/v1/user-campaigns/my-campaigns?page=1&limit=12&_t=1761248933463 HTTP/1.1" 200 555 "http://localhost:3000/" "Mozilla/5.0 (Macintosh; Intel Mac OS X 10_15_7) AppleWebKit/537.36 (KHTML, like Gecko) Chrome/141.0.0.0 Safari/537.36"[39m
2025-10-23 22:48:53:4853 [35mhttp[39m: [35m::1 - - [23/Oct/2025:19:48:53 +0000] "GET /api/v1/user-campaigns/my-campaigns?page=1&limit=12&_t=1761248933464 HTTP/1.1" 200 555 "http://localhost:3000/" "Mozilla/5.0 (Macintosh; Intel Mac OS X 10_15_7) AppleWebKit/537.36 (KHTML, like Gecko) Chrome/141.0.0.0 Safari/537.36"[39m
2025-10-23 22:48:57:4857 [35mhttp[39m: [35m::1 - - [23/Oct/2025:19:48:57 +0000] "GET /api/v1/user-campaigns/my-campaigns?page=1&limit=12&_t=1761248937059 HTTP/1.1" 200 555 "http://localhost:3000/" "Mozilla/5.0 (Macintosh; Intel Mac OS X 10_15_7) AppleWebKit/537.36 (KHTML, like Gecko) Chrome/141.0.0.0 Safari/537.36"[39m
2025-10-23 22:48:57:4857 [35mhttp[39m: [35m::1 - - [23/Oct/2025:19:48:57 +0000] "GET /api/v1/user-campaigns/my-campaigns?page=1&limit=12&_t=1761248937061 HTTP/1.1" 200 555 "http://localhost:3000/" "Mozilla/5.0 (Macintosh; Intel Mac OS X 10_15_7) AppleWebKit/537.36 (KHTML, like Gecko) Chrome/141.0.0.0 Safari/537.36"[39m
2025-10-23 22:48:57:4857 [35mhttp[39m: [35m::1 - - [23/Oct/2025:19:48:57 +0000] "GET /api/v1/users/profile?_t=1761248937060 HTTP/1.1" 200 315 "http://localhost:3000/" "Mozilla/5.0 (Macintosh; Intel Mac OS X 10_15_7) AppleWebKit/537.36 (KHTML, like Gecko) Chrome/141.0.0.0 Safari/537.36"[39m
2025-10-23 22:48:57:4857 [35mhttp[39m: [35m::1 - - [23/Oct/2025:19:48:57 +0000] "GET /api/v1/users/profile?_t=1761248937061 HTTP/1.1" 200 315 "http://localhost:3000/" "Mozilla/5.0 (Macintosh; Intel Mac OS X 10_15_7) AppleWebKit/537.36 (KHTML, like Gecko) Chrome/141.0.0.0 Safari/537.36"[39m
2025-10-23 22:49:15:4915 [35mhttp[39m: [35m::1 - - [23/Oct/2025:19:49:15 +0000] "GET /api/v1/campaigns/trending?_t=1761248955097 HTTP/1.1" 200 2973 "http://localhost:3000/" "Mozilla/5.0 (Macintosh; Intel Mac OS X 10_15_7) AppleWebKit/537.36 (KHTML, like Gecko) Chrome/141.0.0.0 Safari/537.36"[39m
2025-10-23 22:49:15:4915 [35mhttp[39m: [35m::1 - - [23/Oct/2025:19:49:15 +0000] "GET /api/v1/campaigns/featured?_t=1761248955097 HTTP/1.1" 200 2889 "http://localhost:3000/" "Mozilla/5.0 (Macintosh; Intel Mac OS X 10_15_7) AppleWebKit/537.36 (KHTML, like Gecko) Chrome/141.0.0.0 Safari/537.36"[39m
2025-10-23 22:49:15:4915 [35mhttp[39m: [35m::1 - - [23/Oct/2025:19:49:15 +0000] "GET /api/v1/stats?_t=1761248955097 HTTP/1.1" 200 121 "http://localhost:3000/" "Mozilla/5.0 (Macintosh; Intel Mac OS X 10_15_7) AppleWebKit/537.36 (KHTML, like Gecko) Chrome/141.0.0.0 Safari/537.36"[39m
2025-10-23 22:49:15:4915 [35mhttp[39m: [35m::1 - - [23/Oct/2025:19:49:15 +0000] "GET /api/v1/campaigns/trending?_t=1761248955098 HTTP/1.1" 200 2973 "http://localhost:3000/" "Mozilla/5.0 (Macintosh; Intel Mac OS X 10_15_7) AppleWebKit/537.36 (KHTML, like Gecko) Chrome/141.0.0.0 Safari/537.36"[39m
2025-10-23 22:49:15:4915 [35mhttp[39m: [35m::1 - - [23/Oct/2025:19:49:15 +0000] "GET /api/v1/campaigns/featured?_t=1761248955098 HTTP/1.1" 200 2889 "http://localhost:3000/" "Mozilla/5.0 (Macintosh; Intel Mac OS X 10_15_7) AppleWebKit/537.36 (KHTML, like Gecko) Chrome/141.0.0.0 Safari/537.36"[39m
2025-10-23 22:49:15:4915 [35mhttp[39m: [35m::1 - - [23/Oct/2025:19:49:15 +0000] "GET /api/v1/stats?_t=1761248955098 HTTP/1.1" 200 121 "http://localhost:3000/" "Mozilla/5.0 (Macintosh; Intel Mac OS X 10_15_7) AppleWebKit/537.36 (KHTML, like Gecko) Chrome/141.0.0.0 Safari/537.36"[39m
2025-10-23 22:49:17:4917 [35mhttp[39m: [35m::1 - - [23/Oct/2025:19:49:17 +0000] "POST /api/v1/auth/login HTTP/1.1" 200 387 "http://localhost:3000/" "Mozilla/5.0 (Macintosh; Intel Mac OS X 10_15_7) AppleWebKit/537.36 (KHTML, like Gecko) Chrome/141.0.0.0 Safari/537.36"[39m
2025-10-23 22:49:19:4919 [35mhttp[39m: [35m::1 - - [23/Oct/2025:19:49:19 +0000] "GET /api/v1/campaigns/featured?_t=1761248959064 HTTP/1.1" 200 2889 "http://localhost:3000/" "Mozilla/5.0 (Macintosh; Intel Mac OS X 10_15_7) AppleWebKit/537.36 (KHTML, like Gecko) Chrome/141.0.0.0 Safari/537.36"[39m
2025-10-23 22:49:19:4919 [35mhttp[39m: [35m::1 - - [23/Oct/2025:19:49:19 +0000] "GET /api/v1/campaigns/featured?_t=1761248959063 HTTP/1.1" 200 2889 "http://localhost:3000/" "Mozilla/5.0 (Macintosh; Intel Mac OS X 10_15_7) AppleWebKit/537.36 (KHTML, like Gecko) Chrome/141.0.0.0 Safari/537.36"[39m
2025-10-23 22:49:19:4919 [35mhttp[39m: [35m::1 - - [23/Oct/2025:19:49:19 +0000] "GET /api/v1/campaigns?category=&status=&search=&page=1&limit=12 HTTP/1.1" 200 7992 "http://localhost:3000/" "Mozilla/5.0 (Macintosh; Intel Mac OS X 10_15_7) AppleWebKit/537.36 (KHTML, like Gecko) Chrome/141.0.0.0 Safari/537.36"[39m
2025-10-23 22:49:19:4919 [35mhttp[39m: [35m::1 - - [23/Oct/2025:19:49:19 +0000] "GET /api/v1/campaigns?category=&status=&search=&page=1&limit=12 HTTP/1.1" 304 - "http://localhost:3000/" "Mozilla/5.0 (Macintosh; Intel Mac OS X 10_15_7) AppleWebKit/537.36 (KHTML, like Gecko) Chrome/141.0.0.0 Safari/537.36"[39m
2025-10-23 22:49:19:4919 [35mhttp[39m: [35m::1 - - [23/Oct/2025:19:49:19 +0000] "GET /api/v1/user-campaigns/my-campaigns?page=1&limit=12&_t=1761248959541 HTTP/1.1" 200 555 "http://localhost:3000/" "Mozilla/5.0 (Macintosh; Intel Mac OS X 10_15_7) AppleWebKit/537.36 (KHTML, like Gecko) Chrome/141.0.0.0 Safari/537.36"[39m
2025-10-23 22:49:19:4919 [35mhttp[39m: [35m::1 - - [23/Oct/2025:19:49:19 +0000] "GET /api/v1/user-campaigns/my-campaigns?page=1&limit=12&_t=1761248959541 HTTP/1.1" 304 - "http://localhost:3000/" "Mozilla/5.0 (Macintosh; Intel Mac OS X 10_15_7) AppleWebKit/537.36 (KHTML, like Gecko) Chrome/141.0.0.0 Safari/537.36"[39m
2025-10-23 22:49:22:4922 [35mhttp[39m: [35m::1 - - [23/Oct/2025:19:49:22 +0000] "GET /api/v1/users/profile?_t=1761248962840 HTTP/1.1" 200 315 "http://localhost:3000/" "Mozilla/5.0 (Macintosh; Intel Mac OS X 10_15_7) AppleWebKit/537.36 (KHTML, like Gecko) Chrome/141.0.0.0 Safari/537.36"[39m
2025-10-23 22:49:22:4922 [35mhttp[39m: [35m::1 - - [23/Oct/2025:19:49:22 +0000] "GET /api/v1/user-campaigns/my-campaigns?page=1&limit=12&_t=1761248962839 HTTP/1.1" 200 555 "http://localhost:3000/" "Mozilla/5.0 (Macintosh; Intel Mac OS X 10_15_7) AppleWebKit/537.36 (KHTML, like Gecko) Chrome/141.0.0.0 Safari/537.36"[39m
2025-10-23 22:49:22:4922 [35mhttp[39m: [35m::1 - - [23/Oct/2025:19:49:22 +0000] "GET /api/v1/user-campaigns/my-campaigns?page=1&limit=12&_t=1761248962840 HTTP/1.1" 200 555 "http://localhost:3000/" "Mozilla/5.0 (Macintosh; Intel Mac OS X 10_15_7) AppleWebKit/537.36 (KHTML, like Gecko) Chrome/141.0.0.0 Safari/537.36"[39m
2025-10-23 22:49:22:4922 [35mhttp[39m: [35m::1 - - [23/Oct/2025:19:49:22 +0000] "GET /api/v1/users/profile?_t=1761248962840 HTTP/1.1" 304 - "http://localhost:3000/" "Mozilla/5.0 (Macintosh; Intel Mac OS X 10_15_7) AppleWebKit/537.36 (KHTML, like Gecko) Chrome/141.0.0.0 Safari/537.36"[39m
2025-10-23 22:49:24:4924 [35mhttp[39m: [35m::1 - - [23/Oct/2025:19:49:24 +0000] "GET /api/v1/user-campaigns/my-campaigns?page=1&limit=12&_t=1761248964828 HTTP/1.1" 200 555 "http://localhost:3000/" "Mozilla/5.0 (Macintosh; Intel Mac OS X 10_15_7) AppleWebKit/537.36 (KHTML, like Gecko) Chrome/141.0.0.0 Safari/537.36"[39m
2025-10-23 22:49:24:4924 [35mhttp[39m: [35m::1 - - [23/Oct/2025:19:49:24 +0000] "GET /api/v1/users/profile?_t=1761248964828 HTTP/1.1" 200 315 "http://localhost:3000/" "Mozilla/5.0 (Macintosh; Intel Mac OS X 10_15_7) AppleWebKit/537.36 (KHTML, like Gecko) Chrome/141.0.0.0 Safari/537.36"[39m
2025-10-23 22:49:24:4924 [35mhttp[39m: [35m::1 - - [23/Oct/2025:19:49:24 +0000] "GET /api/v1/user-campaigns/my-campaigns?page=1&limit=12&_t=1761248964829 HTTP/1.1" 200 555 "http://localhost:3000/" "Mozilla/5.0 (Macintosh; Intel Mac OS X 10_15_7) AppleWebKit/537.36 (KHTML, like Gecko) Chrome/141.0.0.0 Safari/537.36"[39m
2025-10-23 22:49:24:4924 [35mhttp[39m: [35m::1 - - [23/Oct/2025:19:49:24 +0000] "GET /api/v1/users/profile?_t=1761248964829 HTTP/1.1" 200 315 "http://localhost:3000/" "Mozilla/5.0 (Macintosh; Intel Mac OS X 10_15_7) AppleWebKit/537.36 (KHTML, like Gecko) Chrome/141.0.0.0 Safari/537.36"[39m
2025-10-23 22:49:33:4933 [35mhttp[39m: [35m::1 - - [23/Oct/2025:19:49:33 +0000] "GET /api/v1/campaigns/featured?_t=1761248973988 HTTP/1.1" 200 2889 "http://localhost:3000/" "Mozilla/5.0 (Macintosh; Intel Mac OS X 10_15_7) AppleWebKit/537.36 (KHTML, like Gecko) Chrome/141.0.0.0 Safari/537.36"[39m
2025-10-23 22:49:33:4933 [35mhttp[39m: [35m::1 - - [23/Oct/2025:19:49:33 +0000] "GET /api/v1/campaigns/trending?_t=1761248973988 HTTP/1.1" 200 2973 "http://localhost:3000/" "Mozilla/5.0 (Macintosh; Intel Mac OS X 10_15_7) AppleWebKit/537.36 (KHTML, like Gecko) Chrome/141.0.0.0 Safari/537.36"[39m
2025-10-23 22:49:33:4933 [35mhttp[39m: [35m::1 - - [23/Oct/2025:19:49:33 +0000] "GET /api/v1/campaigns/trending?_t=1761248973989 HTTP/1.1" 200 2973 "http://localhost:3000/" "Mozilla/5.0 (Macintosh; Intel Mac OS X 10_15_7) AppleWebKit/537.36 (KHTML, like Gecko) Chrome/141.0.0.0 Safari/537.36"[39m
2025-10-23 22:49:33:4933 [35mhttp[39m: [35m::1 - - [23/Oct/2025:19:49:33 +0000] "GET /api/v1/stats?_t=1761248973988 HTTP/1.1" 200 121 "http://localhost:3000/" "Mozilla/5.0 (Macintosh; Intel Mac OS X 10_15_7) AppleWebKit/537.36 (KHTML, like Gecko) Chrome/141.0.0.0 Safari/537.36"[39m
2025-10-23 22:49:33:4933 [35mhttp[39m: [35m::1 - - [23/Oct/2025:19:49:33 +0000] "GET /api/v1/campaigns/featured?_t=1761248973989 HTTP/1.1" 200 2889 "http://localhost:3000/" "Mozilla/5.0 (Macintosh; Intel Mac OS X 10_15_7) AppleWebKit/537.36 (KHTML, like Gecko) Chrome/141.0.0.0 Safari/537.36"[39m
2025-10-23 22:49:33:4933 [35mhttp[39m: [35m::1 - - [23/Oct/2025:19:49:33 +0000] "GET /api/v1/stats?_t=1761248973989 HTTP/1.1" 200 121 "http://localhost:3000/" "Mozilla/5.0 (Macintosh; Intel Mac OS X 10_15_7) AppleWebKit/537.36 (KHTML, like Gecko) Chrome/141.0.0.0 Safari/537.36"[39m
2025-10-23 22:49:36:4936 [35mhttp[39m: [35m::1 - - [23/Oct/2025:19:49:36 +0000] "POST /api/v1/auth/login HTTP/1.1" 200 387 "http://localhost:3000/" "Mozilla/5.0 (Macintosh; Intel Mac OS X 10_15_7) AppleWebKit/537.36 (KHTML, like Gecko) Chrome/141.0.0.0 Safari/537.36"[39m
2025-10-23 22:49:38:4938 [35mhttp[39m: [35m::1 - - [23/Oct/2025:19:49:38 +0000] "GET /api/v1/campaigns/featured?_t=1761248978153 HTTP/1.1" 200 2889 "http://localhost:3000/" "Mozilla/5.0 (Macintosh; Intel Mac OS X 10_15_7) AppleWebKit/537.36 (KHTML, like Gecko) Chrome/141.0.0.0 Safari/537.36"[39m
2025-10-23 22:49:38:4938 [35mhttp[39m: [35m::1 - - [23/Oct/2025:19:49:38 +0000] "GET /api/v1/campaigns?category=&status=&search=&page=1&limit=12 HTTP/1.1" 200 7992 "http://localhost:3000/" "Mozilla/5.0 (Macintosh; Intel Mac OS X 10_15_7) AppleWebKit/537.36 (KHTML, like Gecko) Chrome/141.0.0.0 Safari/537.36"[39m
2025-10-23 22:49:38:4938 [35mhttp[39m: [35m::1 - - [23/Oct/2025:19:49:38 +0000] "GET /api/v1/campaigns/featured?_t=1761248978153 HTTP/1.1" 304 - "http://localhost:3000/" "Mozilla/5.0 (Macintosh; Intel Mac OS X 10_15_7) AppleWebKit/537.36 (KHTML, like Gecko) Chrome/141.0.0.0 Safari/537.36"[39m
2025-10-23 22:49:38:4938 [35mhttp[39m: [35m::1 - - [23/Oct/2025:19:49:38 +0000] "GET /api/v1/campaigns?category=&status=&search=&page=1&limit=12 HTTP/1.1" 304 - "http://localhost:3000/" "Mozilla/5.0 (Macintosh; Intel Mac OS X 10_15_7) AppleWebKit/537.36 (KHTML, like Gecko) Chrome/141.0.0.0 Safari/537.36"[39m
2025-10-23 22:49:47:4947 [35mhttp[39m: [35m::1 - - [23/Oct/2025:19:49:47 +0000] "GET /api/v1/user-campaigns/my-campaigns?page=1&limit=12&_t=1761248987737 HTTP/1.1" 200 555 "http://localhost:3000/" "Mozilla/5.0 (Macintosh; Intel Mac OS X 10_15_7) AppleWebKit/537.36 (KHTML, like Gecko) Chrome/141.0.0.0 Safari/537.36"[39m
2025-10-23 22:49:47:4947 [35mhttp[39m: [35m::1 - - [23/Oct/2025:19:49:47 +0000] "GET /api/v1/user-campaigns/my-campaigns?page=1&limit=12&_t=1761248987737 HTTP/1.1" 304 - "http://localhost:3000/" "Mozilla/5.0 (Macintosh; Intel Mac OS X 10_15_7) AppleWebKit/537.36 (KHTML, like Gecko) Chrome/141.0.0.0 Safari/537.36"[39m
2025-10-23 22:49:50:4950 [35mhttp[39m: [35m::1 - - [23/Oct/2025:19:49:50 +0000] "GET /api/v1/user-campaigns/my-campaigns?page=1&limit=12&_t=1761248990980 HTTP/1.1" 200 555 "http://localhost:3000/" "Mozilla/5.0 (Macintosh; Intel Mac OS X 10_15_7) AppleWebKit/537.36 (KHTML, like Gecko) Chrome/141.0.0.0 Safari/537.36"[39m
2025-10-23 22:49:50:4950 [35mhttp[39m: [35m::1 - - [23/Oct/2025:19:49:50 +0000] "GET /api/v1/user-campaigns/my-campaigns?page=1&limit=12&_t=1761248990982 HTTP/1.1" 200 555 "http://localhost:3000/" "Mozilla/5.0 (Macintosh; Intel Mac OS X 10_15_7) AppleWebKit/537.36 (KHTML, like Gecko) Chrome/141.0.0.0 Safari/537.36"[39m
2025-10-23 22:49:50:4950 [35mhttp[39m: [35m::1 - - [23/Oct/2025:19:49:50 +0000] "GET /api/v1/users/profile?_t=1761248990981 HTTP/1.1" 200 315 "http://localhost:3000/" "Mozilla/5.0 (Macintosh; Intel Mac OS X 10_15_7) AppleWebKit/537.36 (KHTML, like Gecko) Chrome/141.0.0.0 Safari/537.36"[39m
2025-10-23 22:49:50:4950 [35mhttp[39m: [35m::1 - - [23/Oct/2025:19:49:50 +0000] "GET /api/v1/users/profile?_t=1761248990982 HTTP/1.1" 200 315 "http://localhost:3000/" "Mozilla/5.0 (Macintosh; Intel Mac OS X 10_15_7) AppleWebKit/537.36 (KHTML, like Gecko) Chrome/141.0.0.0 Safari/537.36"[39m
2025-10-23 22:50:24:5024 [35mhttp[39m: [35m::1 - - [23/Oct/2025:19:50:24 +0000] "GET /api/v1/users/profile?_t=1761249024440 HTTP/1.1" 200 315 "http://localhost:3000/" "Mozilla/5.0 (Macintosh; Intel Mac OS X 10_15_7) AppleWebKit/537.36 (KHTML, like Gecko) Chrome/141.0.0.0 Safari/537.36"[39m
2025-10-23 22:50:24:5024 [35mhttp[39m: [35m::1 - - [23/Oct/2025:19:50:24 +0000] "GET /api/v1/user-campaigns/my-campaigns?page=1&limit=12&_t=1761249024439 HTTP/1.1" 200 555 "http://localhost:3000/" "Mozilla/5.0 (Macintosh; Intel Mac OS X 10_15_7) AppleWebKit/537.36 (KHTML, like Gecko) Chrome/141.0.0.0 Safari/537.36"[39m
2025-10-23 22:50:24:5024 [35mhttp[39m: [35m::1 - - [23/Oct/2025:19:50:24 +0000] "GET /api/v1/users/profile?_t=1761249024441 HTTP/1.1" 200 315 "http://localhost:3000/" "Mozilla/5.0 (Macintosh; Intel Mac OS X 10_15_7) AppleWebKit/537.36 (KHTML, like Gecko) Chrome/141.0.0.0 Safari/537.36"[39m
2025-10-23 22:50:24:5024 [35mhttp[39m: [35m::1 - - [23/Oct/2025:19:50:24 +0000] "GET /api/v1/user-campaigns/my-campaigns?page=1&limit=12&_t=1761249024441 HTTP/1.1" 200 555 "http://localhost:3000/" "Mozilla/5.0 (Macintosh; Intel Mac OS X 10_15_7) AppleWebKit/537.36 (KHTML, like Gecko) Chrome/141.0.0.0 Safari/537.36"[39m
2025-10-23 22:50:25:5025 [35mhttp[39m: [35m::1 - - [23/Oct/2025:19:50:25 +0000] "GET /api/v1/user-campaigns/my-campaigns?page=1&limit=12&_t=1761249025991 HTTP/1.1" 200 555 "http://localhost:3000/" "Mozilla/5.0 (Macintosh; Intel Mac OS X 10_15_7) AppleWebKit/537.36 (KHTML, like Gecko) Chrome/141.0.0.0 Safari/537.36"[39m
2025-10-23 22:50:25:5025 [35mhttp[39m: [35m::1 - - [23/Oct/2025:19:50:25 +0000] "GET /api/v1/user-campaigns/my-campaigns?page=1&limit=12&_t=1761249025992 HTTP/1.1" 200 555 "http://localhost:3000/" "Mozilla/5.0 (Macintosh; Intel Mac OS X 10_15_7) AppleWebKit/537.36 (KHTML, like Gecko) Chrome/141.0.0.0 Safari/537.36"[39m
2025-10-23 22:50:43:5043 [35mhttp[39m: [35m::1 - - [23/Oct/2025:19:50:43 +0000] "GET /api/v1/user-campaigns/my-campaigns?page=1&limit=12&_t=1761249043267 HTTP/1.1" 200 555 "http://localhost:3000/" "Mozilla/5.0 (Macintosh; Intel Mac OS X 10_15_7) AppleWebKit/537.36 (KHTML, like Gecko) Chrome/141.0.0.0 Safari/537.36"[39m
2025-10-23 22:50:43:5043 [35mhttp[39m: [35m::1 - - [23/Oct/2025:19:50:43 +0000] "GET /api/v1/users/profile?_t=1761249043267 HTTP/1.1" 200 315 "http://localhost:3000/" "Mozilla/5.0 (Macintosh; Intel Mac OS X 10_15_7) AppleWebKit/537.36 (KHTML, like Gecko) Chrome/141.0.0.0 Safari/537.36"[39m
2025-10-23 22:50:43:5043 [35mhttp[39m: [35m::1 - - [23/Oct/2025:19:50:43 +0000] "GET /api/v1/user-campaigns/my-campaigns?page=1&limit=12&_t=1761249043268 HTTP/1.1" 200 555 "http://localhost:3000/" "Mozilla/5.0 (Macintosh; Intel Mac OS X 10_15_7) AppleWebKit/537.36 (KHTML, like Gecko) Chrome/141.0.0.0 Safari/537.36"[39m
2025-10-23 22:50:43:5043 [35mhttp[39m: [35m::1 - - [23/Oct/2025:19:50:43 +0000] "GET /api/v1/users/profile?_t=1761249043268 HTTP/1.1" 200 315 "http://localhost:3000/" "Mozilla/5.0 (Macintosh; Intel Mac OS X 10_15_7) AppleWebKit/537.36 (KHTML, like Gecko) Chrome/141.0.0.0 Safari/537.36"[39m
2025-10-23 22:50:46:5046 [35mhttp[39m: [35m::1 - - [23/Oct/2025:19:50:46 +0000] "POST /api/v1/auth/login HTTP/1.1" 200 387 "http://localhost:3000/" "Mozilla/5.0 (Macintosh; Intel Mac OS X 10_15_7) AppleWebKit/537.36 (KHTML, like Gecko) Chrome/141.0.0.0 Safari/537.36"[39m
2025-10-23 22:50:47:5047 [35mhttp[39m: [35m::1 - - [23/Oct/2025:19:50:47 +0000] "GET /api/v1/user-campaigns/my-campaigns?page=1&limit=12&_t=1761249047786 HTTP/1.1" 200 555 "http://localhost:3000/" "Mozilla/5.0 (Macintosh; Intel Mac OS X 10_15_7) AppleWebKit/537.36 (KHTML, like Gecko) Chrome/141.0.0.0 Safari/537.36"[39m
2025-10-23 22:50:47:5047 [35mhttp[39m: [35m::1 - - [23/Oct/2025:19:50:47 +0000] "GET /api/v1/user-campaigns/my-campaigns?page=1&limit=12&_t=1761249047787 HTTP/1.1" 200 555 "http://localhost:3000/" "Mozilla/5.0 (Macintosh; Intel Mac OS X 10_15_7) AppleWebKit/537.36 (KHTML, like Gecko) Chrome/141.0.0.0 Safari/537.36"[39m
2025-10-23 22:50:48:5048 [35mhttp[39m: [35m::1 - - [23/Oct/2025:19:50:48 +0000] "GET /api/v1/campaigns/featured?_t=1761249048555 HTTP/1.1" 200 2889 "http://localhost:3000/" "Mozilla/5.0 (Macintosh; Intel Mac OS X 10_15_7) AppleWebKit/537.36 (KHTML, like Gecko) Chrome/141.0.0.0 Safari/537.36"[39m
2025-10-23 22:50:48:5048 [35mhttp[39m: [35m::1 - - [23/Oct/2025:19:50:48 +0000] "GET /api/v1/campaigns?category=&status=&search=&page=1&limit=12 HTTP/1.1" 304 - "http://localhost:3000/" "Mozilla/5.0 (Macintosh; Intel Mac OS X 10_15_7) AppleWebKit/537.36 (KHTML, like Gecko) Chrome/141.0.0.0 Safari/537.36"[39m
2025-10-23 22:50:48:5048 [35mhttp[39m: [35m::1 - - [23/Oct/2025:19:50:48 +0000] "GET /api/v1/campaigns/featured?_t=1761249048555 HTTP/1.1" 304 - "http://localhost:3000/" "Mozilla/5.0 (Macintosh; Intel Mac OS X 10_15_7) AppleWebKit/537.36 (KHTML, like Gecko) Chrome/141.0.0.0 Safari/537.36"[39m
2025-10-23 22:50:48:5048 [35mhttp[39m: [35m::1 - - [23/Oct/2025:19:50:48 +0000] "GET /api/v1/campaigns?category=&status=&search=&page=1&limit=12 HTTP/1.1" 304 - "http://localhost:3000/" "Mozilla/5.0 (Macintosh; Intel Mac OS X 10_15_7) AppleWebKit/537.36 (KHTML, like Gecko) Chrome/141.0.0.0 Safari/537.36"[39m
2025-10-23 22:50:50:5050 [35mhttp[39m: [35m::1 - - [23/Oct/2025:19:50:50 +0000] "GET /api/v1/user-campaigns/my-campaigns?page=1&limit=12&_t=1761249050154 HTTP/1.1" 200 555 "http://localhost:3000/" "Mozilla/5.0 (Macintosh; Intel Mac OS X 10_15_7) AppleWebKit/537.36 (KHTML, like Gecko) Chrome/141.0.0.0 Safari/537.36"[39m
2025-10-23 22:50:50:5050 [35mhttp[39m: [35m::1 - - [23/Oct/2025:19:50:50 +0000] "GET /api/v1/user-campaigns/my-campaigns?page=1&limit=12&_t=1761249050155 HTTP/1.1" 200 555 "http://localhost:3000/" "Mozilla/5.0 (Macintosh; Intel Mac OS X 10_15_7) AppleWebKit/537.36 (KHTML, like Gecko) Chrome/141.0.0.0 Safari/537.36"[39m
2025-10-23 22:50:51:5051 [35mhttp[39m: [35m::1 - - [23/Oct/2025:19:50:51 +0000] "GET /api/v1/user-campaigns/my-campaigns?page=1&limit=12&_t=1761249051607 HTTP/1.1" 200 555 "http://localhost:3000/" "Mozilla/5.0 (Macintosh; Intel Mac OS X 10_15_7) AppleWebKit/537.36 (KHTML, like Gecko) Chrome/141.0.0.0 Safari/537.36"[39m
2025-10-23 22:50:51:5051 [35mhttp[39m: [35m::1 - - [23/Oct/2025:19:50:51 +0000] "GET /api/v1/users/profile?_t=1761249051607 HTTP/1.1" 200 315 "http://localhost:3000/" "Mozilla/5.0 (Macintosh; Intel Mac OS X 10_15_7) AppleWebKit/537.36 (KHTML, like Gecko) Chrome/141.0.0.0 Safari/537.36"[39m
2025-10-23 22:50:51:5051 [35mhttp[39m: [35m::1 - - [23/Oct/2025:19:50:51 +0000] "GET /api/v1/user-campaigns/my-campaigns?page=1&limit=12&_t=1761249051608 HTTP/1.1" 200 555 "http://localhost:3000/" "Mozilla/5.0 (Macintosh; Intel Mac OS X 10_15_7) AppleWebKit/537.36 (KHTML, like Gecko) Chrome/141.0.0.0 Safari/537.36"[39m
2025-10-23 22:50:51:5051 [35mhttp[39m: [35m::1 - - [23/Oct/2025:19:50:51 +0000] "GET /api/v1/users/profile?_t=1761249051608 HTTP/1.1" 200 315 "http://localhost:3000/" "Mozilla/5.0 (Macintosh; Intel Mac OS X 10_15_7) AppleWebKit/537.36 (KHTML, like Gecko) Chrome/141.0.0.0 Safari/537.36"[39m
2025-10-23 22:50:53:5053 [35mhttp[39m: [35m::1 - - [23/Oct/2025:19:50:53 +0000] "GET /api/v1/user-campaigns/my-campaigns?page=1&limit=12&_t=1761249053580 HTTP/1.1" 200 555 "http://localhost:3000/" "Mozilla/5.0 (Macintosh; Intel Mac OS X 10_15_7) AppleWebKit/537.36 (KHTML, like Gecko) Chrome/141.0.0.0 Safari/537.36"[39m
2025-10-23 22:50:53:5053 [35mhttp[39m: [35m::1 - - [23/Oct/2025:19:50:53 +0000] "GET /api/v1/user-campaigns/my-campaigns?page=1&limit=12&_t=1761249053581 HTTP/1.1" 200 555 "http://localhost:3000/" "Mozilla/5.0 (Macintosh; Intel Mac OS X 10_15_7) AppleWebKit/537.36 (KHTML, like Gecko) Chrome/141.0.0.0 Safari/537.36"[39m
2025-10-23 22:50:53:5053 [35mhttp[39m: [35m::1 - - [23/Oct/2025:19:50:53 +0000] "GET /api/v1/users/profile?_t=1761249053581 HTTP/1.1" 200 315 "http://localhost:3000/" "Mozilla/5.0 (Macintosh; Intel Mac OS X 10_15_7) AppleWebKit/537.36 (KHTML, like Gecko) Chrome/141.0.0.0 Safari/537.36"[39m
2025-10-23 22:50:53:5053 [35mhttp[39m: [35m::1 - - [23/Oct/2025:19:50:53 +0000] "GET /api/v1/users/profile?_t=1761249053581 HTTP/1.1" 304 - "http://localhost:3000/" "Mozilla/5.0 (Macintosh; Intel Mac OS X 10_15_7) AppleWebKit/537.36 (KHTML, like Gecko) Chrome/141.0.0.0 Safari/537.36"[39m
2025-10-23 22:50:56:5056 [35mhttp[39m: [35m::1 - - [23/Oct/2025:19:50:56 +0000] "PUT /api/v1/campaigns/af006541-5d0f-4297-b60c-7795847884da HTTP/1.1" 200 367 "http://localhost:3000/" "Mozilla/5.0 (Macintosh; Intel Mac OS X 10_15_7) AppleWebKit/537.36 (KHTML, like Gecko) Chrome/141.0.0.0 Safari/537.36"[39m
2025-10-23 22:50:56:5056 [35mhttp[39m: [35m::1 - - [23/Oct/2025:19:50:56 +0000] "GET /api/v1/user-campaigns/my-campaigns?page=1&limit=12&_t=1761249056382 HTTP/1.1" 200 555 "http://localhost:3000/" "Mozilla/5.0 (Macintosh; Intel Mac OS X 10_15_7) AppleWebKit/537.36 (KHTML, like Gecko) Chrome/141.0.0.0 Safari/537.36"[39m
2025-10-23 22:51:03:513 [35mhttp[39m: [35m::1 - - [23/Oct/2025:19:51:03 +0000] "PUT /api/v1/campaigns/af006541-5d0f-4297-b60c-7795847884da HTTP/1.1" 200 367 "http://localhost:3000/" "Mozilla/5.0 (Macintosh; Intel Mac OS X 10_15_7) AppleWebKit/537.36 (KHTML, like Gecko) Chrome/141.0.0.0 Safari/537.36"[39m
2025-10-23 22:51:03:513 [35mhttp[39m: [35m::1 - - [23/Oct/2025:19:51:03 +0000] "GET /api/v1/user-campaigns/my-campaigns?page=1&limit=12&_t=1761249063812 HTTP/1.1" 200 555 "http://localhost:3000/" "Mozilla/5.0 (Macintosh; Intel Mac OS X 10_15_7) AppleWebKit/537.36 (KHTML, like Gecko) Chrome/141.0.0.0 Safari/537.36"[39m
2025-10-23 22:51:24:5124 [35mhttp[39m: [35m::1 - - [23/Oct/2025:19:51:24 +0000] "GET /api/v1/user-campaigns/my-campaigns?page=1&limit=12&_t=1761249084011 HTTP/1.1" 200 555 "http://localhost:3000/" "Mozilla/5.0 (Macintosh; Intel Mac OS X 10_15_7) AppleWebKit/537.36 (KHTML, like Gecko) Chrome/141.0.0.0 Safari/537.36"[39m
2025-10-23 22:51:24:5124 [35mhttp[39m: [35m::1 - - [23/Oct/2025:19:51:24 +0000] "GET /api/v1/user-campaigns/my-campaigns?page=1&limit=12&_t=1761249084013 HTTP/1.1" 200 555 "http://localhost:3000/" "Mozilla/5.0 (Macintosh; Intel Mac OS X 10_15_7) AppleWebKit/537.36 (KHTML, like Gecko) Chrome/141.0.0.0 Safari/537.36"[39m
2025-10-23 22:51:24:5124 [35mhttp[39m: [35m::1 - - [23/Oct/2025:19:51:24 +0000] "GET /api/v1/users/profile?_t=1761249084012 HTTP/1.1" 200 315 "http://localhost:3000/" "Mozilla/5.0 (Macintosh; Intel Mac OS X 10_15_7) AppleWebKit/537.36 (KHTML, like Gecko) Chrome/141.0.0.0 Safari/537.36"[39m
2025-10-23 22:51:24:5124 [35mhttp[39m: [35m::1 - - [23/Oct/2025:19:51:24 +0000] "GET /api/v1/users/profile?_t=1761249084013 HTTP/1.1" 200 315 "http://localhost:3000/" "Mozilla/5.0 (Macintosh; Intel Mac OS X 10_15_7) AppleWebKit/537.36 (KHTML, like Gecko) Chrome/141.0.0.0 Safari/537.36"[39m
2025-10-23 22:51:26:5126 [35mhttp[39m: [35m::1 - - [23/Oct/2025:19:51:26 +0000] "GET /api/v1/campaigns/featured?_t=1761249086148 HTTP/1.1" 200 2889 "http://localhost:3000/" "Mozilla/5.0 (Macintosh; Intel Mac OS X 10_15_7) AppleWebKit/537.36 (KHTML, like Gecko) Chrome/141.0.0.0 Safari/537.36"[39m
2025-10-23 22:51:26:5126 [35mhttp[39m: [35m::1 - - [23/Oct/2025:19:51:26 +0000] "GET /api/v1/campaigns/featured?_t=1761249086149 HTTP/1.1" 200 2889 "http://localhost:3000/" "Mozilla/5.0 (Macintosh; Intel Mac OS X 10_15_7) AppleWebKit/537.36 (KHTML, like Gecko) Chrome/141.0.0.0 Safari/537.36"[39m
2025-10-23 22:51:26:5126 [35mhttp[39m: [35m::1 - - [23/Oct/2025:19:51:26 +0000] "GET /api/v1/campaigns?category=&status=&search=&page=1&limit=12 HTTP/1.1" 304 - "http://localhost:3000/" "Mozilla/5.0 (Macintosh; Intel Mac OS X 10_15_7) AppleWebKit/537.36 (KHTML, like Gecko) Chrome/141.0.0.0 Safari/537.36"[39m
2025-10-23 22:51:26:5126 [35mhttp[39m: [35m::1 - - [23/Oct/2025:19:51:26 +0000] "GET /api/v1/campaigns?category=&status=&search=&page=1&limit=12 HTTP/1.1" 304 - "http://localhost:3000/" "Mozilla/5.0 (Macintosh; Intel Mac OS X 10_15_7) AppleWebKit/537.36 (KHTML, like Gecko) Chrome/141.0.0.0 Safari/537.36"[39m
2025-10-23 22:51:31:5131 [35mhttp[39m: [35m::1 - - [23/Oct/2025:19:51:31 +0000] "GET /api/v1/campaigns/af006541-5d0f-4297-b60c-7795847884da?_t=1761249091834 HTTP/1.1" 200 634 "http://localhost:3000/" "Mozilla/5.0 (Macintosh; Intel Mac OS X 10_15_7) AppleWebKit/537.36 (KHTML, like Gecko) Chrome/141.0.0.0 Safari/537.36"[39m
2025-10-23 22:51:31:5131 [35mhttp[39m: [35m::1 - - [23/Oct/2025:19:51:31 +0000] "GET /api/v1/campaigns/af006541-5d0f-4297-b60c-7795847884da?_t=1761249091832 HTTP/1.1" 200 634 "http://localhost:3000/" "Mozilla/5.0 (Macintosh; Intel Mac OS X 10_15_7) AppleWebKit/537.36 (KHTML, like Gecko) Chrome/141.0.0.0 Safari/537.36"[39m
2025-10-23 22:51:31:5131 [35mhttp[39m: [35m::1 - - [23/Oct/2025:19:51:31 +0000] "GET /api/v1/campaigns/af006541-5d0f-4297-b60c-7795847884da/donations?page=1&limit=10&_t=1761249091833 HTTP/1.1" 200 91 "http://localhost:3000/" "Mozilla/5.0 (Macintosh; Intel Mac OS X 10_15_7) AppleWebKit/537.36 (KHTML, like Gecko) Chrome/141.0.0.0 Safari/537.36"[39m
2025-10-23 22:51:31:5131 [35mhttp[39m: [35m::1 - - [23/Oct/2025:19:51:31 +0000] "GET /api/v1/campaigns/af006541-5d0f-4297-b60c-7795847884da/donations?page=1&limit=10&_t=1761249091834 HTTP/1.1" 200 91 "http://localhost:3000/" "Mozilla/5.0 (Macintosh; Intel Mac OS X 10_15_7) AppleWebKit/537.36 (KHTML, like Gecko) Chrome/141.0.0.0 Safari/537.36"[39m
2025-10-23 22:51:33:5133 [35mhttp[39m: [35m::1 - - [23/Oct/2025:19:51:33 +0000] "GET /api/v1/user-campaigns/my-campaigns?page=1&limit=12&_t=1761249093100 HTTP/1.1" 200 555 "http://localhost:3000/" "Mozilla/5.0 (Macintosh; Intel Mac OS X 10_15_7) AppleWebKit/537.36 (KHTML, like Gecko) Chrome/141.0.0.0 Safari/537.36"[39m
2025-10-23 22:51:33:5133 [35mhttp[39m: [35m::1 - - [23/Oct/2025:19:51:33 +0000] "GET /api/v1/user-campaigns/my-campaigns?page=1&limit=12&_t=1761249093101 HTTP/1.1" 200 555 "http://localhost:3000/" "Mozilla/5.0 (Macintosh; Intel Mac OS X 10_15_7) AppleWebKit/537.36 (KHTML, like Gecko) Chrome/141.0.0.0 Safari/537.36"[39m
2025-10-23 22:51:54:5154 [32minfo[39m: [32mApplication started[39m
2025-10-23 22:52:18:5218 [32minfo[39m: [32mApplication started[39m
2025-10-23 22:52:31:5231 [35mhttp[39m: [35m::1 - - [23/Oct/2025:19:52:31 +0000] "GET /api/v1/users/profile?_t=1761249151091 HTTP/1.1" 200 315 "http://localhost:3000/" "Mozilla/5.0 (Macintosh; Intel Mac OS X 10_15_7) AppleWebKit/537.36 (KHTML, like Gecko) Chrome/141.0.0.0 Safari/537.36"[39m
2025-10-23 22:52:31:5231 [35mhttp[39m: [35m::1 - - [23/Oct/2025:19:52:31 +0000] "GET /api/v1/users/profile?_t=1761249151092 HTTP/1.1" 200 315 "http://localhost:3000/" "Mozilla/5.0 (Macintosh; Intel Mac OS X 10_15_7) AppleWebKit/537.36 (KHTML, like Gecko) Chrome/141.0.0.0 Safari/537.36"[39m
2025-10-23 22:52:32:5232 [35mhttp[39m: [35m::1 - - [23/Oct/2025:19:52:32 +0000] "POST /api/v1/auth/login HTTP/1.1" 200 387 "http://localhost:3000/" "Mozilla/5.0 (Macintosh; Intel Mac OS X 10_15_7) AppleWebKit/537.36 (KHTML, like Gecko) Chrome/141.0.0.0 Safari/537.36"[39m
2025-10-23 22:52:34:5234 [35mhttp[39m: [35m::1 - - [23/Oct/2025:19:52:34 +0000] "GET /api/v1/campaigns/featured?_t=1761249154201 HTTP/1.1" 200 2889 "http://localhost:3000/" "Mozilla/5.0 (Macintosh; Intel Mac OS X 10_15_7) AppleWebKit/537.36 (KHTML, like Gecko) Chrome/141.0.0.0 Safari/537.36"[39m
2025-10-23 22:52:34:5234 [35mhttp[39m: [35m::1 - - [23/Oct/2025:19:52:34 +0000] "GET /api/v1/campaigns/featured?_t=1761249154202 HTTP/1.1" 200 2889 "http://localhost:3000/" "Mozilla/5.0 (Macintosh; Intel Mac OS X 10_15_7) AppleWebKit/537.36 (KHTML, like Gecko) Chrome/141.0.0.0 Safari/537.36"[39m
2025-10-23 22:52:34:5234 [35mhttp[39m: [35m::1 - - [23/Oct/2025:19:52:34 +0000] "GET /api/v1/campaigns?category=&status=&search=&page=1&limit=12 HTTP/1.1" 304 - "http://localhost:3000/" "Mozilla/5.0 (Macintosh; Intel Mac OS X 10_15_7) AppleWebKit/537.36 (KHTML, like Gecko) Chrome/141.0.0.0 Safari/537.36"[39m
2025-10-23 22:52:34:5234 [35mhttp[39m: [35m::1 - - [23/Oct/2025:19:52:34 +0000] "GET /api/v1/campaigns?category=&status=&search=&page=1&limit=12 HTTP/1.1" 304 - "http://localhost:3000/" "Mozilla/5.0 (Macintosh; Intel Mac OS X 10_15_7) AppleWebKit/537.36 (KHTML, like Gecko) Chrome/141.0.0.0 Safari/537.36"[39m
2025-10-23 22:52:35:5235 [35mhttp[39m: [35m::1 - - [23/Oct/2025:19:52:35 +0000] "GET /api/v1/user-campaigns/my-campaigns?page=1&limit=12&_t=1761249155250 HTTP/1.1" 200 555 "http://localhost:3000/" "Mozilla/5.0 (Macintosh; Intel Mac OS X 10_15_7) AppleWebKit/537.36 (KHTML, like Gecko) Chrome/141.0.0.0 Safari/537.36"[39m
2025-10-23 22:52:35:5235 [35mhttp[39m: [35m::1 - - [23/Oct/2025:19:52:35 +0000] "GET /api/v1/user-campaigns/my-campaigns?page=1&limit=12&_t=1761249155251 HTTP/1.1" 200 555 "http://localhost:3000/" "Mozilla/5.0 (Macintosh; Intel Mac OS X 10_15_7) AppleWebKit/537.36 (KHTML, like Gecko) Chrome/141.0.0.0 Safari/537.36"[39m
2025-10-23 22:52:38:5238 [35mhttp[39m: [35m::1 - - [23/Oct/2025:19:52:38 +0000] "GET /api/v1/user-campaigns/my-campaigns?page=1&limit=12&_t=1761249158454 HTTP/1.1" 200 555 "http://localhost:3000/" "Mozilla/5.0 (Macintosh; Intel Mac OS X 10_15_7) AppleWebKit/537.36 (KHTML, like Gecko) Chrome/141.0.0.0 Safari/537.36"[39m
2025-10-23 22:52:38:5238 [35mhttp[39m: [35m::1 - - [23/Oct/2025:19:52:38 +0000] "GET /api/v1/users/profile?_t=1761249158455 HTTP/1.1" 200 315 "http://localhost:3000/" "Mozilla/5.0 (Macintosh; Intel Mac OS X 10_15_7) AppleWebKit/537.36 (KHTML, like Gecko) Chrome/141.0.0.0 Safari/537.36"[39m
2025-10-23 22:52:38:5238 [35mhttp[39m: [35m::1 - - [23/Oct/2025:19:52:38 +0000] "GET /api/v1/users/profile?_t=1761249158456 HTTP/1.1" 200 315 "http://localhost:3000/" "Mozilla/5.0 (Macintosh; Intel Mac OS X 10_15_7) AppleWebKit/537.36 (KHTML, like Gecko) Chrome/141.0.0.0 Safari/537.36"[39m
2025-10-23 22:52:38:5238 [35mhttp[39m: [35m::1 - - [23/Oct/2025:19:52:38 +0000] "GET /api/v1/user-campaigns/my-campaigns?page=1&limit=12&_t=1761249158456 HTTP/1.1" 200 555 "http://localhost:3000/" "Mozilla/5.0 (Macintosh; Intel Mac OS X 10_15_7) AppleWebKit/537.36 (KHTML, like Gecko) Chrome/141.0.0.0 Safari/537.36"[39m
2025-10-23 22:52:42:5242 [35mhttp[39m: [35m::1 - - [23/Oct/2025:19:52:42 +0000] "PUT /api/v1/campaigns/af006541-5d0f-4297-b60c-7795847884da HTTP/1.1" 200 368 "http://localhost:3000/" "Mozilla/5.0 (Macintosh; Intel Mac OS X 10_15_7) AppleWebKit/537.36 (KHTML, like Gecko) Chrome/141.0.0.0 Safari/537.36"[39m
2025-10-23 22:52:42:5242 [35mhttp[39m: [35m::1 - - [23/Oct/2025:19:52:42 +0000] "GET /api/v1/user-campaigns/my-campaigns?page=1&limit=12&_t=1761249162207 HTTP/1.1" 200 556 "http://localhost:3000/" "Mozilla/5.0 (Macintosh; Intel Mac OS X 10_15_7) AppleWebKit/537.36 (KHTML, like Gecko) Chrome/141.0.0.0 Safari/537.36"[39m
2025-10-23 22:52:48:5248 [35mhttp[39m: [35m::1 - - [23/Oct/2025:19:52:48 +0000] "GET /api/v1/campaigns/featured?_t=1761249168220 HTTP/1.1" 200 3357 "http://localhost:3000/" "Mozilla/5.0 (Macintosh; Intel Mac OS X 10_15_7) AppleWebKit/537.36 (KHTML, like Gecko) Chrome/141.0.0.0 Safari/537.36"[39m
2025-10-23 22:52:48:5248 [35mhttp[39m: [35m::1 - - [23/Oct/2025:19:52:48 +0000] "GET /api/v1/campaigns/trending?_t=1761249168220 HTTP/1.1" 200 2973 "http://localhost:3000/" "Mozilla/5.0 (Macintosh; Intel Mac OS X 10_15_7) AppleWebKit/537.36 (KHTML, like Gecko) Chrome/141.0.0.0 Safari/537.36"[39m
2025-10-23 22:52:48:5248 [35mhttp[39m: [35m::1 - - [23/Oct/2025:19:52:48 +0000] "GET /api/v1/campaigns/featured?_t=1761249168221 HTTP/1.1" 200 3357 "http://localhost:3000/" "Mozilla/5.0 (Macintosh; Intel Mac OS X 10_15_7) AppleWebKit/537.36 (KHTML, like Gecko) Chrome/141.0.0.0 Safari/537.36"[39m
2025-10-23 22:52:48:5248 [35mhttp[39m: [35m::1 - - [23/Oct/2025:19:52:48 +0000] "GET /api/v1/campaigns/trending?_t=1761249168221 HTTP/1.1" 200 2973 "http://localhost:3000/" "Mozilla/5.0 (Macintosh; Intel Mac OS X 10_15_7) AppleWebKit/537.36 (KHTML, like Gecko) Chrome/141.0.0.0 Safari/537.36"[39m
2025-10-23 22:52:48:5248 [35mhttp[39m: [35m::1 - - [23/Oct/2025:19:52:48 +0000] "GET /api/v1/stats?_t=1761249168221 HTTP/1.1" 200 121 "http://localhost:3000/" "Mozilla/5.0 (Macintosh; Intel Mac OS X 10_15_7) AppleWebKit/537.36 (KHTML, like Gecko) Chrome/141.0.0.0 Safari/537.36"[39m
2025-10-23 22:52:48:5248 [35mhttp[39m: [35m::1 - - [23/Oct/2025:19:52:48 +0000] "GET /api/v1/stats?_t=1761249168220 HTTP/1.1" 200 121 "http://localhost:3000/" "Mozilla/5.0 (Macintosh; Intel Mac OS X 10_15_7) AppleWebKit/537.36 (KHTML, like Gecko) Chrome/141.0.0.0 Safari/537.36"[39m
2025-10-23 22:52:54:5254 [35mhttp[39m: [35m::1 - - [23/Oct/2025:19:52:54 +0000] "GET /api/v1/campaigns?category=&status=&search=&page=1&limit=12 HTTP/1.1" 200 7993 "http://localhost:3000/" "Mozilla/5.0 (Macintosh; Intel Mac OS X 10_15_7) AppleWebKit/537.36 (KHTML, like Gecko) Chrome/141.0.0.0 Safari/537.36"[39m
2025-10-23 22:52:54:5254 [35mhttp[39m: [35m::1 - - [23/Oct/2025:19:52:54 +0000] "GET /api/v1/campaigns/featured?_t=1761249174367 HTTP/1.1" 200 3357 "http://localhost:3000/" "Mozilla/5.0 (Macintosh; Intel Mac OS X 10_15_7) AppleWebKit/537.36 (KHTML, like Gecko) Chrome/141.0.0.0 Safari/537.36"[39m
2025-10-23 22:52:54:5254 [35mhttp[39m: [35m::1 - - [23/Oct/2025:19:52:54 +0000] "GET /api/v1/campaigns?category=&status=&search=&page=1&limit=12 HTTP/1.1" 304 - "http://localhost:3000/" "Mozilla/5.0 (Macintosh; Intel Mac OS X 10_15_7) AppleWebKit/537.36 (KHTML, like Gecko) Chrome/141.0.0.0 Safari/537.36"[39m
2025-10-23 22:52:54:5254 [35mhttp[39m: [35m::1 - - [23/Oct/2025:19:52:54 +0000] "GET /api/v1/campaigns/featured?_t=1761249174367 HTTP/1.1" 304 - "http://localhost:3000/" "Mozilla/5.0 (Macintosh; Intel Mac OS X 10_15_7) AppleWebKit/537.36 (KHTML, like Gecko) Chrome/141.0.0.0 Safari/537.36"[39m
2025-10-23 22:53:01:531 [35mhttp[39m: [35m::1 - - [23/Oct/2025:19:53:01 +0000] "GET /api/v1/campaigns/af006541-5d0f-4297-b60c-7795847884da?_t=1761249181669 HTTP/1.1" 200 634 "http://localhost:3000/" "Mozilla/5.0 (Macintosh; Intel Mac OS X 10_15_7) AppleWebKit/537.36 (KHTML, like Gecko) Chrome/141.0.0.0 Safari/537.36"[39m
2025-10-23 22:53:01:531 [35mhttp[39m: [35m::1 - - [23/Oct/2025:19:53:01 +0000] "GET /api/v1/campaigns/af006541-5d0f-4297-b60c-7795847884da?_t=1761249181669 HTTP/1.1" 304 - "http://localhost:3000/" "Mozilla/5.0 (Macintosh; Intel Mac OS X 10_15_7) AppleWebKit/537.36 (KHTML, like Gecko) Chrome/141.0.0.0 Safari/537.36"[39m
2025-10-23 22:53:01:531 [35mhttp[39m: [35m::1 - - [23/Oct/2025:19:53:01 +0000] "GET /api/v1/campaigns/af006541-5d0f-4297-b60c-7795847884da/donations?page=1&limit=10&_t=1761249181669 HTTP/1.1" 200 91 "http://localhost:3000/" "Mozilla/5.0 (Macintosh; Intel Mac OS X 10_15_7) AppleWebKit/537.36 (KHTML, like Gecko) Chrome/141.0.0.0 Safari/537.36"[39m
2025-10-23 22:53:01:531 [35mhttp[39m: [35m::1 - - [23/Oct/2025:19:53:01 +0000] "GET /api/v1/campaigns/af006541-5d0f-4297-b60c-7795847884da/donations?page=1&limit=10&_t=1761249181669 HTTP/1.1" 304 - "http://localhost:3000/" "Mozilla/5.0 (Macintosh; Intel Mac OS X 10_15_7) AppleWebKit/537.36 (KHTML, like Gecko) Chrome/141.0.0.0 Safari/537.36"[39m
2025-10-23 22:53:57:5357 [35mhttp[39m: [35m::1 - - [23/Oct/2025:19:53:57 +0000] "POST /api/v1/campaigns/af006541-5d0f-4297-b60c-7795847884da/donations HTTP/1.1" 400 62 "http://localhost:3000/" "Mozilla/5.0 (Macintosh; Intel Mac OS X 10_15_7) AppleWebKit/537.36 (KHTML, like Gecko) Chrome/141.0.0.0 Safari/537.36"[39m
2025-10-23 22:54:10:5410 [35mhttp[39m: [35m::1 - - [23/Oct/2025:19:54:10 +0000] "POST /api/v1/auth/login HTTP/1.1" 200 387 "http://localhost:3000/" "Mozilla/5.0 (Macintosh; Intel Mac OS X 10_15_7) AppleWebKit/537.36 (KHTML, like Gecko) Chrome/141.0.0.0 Safari/537.36"[39m
2025-10-23 22:54:11:5411 [35mhttp[39m: [35m::1 - - [23/Oct/2025:19:54:11 +0000] "GET /api/v1/campaigns/featured?_t=1761249251563 HTTP/1.1" 200 3357 "http://localhost:3000/" "Mozilla/5.0 (Macintosh; Intel Mac OS X 10_15_7) AppleWebKit/537.36 (KHTML, like Gecko) Chrome/141.0.0.0 Safari/537.36"[39m
2025-10-23 22:54:11:5411 [35mhttp[39m: [35m::1 - - [23/Oct/2025:19:54:11 +0000] "GET /api/v1/campaigns?category=&status=&search=&page=1&limit=12 HTTP/1.1" 304 - "http://localhost:3000/" "Mozilla/5.0 (Macintosh; Intel Mac OS X 10_15_7) AppleWebKit/537.36 (KHTML, like Gecko) Chrome/141.0.0.0 Safari/537.36"[39m
2025-10-23 22:54:11:5411 [35mhttp[39m: [35m::1 - - [23/Oct/2025:19:54:11 +0000] "GET /api/v1/campaigns/featured?_t=1761249251563 HTTP/1.1" 304 - "http://localhost:3000/" "Mozilla/5.0 (Macintosh; Intel Mac OS X 10_15_7) AppleWebKit/537.36 (KHTML, like Gecko) Chrome/141.0.0.0 Safari/537.36"[39m
2025-10-23 22:54:11:5411 [35mhttp[39m: [35m::1 - - [23/Oct/2025:19:54:11 +0000] "GET /api/v1/campaigns?category=&status=&search=&page=1&limit=12 HTTP/1.1" 304 - "http://localhost:3000/" "Mozilla/5.0 (Macintosh; Intel Mac OS X 10_15_7) AppleWebKit/537.36 (KHTML, like Gecko) Chrome/141.0.0.0 Safari/537.36"[39m
2025-10-23 22:54:12:5412 [35mhttp[39m: [35m::1 - - [23/Oct/2025:19:54:12 +0000] "GET /api/v1/campaigns/550e8400-e29b-41d4-a716-446655440010/donations?page=1&limit=10&_t=1761249252977 HTTP/1.1" 200 91 "http://localhost:3000/" "Mozilla/5.0 (Macintosh; Intel Mac OS X 10_15_7) AppleWebKit/537.36 (KHTML, like Gecko) Chrome/141.0.0.0 Safari/537.36"[39m
2025-10-23 22:54:13:5413 [35mhttp[39m: [35m::1 - - [23/Oct/2025:19:54:13 +0000] "GET /api/v1/campaigns/550e8400-e29b-41d4-a716-446655440010?_t=1761249252978 HTTP/1.1" 200 872 "http://localhost:3000/" "Mozilla/5.0 (Macintosh; Intel Mac OS X 10_15_7) AppleWebKit/537.36 (KHTML, like Gecko) Chrome/141.0.0.0 Safari/537.36"[39m
2025-10-23 22:54:13:5413 [35mhttp[39m: [35m::1 - - [23/Oct/2025:19:54:13 +0000] "GET /api/v1/campaigns/550e8400-e29b-41d4-a716-446655440010?_t=1761249252977 HTTP/1.1" 200 872 "http://localhost:3000/" "Mozilla/5.0 (Macintosh; Intel Mac OS X 10_15_7) AppleWebKit/537.36 (KHTML, like Gecko) Chrome/141.0.0.0 Safari/537.36"[39m
2025-10-23 22:54:13:5413 [35mhttp[39m: [35m::1 - - [23/Oct/2025:19:54:13 +0000] "GET /api/v1/campaigns/550e8400-e29b-41d4-a716-446655440010/donations?page=1&limit=10&_t=1761249252978 HTTP/1.1" 200 91 "http://localhost:3000/" "Mozilla/5.0 (Macintosh; Intel Mac OS X 10_15_7) AppleWebKit/537.36 (KHTML, like Gecko) Chrome/141.0.0.0 Safari/537.36"[39m
2025-10-23 22:54:17:5417 [33mwarn[39m: [33mBody validation failed[39m
2025-10-23 22:54:17:5417 [33mwarn[39m: [33mClient Error Validation failed: Amount cannot exceed $10,000[39m
2025-10-23 22:54:17:5417 [35mhttp[39m: [35m::1 - - [23/Oct/2025:19:54:17 +0000] "POST /api/v1/campaigns/550e8400-e29b-41d4-a716-446655440010/donations HTTP/1.1" 400 810 "http://localhost:3000/" "Mozilla/5.0 (Macintosh; Intel Mac OS X 10_15_7) AppleWebKit/537.36 (KHTML, like Gecko) Chrome/141.0.0.0 Safari/537.36"[39m
2025-10-23 22:54:25:5425 [35mhttp[39m: [35m::1 - - [23/Oct/2025:19:54:25 +0000] "POST /api/v1/campaigns/550e8400-e29b-41d4-a716-446655440010/donations HTTP/1.1" 201 1208 "http://localhost:3000/" "Mozilla/5.0 (Macintosh; Intel Mac OS X 10_15_7) AppleWebKit/537.36 (KHTML, like Gecko) Chrome/141.0.0.0 Safari/537.36"[39m
2025-10-23 22:54:25:5425 [35mhttp[39m: [35m::1 - - [23/Oct/2025:19:54:25 +0000] "GET /api/v1/campaigns/550e8400-e29b-41d4-a716-446655440010?_t=1761249265304 HTTP/1.1" 200 1248 "http://localhost:3000/" "Mozilla/5.0 (Macintosh; Intel Mac OS X 10_15_7) AppleWebKit/537.36 (KHTML, like Gecko) Chrome/141.0.0.0 Safari/537.36"[39m
2025-10-23 22:54:25:5425 [35mhttp[39m: [35m::1 - - [23/Oct/2025:19:54:25 +0000] "GET /api/v1/campaigns/550e8400-e29b-41d4-a716-446655440010/donations?page=1&limit=10&_t=1761249265312 HTTP/1.1" 200 467 "http://localhost:3000/" "Mozilla/5.0 (Macintosh; Intel Mac OS X 10_15_7) AppleWebKit/537.36 (KHTML, like Gecko) Chrome/141.0.0.0 Safari/537.36"[39m
2025-10-23 22:54:33:5433 [35mhttp[39m: [35m::1 - - [23/Oct/2025:19:54:33 +0000] "GET /api/v1/campaigns/featured?_t=1761249273274 HTTP/1.1" 200 3357 "http://localhost:3000/" "Mozilla/5.0 (Macintosh; Intel Mac OS X 10_15_7) AppleWebKit/537.36 (KHTML, like Gecko) Chrome/141.0.0.0 Safari/537.36"[39m
2025-10-23 22:54:33:5433 [35mhttp[39m: [35m::1 - - [23/Oct/2025:19:54:33 +0000] "GET /api/v1/campaigns/trending?_t=1761249273274 HTTP/1.1" 200 2973 "http://localhost:3000/" "Mozilla/5.0 (Macintosh; Intel Mac OS X 10_15_7) AppleWebKit/537.36 (KHTML, like Gecko) Chrome/141.0.0.0 Safari/537.36"[39m
2025-10-23 22:54:33:5433 [35mhttp[39m: [35m::1 - - [23/Oct/2025:19:54:33 +0000] "GET /api/v1/campaigns/featured?_t=1761249273274 HTTP/1.1" 304 - "http://localhost:3000/" "Mozilla/5.0 (Macintosh; Intel Mac OS X 10_15_7) AppleWebKit/537.36 (KHTML, like Gecko) Chrome/141.0.0.0 Safari/537.36"[39m
2025-10-23 22:54:33:5433 [35mhttp[39m: [35m::1 - - [23/Oct/2025:19:54:33 +0000] "GET /api/v1/campaigns/trending?_t=1761249273274 HTTP/1.1" 304 - "http://localhost:3000/" "Mozilla/5.0 (Macintosh; Intel Mac OS X 10_15_7) AppleWebKit/537.36 (KHTML, like Gecko) Chrome/141.0.0.0 Safari/537.36"[39m
2025-10-23 22:54:33:5433 [35mhttp[39m: [35m::1 - - [23/Oct/2025:19:54:33 +0000] "GET /api/v1/stats?_t=1761249273274 HTTP/1.1" 200 121 "http://localhost:3000/" "Mozilla/5.0 (Macintosh; Intel Mac OS X 10_15_7) AppleWebKit/537.36 (KHTML, like Gecko) Chrome/141.0.0.0 Safari/537.36"[39m
2025-10-23 22:54:33:5433 [35mhttp[39m: [35m::1 - - [23/Oct/2025:19:54:33 +0000] "GET /api/v1/stats?_t=1761249273274 HTTP/1.1" 304 - "http://localhost:3000/" "Mozilla/5.0 (Macintosh; Intel Mac OS X 10_15_7) AppleWebKit/537.36 (KHTML, like Gecko) Chrome/141.0.0.0 Safari/537.36"[39m
2025-10-23 22:54:37:5437 [35mhttp[39m: [35m::1 - - [23/Oct/2025:19:54:37 +0000] "GET /api/v1/user-campaigns/my-campaigns?page=1&limit=12&_t=1761249277084 HTTP/1.1" 200 556 "http://localhost:3000/" "Mozilla/5.0 (Macintosh; Intel Mac OS X 10_15_7) AppleWebKit/537.36 (KHTML, like Gecko) Chrome/141.0.0.0 Safari/537.36"[39m
2025-10-23 22:54:37:5437 [35mhttp[39m: [35m::1 - - [23/Oct/2025:19:54:37 +0000] "GET /api/v1/user-campaigns/my-campaigns?page=1&limit=12&_t=1761249277083 HTTP/1.1" 200 556 "http://localhost:3000/" "Mozilla/5.0 (Macintosh; Intel Mac OS X 10_15_7) AppleWebKit/537.36 (KHTML, like Gecko) Chrome/141.0.0.0 Safari/537.36"[39m
2025-10-23 22:54:50:5450 [35mhttp[39m: [35m::1 - - [23/Oct/2025:19:54:50 +0000] "GET /api/v1/campaigns/af006541-5d0f-4297-b60c-7795847884da/donations?page=1&limit=10&_t=1761249290131 HTTP/1.1" 200 91 "http://localhost:3000/" "Mozilla/5.0 (Macintosh; Intel Mac OS X 10_15_7) AppleWebKit/537.36 (KHTML, like Gecko) Chrome/141.0.0.0 Safari/537.36"[39m
2025-10-23 22:54:50:5450 [35mhttp[39m: [35m::1 - - [23/Oct/2025:19:54:50 +0000] "GET /api/v1/campaigns/af006541-5d0f-4297-b60c-7795847884da/donations?page=1&limit=10&_t=1761249290131 HTTP/1.1" 304 - "http://localhost:3000/" "Mozilla/5.0 (Macintosh; Intel Mac OS X 10_15_7) AppleWebKit/537.36 (KHTML, like Gecko) Chrome/141.0.0.0 Safari/537.36"[39m
2025-10-23 22:54:50:5450 [35mhttp[39m: [35m::1 - - [23/Oct/2025:19:54:50 +0000] "GET /api/v1/campaigns/af006541-5d0f-4297-b60c-7795847884da?_t=1761249290130 HTTP/1.1" 200 634 "http://localhost:3000/" "Mozilla/5.0 (Macintosh; Intel Mac OS X 10_15_7) AppleWebKit/537.36 (KHTML, like Gecko) Chrome/141.0.0.0 Safari/537.36"[39m
2025-10-23 22:54:50:5450 [35mhttp[39m: [35m::1 - - [23/Oct/2025:19:54:50 +0000] "GET /api/v1/campaigns/af006541-5d0f-4297-b60c-7795847884da?_t=1761249290131 HTTP/1.1" 200 634 "http://localhost:3000/" "Mozilla/5.0 (Macintosh; Intel Mac OS X 10_15_7) AppleWebKit/537.36 (KHTML, like Gecko) Chrome/141.0.0.0 Safari/537.36"[39m
2025-10-23 22:54:58:5458 [35mhttp[39m: [35m::1 - - [23/Oct/2025:19:54:58 +0000] "GET /api/v1/campaigns/af006541-5d0f-4297-b60c-7795847884da/donations?page=1&limit=10&_t=1761249298710 HTTP/1.1" 200 91 "http://localhost:3000/" "Mozilla/5.0 (Macintosh; Intel Mac OS X 10_15_7) AppleWebKit/537.36 (KHTML, like Gecko) Chrome/141.0.0.0 Safari/537.36"[39m
2025-10-23 22:54:58:5458 [35mhttp[39m: [35m::1 - - [23/Oct/2025:19:54:58 +0000] "GET /api/v1/campaigns/af006541-5d0f-4297-b60c-7795847884da/donations?page=1&limit=10&_t=1761249298711 HTTP/1.1" 200 91 "http://localhost:3000/" "Mozilla/5.0 (Macintosh; Intel Mac OS X 10_15_7) AppleWebKit/537.36 (KHTML, like Gecko) Chrome/141.0.0.0 Safari/537.36"[39m
2025-10-23 22:54:58:5458 [35mhttp[39m: [35m::1 - - [23/Oct/2025:19:54:58 +0000] "GET /api/v1/users/profile?_t=1761249298711 HTTP/1.1" 200 315 "http://localhost:3000/" "Mozilla/5.0 (Macintosh; Intel Mac OS X 10_15_7) AppleWebKit/537.36 (KHTML, like Gecko) Chrome/141.0.0.0 Safari/537.36"[39m
2025-10-23 22:54:58:5458 [35mhttp[39m: [35m::1 - - [23/Oct/2025:19:54:58 +0000] "GET /api/v1/campaigns/af006541-5d0f-4297-b60c-7795847884da?_t=1761249298710 HTTP/1.1" 200 634 "http://localhost:3000/" "Mozilla/5.0 (Macintosh; Intel Mac OS X 10_15_7) AppleWebKit/537.36 (KHTML, like Gecko) Chrome/141.0.0.0 Safari/537.36"[39m
2025-10-23 22:54:58:5458 [35mhttp[39m: [35m::1 - - [23/Oct/2025:19:54:58 +0000] "GET /api/v1/campaigns/af006541-5d0f-4297-b60c-7795847884da?_t=1761249298711 HTTP/1.1" 200 634 "http://localhost:3000/" "Mozilla/5.0 (Macintosh; Intel Mac OS X 10_15_7) AppleWebKit/537.36 (KHTML, like Gecko) Chrome/141.0.0.0 Safari/537.36"[39m
2025-10-23 22:54:58:5458 [35mhttp[39m: [35m::1 - - [23/Oct/2025:19:54:58 +0000] "GET /api/v1/users/profile?_t=1761249298711 HTTP/1.1" 304 - "http://localhost:3000/" "Mozilla/5.0 (Macintosh; Intel Mac OS X 10_15_7) AppleWebKit/537.36 (KHTML, like Gecko) Chrome/141.0.0.0 Safari/537.36"[39m
2025-10-23 22:55:08:558 [35mhttp[39m: [35m::1 - - [23/Oct/2025:19:55:08 +0000] "GET /api/v1/campaigns/af006541-5d0f-4297-b60c-7795847884da/donations?page=1&limit=10&_t=1761249308965 HTTP/1.1" 200 91 "http://localhost:3000/" "Mozilla/5.0 (Macintosh; Intel Mac OS X 10_15_7) AppleWebKit/537.36 (KHTML, like Gecko) Chrome/141.0.0.0 Safari/537.36"[39m
2025-10-23 22:55:08:558 [35mhttp[39m: [35m::1 - - [23/Oct/2025:19:55:08 +0000] "GET /api/v1/campaigns/af006541-5d0f-4297-b60c-7795847884da/donations?page=1&limit=10&_t=1761249308966 HTTP/1.1" 200 91 "http://localhost:3000/" "Mozilla/5.0 (Macintosh; Intel Mac OS X 10_15_7) AppleWebKit/537.36 (KHTML, like Gecko) Chrome/141.0.0.0 Safari/537.36"[39m
2025-10-23 22:55:08:558 [35mhttp[39m: [35m::1 - - [23/Oct/2025:19:55:08 +0000] "GET /api/v1/users/profile?_t=1761249308965 HTTP/1.1" 200 315 "http://localhost:3000/" "Mozilla/5.0 (Macintosh; Intel Mac OS X 10_15_7) AppleWebKit/537.36 (KHTML, like Gecko) Chrome/141.0.0.0 Safari/537.36"[39m
2025-10-23 22:55:08:558 [35mhttp[39m: [35m::1 - - [23/Oct/2025:19:55:08 +0000] "GET /api/v1/campaigns/af006541-5d0f-4297-b60c-7795847884da?_t=1761249308966 HTTP/1.1" 200 634 "http://localhost:3000/" "Mozilla/5.0 (Macintosh; Intel Mac OS X 10_15_7) AppleWebKit/537.36 (KHTML, like Gecko) Chrome/141.0.0.0 Safari/537.36"[39m
2025-10-23 22:55:08:558 [35mhttp[39m: [35m::1 - - [23/Oct/2025:19:55:08 +0000] "GET /api/v1/campaigns/af006541-5d0f-4297-b60c-7795847884da?_t=1761249308965 HTTP/1.1" 200 634 "http://localhost:3000/" "Mozilla/5.0 (Macintosh; Intel Mac OS X 10_15_7) AppleWebKit/537.36 (KHTML, like Gecko) Chrome/141.0.0.0 Safari/537.36"[39m
2025-10-23 22:55:08:558 [35mhttp[39m: [35m::1 - - [23/Oct/2025:19:55:08 +0000] "GET /api/v1/users/profile?_t=1761249308966 HTTP/1.1" 200 315 "http://localhost:3000/" "Mozilla/5.0 (Macintosh; Intel Mac OS X 10_15_7) AppleWebKit/537.36 (KHTML, like Gecko) Chrome/141.0.0.0 Safari/537.36"[39m
2025-10-23 22:55:22:5522 [35mhttp[39m: [35m::1 - - [23/Oct/2025:19:55:22 +0000] "GET /api/v1/campaigns/af006541-5d0f-4297-b60c-7795847884da/donations?page=1&limit=10&_t=1761249322417 HTTP/1.1" 200 91 "http://localhost:3000/" "Mozilla/5.0 (Macintosh; Intel Mac OS X 10_15_7) AppleWebKit/537.36 (KHTML, like Gecko) Chrome/141.0.0.0 Safari/537.36"[39m
2025-10-23 22:55:22:5522 [35mhttp[39m: [35m::1 - - [23/Oct/2025:19:55:22 +0000] "GET /api/v1/campaigns/af006541-5d0f-4297-b60c-7795847884da/donations?page=1&limit=10&_t=1761249322418 HTTP/1.1" 200 91 "http://localhost:3000/" "Mozilla/5.0 (Macintosh; Intel Mac OS X 10_15_7) AppleWebKit/537.36 (KHTML, like Gecko) Chrome/141.0.0.0 Safari/537.36"[39m
2025-10-23 22:55:22:5522 [35mhttp[39m: [35m::1 - - [23/Oct/2025:19:55:22 +0000] "GET /api/v1/users/profile?_t=1761249322417 HTTP/1.1" 200 315 "http://localhost:3000/" "Mozilla/5.0 (Macintosh; Intel Mac OS X 10_15_7) AppleWebKit/537.36 (KHTML, like Gecko) Chrome/141.0.0.0 Safari/537.36"[39m
2025-10-23 22:55:22:5522 [35mhttp[39m: [35m::1 - - [23/Oct/2025:19:55:22 +0000] "GET /api/v1/campaigns/af006541-5d0f-4297-b60c-7795847884da?_t=1761249322418 HTTP/1.1" 200 634 "http://localhost:3000/" "Mozilla/5.0 (Macintosh; Intel Mac OS X 10_15_7) AppleWebKit/537.36 (KHTML, like Gecko) Chrome/141.0.0.0 Safari/537.36"[39m
2025-10-23 22:55:22:5522 [35mhttp[39m: [35m::1 - - [23/Oct/2025:19:55:22 +0000] "GET /api/v1/campaigns/af006541-5d0f-4297-b60c-7795847884da?_t=1761249322417 HTTP/1.1" 200 634 "http://localhost:3000/" "Mozilla/5.0 (Macintosh; Intel Mac OS X 10_15_7) AppleWebKit/537.36 (KHTML, like Gecko) Chrome/141.0.0.0 Safari/537.36"[39m
2025-10-23 22:55:22:5522 [35mhttp[39m: [35m::1 - - [23/Oct/2025:19:55:22 +0000] "GET /api/v1/users/profile?_t=1761249322418 HTTP/1.1" 200 315 "http://localhost:3000/" "Mozilla/5.0 (Macintosh; Intel Mac OS X 10_15_7) AppleWebKit/537.36 (KHTML, like Gecko) Chrome/141.0.0.0 Safari/537.36"[39m
2025-10-23 22:55:31:5531 [35mhttp[39m: [35m::1 - - [23/Oct/2025:19:55:31 +0000] "GET /api/v1/campaigns/af006541-5d0f-4297-b60c-7795847884da/donations?page=1&limit=10&_t=1761249331837 HTTP/1.1" 200 91 "http://localhost:3000/" "Mozilla/5.0 (Macintosh; Intel Mac OS X 10_15_7) AppleWebKit/537.36 (KHTML, like Gecko) Chrome/141.0.0.0 Safari/537.36"[39m
2025-10-23 22:55:31:5531 [35mhttp[39m: [35m::1 - - [23/Oct/2025:19:55:31 +0000] "GET /api/v1/campaigns/af006541-5d0f-4297-b60c-7795847884da/donations?page=1&limit=10&_t=1761249331838 HTTP/1.1" 200 91 "http://localhost:3000/" "Mozilla/5.0 (Macintosh; Intel Mac OS X 10_15_7) AppleWebKit/537.36 (KHTML, like Gecko) Chrome/141.0.0.0 Safari/537.36"[39m
2025-10-23 22:55:31:5531 [35mhttp[39m: [35m::1 - - [23/Oct/2025:19:55:31 +0000] "GET /api/v1/campaigns/af006541-5d0f-4297-b60c-7795847884da?_t=1761249331837 HTTP/1.1" 200 634 "http://localhost:3000/" "Mozilla/5.0 (Macintosh; Intel Mac OS X 10_15_7) AppleWebKit/537.36 (KHTML, like Gecko) Chrome/141.0.0.0 Safari/537.36"[39m
2025-10-23 22:55:31:5531 [35mhttp[39m: [35m::1 - - [23/Oct/2025:19:55:31 +0000] "GET /api/v1/users/profile?_t=1761249331837 HTTP/1.1" 200 315 "http://localhost:3000/" "Mozilla/5.0 (Macintosh; Intel Mac OS X 10_15_7) AppleWebKit/537.36 (KHTML, like Gecko) Chrome/141.0.0.0 Safari/537.36"[39m
2025-10-23 22:55:31:5531 [35mhttp[39m: [35m::1 - - [23/Oct/2025:19:55:31 +0000] "GET /api/v1/campaigns/af006541-5d0f-4297-b60c-7795847884da?_t=1761249331838 HTTP/1.1" 200 634 "http://localhost:3000/" "Mozilla/5.0 (Macintosh; Intel Mac OS X 10_15_7) AppleWebKit/537.36 (KHTML, like Gecko) Chrome/141.0.0.0 Safari/537.36"[39m
2025-10-23 22:55:31:5531 [35mhttp[39m: [35m::1 - - [23/Oct/2025:19:55:31 +0000] "GET /api/v1/users/profile?_t=1761249331838 HTTP/1.1" 200 315 "http://localhost:3000/" "Mozilla/5.0 (Macintosh; Intel Mac OS X 10_15_7) AppleWebKit/537.36 (KHTML, like Gecko) Chrome/141.0.0.0 Safari/537.36"[39m
2025-10-23 22:55:46:5546 [35mhttp[39m: [35m::1 - - [23/Oct/2025:19:55:46 +0000] "GET /api/v1/campaigns/featured?_t=1761249346155 HTTP/1.1" 200 3357 "http://localhost:3000/" "Mozilla/5.0 (Macintosh; Intel Mac OS X 10_15_7) AppleWebKit/537.36 (KHTML, like Gecko) Chrome/141.0.0.0 Safari/537.36"[39m
2025-10-23 22:55:46:5546 [35mhttp[39m: [35m::1 - - [23/Oct/2025:19:55:46 +0000] "GET /api/v1/campaigns/trending?_t=1761249346155 HTTP/1.1" 200 2973 "http://localhost:3000/" "Mozilla/5.0 (Macintosh; Intel Mac OS X 10_15_7) AppleWebKit/537.36 (KHTML, like Gecko) Chrome/141.0.0.0 Safari/537.36"[39m
2025-10-23 22:55:46:5546 [35mhttp[39m: [35m::1 - - [23/Oct/2025:19:55:46 +0000] "GET /api/v1/campaigns/trending?_t=1761249346155 HTTP/1.1" 304 - "http://localhost:3000/" "Mozilla/5.0 (Macintosh; Intel Mac OS X 10_15_7) AppleWebKit/537.36 (KHTML, like Gecko) Chrome/141.0.0.0 Safari/537.36"[39m
2025-10-23 22:55:46:5546 [35mhttp[39m: [35m::1 - - [23/Oct/2025:19:55:46 +0000] "GET /api/v1/campaigns/featured?_t=1761249346155 HTTP/1.1" 304 - "http://localhost:3000/" "Mozilla/5.0 (Macintosh; Intel Mac OS X 10_15_7) AppleWebKit/537.36 (KHTML, like Gecko) Chrome/141.0.0.0 Safari/537.36"[39m
2025-10-23 22:55:46:5546 [35mhttp[39m: [35m::1 - - [23/Oct/2025:19:55:46 +0000] "GET /api/v1/stats?_t=1761249346155 HTTP/1.1" 200 121 "http://localhost:3000/" "Mozilla/5.0 (Macintosh; Intel Mac OS X 10_15_7) AppleWebKit/537.36 (KHTML, like Gecko) Chrome/141.0.0.0 Safari/537.36"[39m
2025-10-23 22:55:46:5546 [35mhttp[39m: [35m::1 - - [23/Oct/2025:19:55:46 +0000] "GET /api/v1/stats?_t=1761249346155 HTTP/1.1" 304 - "http://localhost:3000/" "Mozilla/5.0 (Macintosh; Intel Mac OS X 10_15_7) AppleWebKit/537.36 (KHTML, like Gecko) Chrome/141.0.0.0 Safari/537.36"[39m
2025-10-23 22:55:48:5548 [35mhttp[39m: [35m::1 - - [23/Oct/2025:19:55:48 +0000] "GET /api/v1/campaigns?category=&status=&search=&page=1&limit=12 HTTP/1.1" 200 7993 "http://localhost:3000/" "Mozilla/5.0 (Macintosh; Intel Mac OS X 10_15_7) AppleWebKit/537.36 (KHTML, like Gecko) Chrome/141.0.0.0 Safari/537.36"[39m
2025-10-23 22:55:48:5548 [35mhttp[39m: [35m::1 - - [23/Oct/2025:19:55:48 +0000] "GET /api/v1/campaigns/featured?_t=1761249348455 HTTP/1.1" 200 3357 "http://localhost:3000/" "Mozilla/5.0 (Macintosh; Intel Mac OS X 10_15_7) AppleWebKit/537.36 (KHTML, like Gecko) Chrome/141.0.0.0 Safari/537.36"[39m
2025-10-23 22:55:48:5548 [35mhttp[39m: [35m::1 - - [23/Oct/2025:19:55:48 +0000] "GET /api/v1/campaigns/featured?_t=1761249348455 HTTP/1.1" 304 - "http://localhost:3000/" "Mozilla/5.0 (Macintosh; Intel Mac OS X 10_15_7) AppleWebKit/537.36 (KHTML, like Gecko) Chrome/141.0.0.0 Safari/537.36"[39m
2025-10-23 22:55:48:5548 [35mhttp[39m: [35m::1 - - [23/Oct/2025:19:55:48 +0000] "GET /api/v1/campaigns?category=&status=&search=&page=1&limit=12 HTTP/1.1" 304 - "http://localhost:3000/" "Mozilla/5.0 (Macintosh; Intel Mac OS X 10_15_7) AppleWebKit/537.36 (KHTML, like Gecko) Chrome/141.0.0.0 Safari/537.36"[39m
2025-10-23 22:55:49:5549 [35mhttp[39m: [35m::1 - - [23/Oct/2025:19:55:49 +0000] "GET /api/v1/campaigns/550e8400-e29b-41d4-a716-446655440010/donations?page=1&limit=10&_t=1761249349724 HTTP/1.1" 200 467 "http://localhost:3000/" "Mozilla/5.0 (Macintosh; Intel Mac OS X 10_15_7) AppleWebKit/537.36 (KHTML, like Gecko) Chrome/141.0.0.0 Safari/537.36"[39m
2025-10-23 22:55:49:5549 [35mhttp[39m: [35m::1 - - [23/Oct/2025:19:55:49 +0000] "GET /api/v1/campaigns/550e8400-e29b-41d4-a716-446655440010/donations?page=1&limit=10&_t=1761249349723 HTTP/1.1" 200 467 "http://localhost:3000/" "Mozilla/5.0 (Macintosh; Intel Mac OS X 10_15_7) AppleWebKit/537.36 (KHTML, like Gecko) Chrome/141.0.0.0 Safari/537.36"[39m
2025-10-23 22:55:49:5549 [35mhttp[39m: [35m::1 - - [23/Oct/2025:19:55:49 +0000] "GET /api/v1/campaigns/550e8400-e29b-41d4-a716-446655440010?_t=1761249349723 HTTP/1.1" 200 1248 "http://localhost:3000/" "Mozilla/5.0 (Macintosh; Intel Mac OS X 10_15_7) AppleWebKit/537.36 (KHTML, like Gecko) Chrome/141.0.0.0 Safari/537.36"[39m
2025-10-23 22:55:49:5549 [35mhttp[39m: [35m::1 - - [23/Oct/2025:19:55:49 +0000] "GET /api/v1/campaigns/550e8400-e29b-41d4-a716-446655440010?_t=1761249349724 HTTP/1.1" 200 1248 "http://localhost:3000/" "Mozilla/5.0 (Macintosh; Intel Mac OS X 10_15_7) AppleWebKit/537.36 (KHTML, like Gecko) Chrome/141.0.0.0 Safari/537.36"[39m
2025-10-23 22:55:55:5555 [35mhttp[39m: [35m::1 - - [23/Oct/2025:19:55:55 +0000] "POST /api/v1/campaigns/550e8400-e29b-41d4-a716-446655440010/donations HTTP/1.1" 201 1201 "http://localhost:3000/" "Mozilla/5.0 (Macintosh; Intel Mac OS X 10_15_7) AppleWebKit/537.36 (KHTML, like Gecko) Chrome/141.0.0.0 Safari/537.36"[39m
2025-10-23 22:55:55:5555 [35mhttp[39m: [35m::1 - - [23/Oct/2025:19:55:55 +0000] "GET /api/v1/campaigns/550e8400-e29b-41d4-a716-446655440010?_t=1761249355884 HTTP/1.1" 200 1615 "http://localhost:3000/" "Mozilla/5.0 (Macintosh; Intel Mac OS X 10_15_7) AppleWebKit/537.36 (KHTML, like Gecko) Chrome/141.0.0.0 Safari/537.36"[39m
2025-10-23 22:55:55:5555 [35mhttp[39m: [35m::1 - - [23/Oct/2025:19:55:55 +0000] "GET /api/v1/campaigns/550e8400-e29b-41d4-a716-446655440010/donations?page=1&limit=10&_t=1761249355897 HTTP/1.1" 200 837 "http://localhost:3000/" "Mozilla/5.0 (Macintosh; Intel Mac OS X 10_15_7) AppleWebKit/537.36 (KHTML, like Gecko) Chrome/141.0.0.0 Safari/537.36"[39m
2025-10-23 22:56:10:5610 [35mhttp[39m: [35m::1 - - [23/Oct/2025:19:56:10 +0000] "GET /api/v1/user-campaigns/my-campaigns?page=1&limit=12&_t=1761249370982 HTTP/1.1" 200 556 "http://localhost:3000/" "Mozilla/5.0 (Macintosh; Intel Mac OS X 10_15_7) AppleWebKit/537.36 (KHTML, like Gecko) Chrome/141.0.0.0 Safari/537.36"[39m
2025-10-23 22:56:10:5610 [35mhttp[39m: [35m::1 - - [23/Oct/2025:19:56:10 +0000] "GET /api/v1/user-campaigns/my-campaigns?page=1&limit=12&_t=1761249370981 HTTP/1.1" 200 556 "http://localhost:3000/" "Mozilla/5.0 (Macintosh; Intel Mac OS X 10_15_7) AppleWebKit/537.36 (KHTML, like Gecko) Chrome/141.0.0.0 Safari/537.36"[39m
2025-10-23 22:56:18:5618 [35mhttp[39m: [35m::1 - - [23/Oct/2025:19:56:18 +0000] "GET /api/v1/campaigns/af006541-5d0f-4297-b60c-7795847884da?_t=1761249378173 HTTP/1.1" 200 634 "http://localhost:3000/" "Mozilla/5.0 (Macintosh; Intel Mac OS X 10_15_7) AppleWebKit/537.36 (KHTML, like Gecko) Chrome/141.0.0.0 Safari/537.36"[39m
2025-10-23 22:56:18:5618 [35mhttp[39m: [35m::1 - - [23/Oct/2025:19:56:18 +0000] "GET /api/v1/campaigns/af006541-5d0f-4297-b60c-7795847884da?_t=1761249378174 HTTP/1.1" 200 634 "http://localhost:3000/" "Mozilla/5.0 (Macintosh; Intel Mac OS X 10_15_7) AppleWebKit/537.36 (KHTML, like Gecko) Chrome/141.0.0.0 Safari/537.36"[39m
2025-10-23 22:56:25:5625 [35mhttp[39m: [35m::1 - - [23/Oct/2025:19:56:25 +0000] "PUT /api/v1/campaigns/af006541-5d0f-4297-b60c-7795847884da HTTP/1.1" 200 365 "http://localhost:3000/" "Mozilla/5.0 (Macintosh; Intel Mac OS X 10_15_7) AppleWebKit/537.36 (KHTML, like Gecko) Chrome/141.0.0.0 Safari/537.36"[39m
2025-10-23 22:56:27:5627 [35mhttp[39m: [35m::1 - - [23/Oct/2025:19:56:27 +0000] "GET /api/v1/campaigns/af006541-5d0f-4297-b60c-7795847884da/donations?page=1&limit=10&_t=1761249387264 HTTP/1.1" 200 91 "http://localhost:3000/" "Mozilla/5.0 (Macintosh; Intel Mac OS X 10_15_7) AppleWebKit/537.36 (KHTML, like Gecko) Chrome/141.0.0.0 Safari/537.36"[39m
2025-10-23 22:56:27:5627 [35mhttp[39m: [35m::1 - - [23/Oct/2025:19:56:27 +0000] "GET /api/v1/campaigns/af006541-5d0f-4297-b60c-7795847884da/donations?page=1&limit=10&_t=1761249387264 HTTP/1.1" 304 - "http://localhost:3000/" "Mozilla/5.0 (Macintosh; Intel Mac OS X 10_15_7) AppleWebKit/537.36 (KHTML, like Gecko) Chrome/141.0.0.0 Safari/537.36"[39m
2025-10-23 22:56:27:5627 [35mhttp[39m: [35m::1 - - [23/Oct/2025:19:56:27 +0000] "GET /api/v1/campaigns/af006541-5d0f-4297-b60c-7795847884da?_t=1761249387264 HTTP/1.1" 200 631 "http://localhost:3000/" "Mozilla/5.0 (Macintosh; Intel Mac OS X 10_15_7) AppleWebKit/537.36 (KHTML, like Gecko) Chrome/141.0.0.0 Safari/537.36"[39m
2025-10-23 22:56:27:5627 [35mhttp[39m: [35m::1 - - [23/Oct/2025:19:56:27 +0000] "GET /api/v1/campaigns/af006541-5d0f-4297-b60c-7795847884da?_t=1761249387264 HTTP/1.1" 304 - "http://localhost:3000/" "Mozilla/5.0 (Macintosh; Intel Mac OS X 10_15_7) AppleWebKit/537.36 (KHTML, like Gecko) Chrome/141.0.0.0 Safari/537.36"[39m
2025-10-23 22:56:34:5634 [35mhttp[39m: [35m::1 - - [23/Oct/2025:19:56:34 +0000] "GET /api/v1/user-campaigns/my-campaigns?page=1&limit=12&_t=1761249394200 HTTP/1.1" 200 553 "http://localhost:3000/" "Mozilla/5.0 (Macintosh; Intel Mac OS X 10_15_7) AppleWebKit/537.36 (KHTML, like Gecko) Chrome/141.0.0.0 Safari/537.36"[39m
2025-10-23 22:56:34:5634 [35mhttp[39m: [35m::1 - - [23/Oct/2025:19:56:34 +0000] "GET /api/v1/user-campaigns/my-campaigns?page=1&limit=12&_t=1761249394200 HTTP/1.1" 304 - "http://localhost:3000/" "Mozilla/5.0 (Macintosh; Intel Mac OS X 10_15_7) AppleWebKit/537.36 (KHTML, like Gecko) Chrome/141.0.0.0 Safari/537.36"[39m
2025-10-23 22:56:36:5636 [35mhttp[39m: [35m::1 - - [23/Oct/2025:19:56:36 +0000] "GET /api/v1/campaigns/af006541-5d0f-4297-b60c-7795847884da?_t=1761249396710 HTTP/1.1" 200 631 "http://localhost:3000/" "Mozilla/5.0 (Macintosh; Intel Mac OS X 10_15_7) AppleWebKit/537.36 (KHTML, like Gecko) Chrome/141.0.0.0 Safari/537.36"[39m
2025-10-23 22:56:36:5636 [35mhttp[39m: [35m::1 - - [23/Oct/2025:19:56:36 +0000] "GET /api/v1/campaigns/af006541-5d0f-4297-b60c-7795847884da?_t=1761249396710 HTTP/1.1" 304 - "http://localhost:3000/" "Mozilla/5.0 (Macintosh; Intel Mac OS X 10_15_7) AppleWebKit/537.36 (KHTML, like Gecko) Chrome/141.0.0.0 Safari/537.36"[39m
2025-10-23 22:56:39:5639 [35mhttp[39m: [35m::1 - - [23/Oct/2025:19:56:39 +0000] "GET /api/v1/user-campaigns/my-campaigns?page=1&limit=12&_t=1761249399975 HTTP/1.1" 200 553 "http://localhost:3000/" "Mozilla/5.0 (Macintosh; Intel Mac OS X 10_15_7) AppleWebKit/537.36 (KHTML, like Gecko) Chrome/141.0.0.0 Safari/537.36"[39m
2025-10-23 22:56:39:5639 [35mhttp[39m: [35m::1 - - [23/Oct/2025:19:56:39 +0000] "GET /api/v1/user-campaigns/my-campaigns?page=1&limit=12&_t=1761249399975 HTTP/1.1" 304 - "http://localhost:3000/" "Mozilla/5.0 (Macintosh; Intel Mac OS X 10_15_7) AppleWebKit/537.36 (KHTML, like Gecko) Chrome/141.0.0.0 Safari/537.36"[39m
2025-10-23 22:56:43:5643 [35mhttp[39m: [35m::1 - - [23/Oct/2025:19:56:43 +0000] "GET /api/v1/campaigns/af006541-5d0f-4297-b60c-7795847884da/donations?page=1&limit=10&_t=1761249403379 HTTP/1.1" 200 91 "http://localhost:3000/" "Mozilla/5.0 (Macintosh; Intel Mac OS X 10_15_7) AppleWebKit/537.36 (KHTML, like Gecko) Chrome/141.0.0.0 Safari/537.36"[39m
2025-10-23 22:56:43:5643 [35mhttp[39m: [35m::1 - - [23/Oct/2025:19:56:43 +0000] "GET /api/v1/campaigns/af006541-5d0f-4297-b60c-7795847884da/donations?page=1&limit=10&_t=1761249403380 HTTP/1.1" 200 91 "http://localhost:3000/" "Mozilla/5.0 (Macintosh; Intel Mac OS X 10_15_7) AppleWebKit/537.36 (KHTML, like Gecko) Chrome/141.0.0.0 Safari/537.36"[39m
2025-10-23 22:56:43:5643 [35mhttp[39m: [35m::1 - - [23/Oct/2025:19:56:43 +0000] "GET /api/v1/campaigns/af006541-5d0f-4297-b60c-7795847884da?_t=1761249403379 HTTP/1.1" 200 631 "http://localhost:3000/" "Mozilla/5.0 (Macintosh; Intel Mac OS X 10_15_7) AppleWebKit/537.36 (KHTML, like Gecko) Chrome/141.0.0.0 Safari/537.36"[39m
2025-10-23 22:56:43:5643 [35mhttp[39m: [35m::1 - - [23/Oct/2025:19:56:43 +0000] "GET /api/v1/campaigns/af006541-5d0f-4297-b60c-7795847884da?_t=1761249403380 HTTP/1.1" 200 631 "http://localhost:3000/" "Mozilla/5.0 (Macintosh; Intel Mac OS X 10_15_7) AppleWebKit/537.36 (KHTML, like Gecko) Chrome/141.0.0.0 Safari/537.36"[39m
2025-10-23 22:57:09:579 [35mhttp[39m: [35m::1 - - [23/Oct/2025:19:57:09 +0000] "GET /api/v1/user-campaigns/my-campaigns?page=1&limit=12&_t=1761249429347 HTTP/1.1" 200 553 "http://localhost:3000/" "Mozilla/5.0 (Macintosh; Intel Mac OS X 10_15_7) AppleWebKit/537.36 (KHTML, like Gecko) Chrome/141.0.0.0 Safari/537.36"[39m
2025-10-23 22:57:09:579 [35mhttp[39m: [35m::1 - - [23/Oct/2025:19:57:09 +0000] "GET /api/v1/user-campaigns/my-campaigns?page=1&limit=12&_t=1761249429347 HTTP/1.1" 304 - "http://localhost:3000/" "Mozilla/5.0 (Macintosh; Intel Mac OS X 10_15_7) AppleWebKit/537.36 (KHTML, like Gecko) Chrome/141.0.0.0 Safari/537.36"[39m
2025-10-23 22:57:42:5742 [35mhttp[39m: [35m::1 - - [23/Oct/2025:19:57:42 +0000] "POST /api/v1/auth/login HTTP/1.1" 200 387 "http://localhost:3000/" "Mozilla/5.0 (Macintosh; Intel Mac OS X 10_15_7) AppleWebKit/537.36 (KHTML, like Gecko) Chrome/141.0.0.0 Safari/537.36"[39m
2025-10-23 22:57:43:5743 [35mhttp[39m: [35m::1 - - [23/Oct/2025:19:57:43 +0000] "GET /api/v1/campaigns/featured?_t=1761249463732 HTTP/1.1" 200 3354 "http://localhost:3000/" "Mozilla/5.0 (Macintosh; Intel Mac OS X 10_15_7) AppleWebKit/537.36 (KHTML, like Gecko) Chrome/141.0.0.0 Safari/537.36"[39m
2025-10-23 22:57:43:5743 [35mhttp[39m: [35m::1 - - [23/Oct/2025:19:57:43 +0000] "GET /api/v1/campaigns?category=&status=&search=&page=1&limit=12 HTTP/1.1" 200 7990 "http://localhost:3000/" "Mozilla/5.0 (Macintosh; Intel Mac OS X 10_15_7) AppleWebKit/537.36 (KHTML, like Gecko) Chrome/141.0.0.0 Safari/537.36"[39m
2025-10-23 22:57:43:5743 [35mhttp[39m: [35m::1 - - [23/Oct/2025:19:57:43 +0000] "GET /api/v1/campaigns/featured?_t=1761249463732 HTTP/1.1" 304 - "http://localhost:3000/" "Mozilla/5.0 (Macintosh; Intel Mac OS X 10_15_7) AppleWebKit/537.36 (KHTML, like Gecko) Chrome/141.0.0.0 Safari/537.36"[39m
2025-10-23 22:57:43:5743 [35mhttp[39m: [35m::1 - - [23/Oct/2025:19:57:43 +0000] "GET /api/v1/campaigns?category=&status=&search=&page=1&limit=12 HTTP/1.1" 304 - "http://localhost:3000/" "Mozilla/5.0 (Macintosh; Intel Mac OS X 10_15_7) AppleWebKit/537.36 (KHTML, like Gecko) Chrome/141.0.0.0 Safari/537.36"[39m
2025-10-23 22:57:48:5748 [35mhttp[39m: [35m::1 - - [23/Oct/2025:19:57:48 +0000] "POST /api/v1/auth/login HTTP/1.1" 200 387 "http://localhost:3000/" "Mozilla/5.0 (Macintosh; Intel Mac OS X 10_15_7) AppleWebKit/537.36 (KHTML, like Gecko) Chrome/141.0.0.0 Safari/537.36"[39m
2025-10-23 22:57:49:5749 [35mhttp[39m: [35m::1 - - [23/Oct/2025:19:57:49 +0000] "GET /api/v1/user-campaigns/my-campaigns?page=1&limit=12&_t=1761249469741 HTTP/1.1" 200 553 "http://localhost:3000/" "Mozilla/5.0 (Macintosh; Intel Mac OS X 10_15_7) AppleWebKit/537.36 (KHTML, like Gecko) Chrome/141.0.0.0 Safari/537.36"[39m
2025-10-23 22:57:49:5749 [35mhttp[39m: [35m::1 - - [23/Oct/2025:19:57:49 +0000] "GET /api/v1/user-campaigns/my-campaigns?page=1&limit=12&_t=1761249469742 HTTP/1.1" 200 553 "http://localhost:3000/" "Mozilla/5.0 (Macintosh; Intel Mac OS X 10_15_7) AppleWebKit/537.36 (KHTML, like Gecko) Chrome/141.0.0.0 Safari/537.36"[39m
2025-10-23 22:57:49:5749 [35mhttp[39m: [35m::1 - - [23/Oct/2025:19:57:49 +0000] "GET /api/v1/campaigns?category=&status=&search=&page=1&limit=12 HTTP/1.1" 304 - "http://localhost:3000/" "Mozilla/5.0 (Macintosh; Intel Mac OS X 10_15_7) AppleWebKit/537.36 (KHTML, like Gecko) Chrome/141.0.0.0 Safari/537.36"[39m
2025-10-23 22:57:49:5749 [35mhttp[39m: [35m::1 - - [23/Oct/2025:19:57:49 +0000] "GET /api/v1/campaigns/featured?_t=1761249469863 HTTP/1.1" 200 3354 "http://localhost:3000/" "Mozilla/5.0 (Macintosh; Intel Mac OS X 10_15_7) AppleWebKit/537.36 (KHTML, like Gecko) Chrome/141.0.0.0 Safari/537.36"[39m
2025-10-23 22:57:49:5749 [35mhttp[39m: [35m::1 - - [23/Oct/2025:19:57:49 +0000] "GET /api/v1/campaigns?category=&status=&search=&page=1&limit=12 HTTP/1.1" 304 - "http://localhost:3000/" "Mozilla/5.0 (Macintosh; Intel Mac OS X 10_15_7) AppleWebKit/537.36 (KHTML, like Gecko) Chrome/141.0.0.0 Safari/537.36"[39m
2025-10-23 22:57:49:5749 [35mhttp[39m: [35m::1 - - [23/Oct/2025:19:57:49 +0000] "GET /api/v1/campaigns/featured?_t=1761249469863 HTTP/1.1" 304 - "http://localhost:3000/" "Mozilla/5.0 (Macintosh; Intel Mac OS X 10_15_7) AppleWebKit/537.36 (KHTML, like Gecko) Chrome/141.0.0.0 Safari/537.36"[39m
2025-10-23 22:57:51:5751 [35mhttp[39m: [35m::1 - - [23/Oct/2025:19:57:51 +0000] "GET /api/v1/user-campaigns/my-campaigns?page=1&limit=12&_t=1761249471280 HTTP/1.1" 200 553 "http://localhost:3000/" "Mozilla/5.0 (Macintosh; Intel Mac OS X 10_15_7) AppleWebKit/537.36 (KHTML, like Gecko) Chrome/141.0.0.0 Safari/537.36"[39m
2025-10-23 22:57:51:5751 [35mhttp[39m: [35m::1 - - [23/Oct/2025:19:57:51 +0000] "GET /api/v1/user-campaigns/my-campaigns?page=1&limit=12&_t=1761249471280 HTTP/1.1" 304 - "http://localhost:3000/" "Mozilla/5.0 (Macintosh; Intel Mac OS X 10_15_7) AppleWebKit/537.36 (KHTML, like Gecko) Chrome/141.0.0.0 Safari/537.36"[39m
2025-10-23 22:57:52:5752 [35mhttp[39m: [35m::1 - - [23/Oct/2025:19:57:52 +0000] "GET /api/v1/campaigns/af006541-5d0f-4297-b60c-7795847884da/donations?page=1&limit=10&_t=1761249472914 HTTP/1.1" 200 91 "http://localhost:3000/" "Mozilla/5.0 (Macintosh; Intel Mac OS X 10_15_7) AppleWebKit/537.36 (KHTML, like Gecko) Chrome/141.0.0.0 Safari/537.36"[39m
2025-10-23 22:57:52:5752 [35mhttp[39m: [35m::1 - - [23/Oct/2025:19:57:52 +0000] "GET /api/v1/campaigns/af006541-5d0f-4297-b60c-7795847884da/donations?page=1&limit=10&_t=1761249472915 HTTP/1.1" 200 91 "http://localhost:3000/" "Mozilla/5.0 (Macintosh; Intel Mac OS X 10_15_7) AppleWebKit/537.36 (KHTML, like Gecko) Chrome/141.0.0.0 Safari/537.36"[39m
2025-10-23 22:57:52:5752 [35mhttp[39m: [35m::1 - - [23/Oct/2025:19:57:52 +0000] "GET /api/v1/campaigns/af006541-5d0f-4297-b60c-7795847884da?_t=1761249472914 HTTP/1.1" 200 631 "http://localhost:3000/" "Mozilla/5.0 (Macintosh; Intel Mac OS X 10_15_7) AppleWebKit/537.36 (KHTML, like Gecko) Chrome/141.0.0.0 Safari/537.36"[39m
2025-10-23 22:57:52:5752 [35mhttp[39m: [35m::1 - - [23/Oct/2025:19:57:52 +0000] "GET /api/v1/campaigns/af006541-5d0f-4297-b60c-7795847884da?_t=1761249472915 HTTP/1.1" 200 631 "http://localhost:3000/" "Mozilla/5.0 (Macintosh; Intel Mac OS X 10_15_7) AppleWebKit/537.36 (KHTML, like Gecko) Chrome/141.0.0.0 Safari/537.36"[39m
2025-10-23 22:58:06:586 [35mhttp[39m: [35m::1 - - [23/Oct/2025:19:58:06 +0000] "POST /api/v1/auth/login HTTP/1.1" 200 376 "http://localhost:3000/" "Mozilla/5.0 (Macintosh; Intel Mac OS X 10_15_7) AppleWebKit/537.36 (KHTML, like Gecko) Chrome/141.0.0.0 Safari/537.36"[39m
2025-10-23 22:58:07:587 [35mhttp[39m: [35m::1 - - [23/Oct/2025:19:58:07 +0000] "GET /api/v1/campaigns?category=&status=&search=&page=1&limit=12 HTTP/1.1" 304 - "http://localhost:3000/" "Mozilla/5.0 (Macintosh; Intel Mac OS X 10_15_7) AppleWebKit/537.36 (KHTML, like Gecko) Chrome/141.0.0.0 Safari/537.36"[39m
2025-10-23 22:58:07:587 [35mhttp[39m: [35m::1 - - [23/Oct/2025:19:58:07 +0000] "GET /api/v1/campaigns/featured?_t=1761249487816 HTTP/1.1" 200 3354 "http://localhost:3000/" "Mozilla/5.0 (Macintosh; Intel Mac OS X 10_15_7) AppleWebKit/537.36 (KHTML, like Gecko) Chrome/141.0.0.0 Safari/537.36"[39m
2025-10-23 22:58:07:587 [35mhttp[39m: [35m::1 - - [23/Oct/2025:19:58:07 +0000] "GET /api/v1/campaigns?category=&status=&search=&page=1&limit=12 HTTP/1.1" 304 - "http://localhost:3000/" "Mozilla/5.0 (Macintosh; Intel Mac OS X 10_15_7) AppleWebKit/537.36 (KHTML, like Gecko) Chrome/141.0.0.0 Safari/537.36"[39m
2025-10-23 22:58:07:587 [35mhttp[39m: [35m::1 - - [23/Oct/2025:19:58:07 +0000] "GET /api/v1/campaigns/featured?_t=1761249487816 HTTP/1.1" 304 - "http://localhost:3000/" "Mozilla/5.0 (Macintosh; Intel Mac OS X 10_15_7) AppleWebKit/537.36 (KHTML, like Gecko) Chrome/141.0.0.0 Safari/537.36"[39m
2025-10-23 22:58:09:589 [35mhttp[39m: [35m::1 - - [23/Oct/2025:19:58:09 +0000] "GET /api/v1/user-campaigns/my-campaigns?page=1&limit=12&_t=1761249489215 HTTP/1.1" 200 91 "http://localhost:3000/" "Mozilla/5.0 (Macintosh; Intel Mac OS X 10_15_7) AppleWebKit/537.36 (KHTML, like Gecko) Chrome/141.0.0.0 Safari/537.36"[39m
2025-10-23 22:58:09:589 [35mhttp[39m: [35m::1 - - [23/Oct/2025:19:58:09 +0000] "GET /api/v1/user-campaigns/my-campaigns?page=1&limit=12&_t=1761249489215 HTTP/1.1" 304 - "http://localhost:3000/" "Mozilla/5.0 (Macintosh; Intel Mac OS X 10_15_7) AppleWebKit/537.36 (KHTML, like Gecko) Chrome/141.0.0.0 Safari/537.36"[39m
2025-10-23 22:58:10:5810 [35mhttp[39m: [35m::1 - - [23/Oct/2025:19:58:10 +0000] "GET /api/v1/campaigns?category=&status=&search=&page=1&limit=12 HTTP/1.1" 304 - "http://localhost:3000/" "Mozilla/5.0 (Macintosh; Intel Mac OS X 10_15_7) AppleWebKit/537.36 (KHTML, like Gecko) Chrome/141.0.0.0 Safari/537.36"[39m
2025-10-23 22:58:10:5810 [35mhttp[39m: [35m::1 - - [23/Oct/2025:19:58:10 +0000] "GET /api/v1/campaigns/featured?_t=1761249490471 HTTP/1.1" 200 3354 "http://localhost:3000/" "Mozilla/5.0 (Macintosh; Intel Mac OS X 10_15_7) AppleWebKit/537.36 (KHTML, like Gecko) Chrome/141.0.0.0 Safari/537.36"[39m
2025-10-23 22:58:10:5810 [35mhttp[39m: [35m::1 - - [23/Oct/2025:19:58:10 +0000] "GET /api/v1/campaigns/featured?_t=1761249490472 HTTP/1.1" 200 3354 "http://localhost:3000/" "Mozilla/5.0 (Macintosh; Intel Mac OS X 10_15_7) AppleWebKit/537.36 (KHTML, like Gecko) Chrome/141.0.0.0 Safari/537.36"[39m
2025-10-23 22:58:10:5810 [35mhttp[39m: [35m::1 - - [23/Oct/2025:19:58:10 +0000] "GET /api/v1/campaigns?category=&status=&search=&page=1&limit=12 HTTP/1.1" 304 - "http://localhost:3000/" "Mozilla/5.0 (Macintosh; Intel Mac OS X 10_15_7) AppleWebKit/537.36 (KHTML, like Gecko) Chrome/141.0.0.0 Safari/537.36"[39m
2025-10-23 22:58:13:5813 [35mhttp[39m: [35m::1 - - [23/Oct/2025:19:58:13 +0000] "GET /api/v1/campaigns/af006541-5d0f-4297-b60c-7795847884da/donations?page=1&limit=10&_t=1761249493550 HTTP/1.1" 200 91 "http://localhost:3000/" "Mozilla/5.0 (Macintosh; Intel Mac OS X 10_15_7) AppleWebKit/537.36 (KHTML, like Gecko) Chrome/141.0.0.0 Safari/537.36"[39m
2025-10-23 22:58:13:5813 [35mhttp[39m: [35m::1 - - [23/Oct/2025:19:58:13 +0000] "GET /api/v1/campaigns/af006541-5d0f-4297-b60c-7795847884da/donations?page=1&limit=10&_t=1761249493550 HTTP/1.1" 304 - "http://localhost:3000/" "Mozilla/5.0 (Macintosh; Intel Mac OS X 10_15_7) AppleWebKit/537.36 (KHTML, like Gecko) Chrome/141.0.0.0 Safari/537.36"[39m
2025-10-23 22:58:13:5813 [35mhttp[39m: [35m::1 - - [23/Oct/2025:19:58:13 +0000] "GET /api/v1/campaigns/af006541-5d0f-4297-b60c-7795847884da?_t=1761249493549 HTTP/1.1" 200 631 "http://localhost:3000/" "Mozilla/5.0 (Macintosh; Intel Mac OS X 10_15_7) AppleWebKit/537.36 (KHTML, like Gecko) Chrome/141.0.0.0 Safari/537.36"[39m
2025-10-23 22:58:13:5813 [35mhttp[39m: [35m::1 - - [23/Oct/2025:19:58:13 +0000] "GET /api/v1/campaigns/af006541-5d0f-4297-b60c-7795847884da?_t=1761249493550 HTTP/1.1" 200 631 "http://localhost:3000/" "Mozilla/5.0 (Macintosh; Intel Mac OS X 10_15_7) AppleWebKit/537.36 (KHTML, like Gecko) Chrome/141.0.0.0 Safari/537.36"[39m
2025-10-23 22:58:22:5822 [35mhttp[39m: [35m::1 - - [23/Oct/2025:19:58:22 +0000] "POST /api/v1/campaigns/af006541-5d0f-4297-b60c-7795847884da/donations HTTP/1.1" 201 976 "http://localhost:3000/" "Mozilla/5.0 (Macintosh; Intel Mac OS X 10_15_7) AppleWebKit/537.36 (KHTML, like Gecko) Chrome/141.0.0.0 Safari/537.36"[39m
2025-10-23 22:58:22:5822 [35mhttp[39m: [35m::1 - - [23/Oct/2025:19:58:22 +0000] "GET /api/v1/campaigns/af006541-5d0f-4297-b60c-7795847884da?_t=1761249502545 HTTP/1.1" 200 1016 "http://localhost:3000/" "Mozilla/5.0 (Macintosh; Intel Mac OS X 10_15_7) AppleWebKit/537.36 (KHTML, like Gecko) Chrome/141.0.0.0 Safari/537.36"[39m
2025-10-23 22:58:22:5822 [35mhttp[39m: [35m::1 - - [23/Oct/2025:19:58:22 +0000] "GET /api/v1/campaigns/af006541-5d0f-4297-b60c-7795847884da/donations?page=1&limit=10&_t=1761249502557 HTTP/1.1" 200 467 "http://localhost:3000/" "Mozilla/5.0 (Macintosh; Intel Mac OS X 10_15_7) AppleWebKit/537.36 (KHTML, like Gecko) Chrome/141.0.0.0 Safari/537.36"[39m
2025-10-23 22:58:27:5827 [35mhttp[39m: [35m::1 - - [23/Oct/2025:19:58:27 +0000] "GET /api/v1/campaigns/featured?_t=1761249507761 HTTP/1.1" 200 3361 "http://localhost:3000/" "Mozilla/5.0 (Macintosh; Intel Mac OS X 10_15_7) AppleWebKit/537.36 (KHTML, like Gecko) Chrome/141.0.0.0 Safari/537.36"[39m
2025-10-23 22:58:27:5827 [35mhttp[39m: [35m::1 - - [23/Oct/2025:19:58:27 +0000] "GET /api/v1/campaigns/trending?_t=1761249507761 HTTP/1.1" 200 2973 "http://localhost:3000/" "Mozilla/5.0 (Macintosh; Intel Mac OS X 10_15_7) AppleWebKit/537.36 (KHTML, like Gecko) Chrome/141.0.0.0 Safari/537.36"[39m
2025-10-23 22:58:27:5827 [35mhttp[39m: [35m::1 - - [23/Oct/2025:19:58:27 +0000] "GET /api/v1/campaigns/featured?_t=1761249507762 HTTP/1.1" 200 3361 "http://localhost:3000/" "Mozilla/5.0 (Macintosh; Intel Mac OS X 10_15_7) AppleWebKit/537.36 (KHTML, like Gecko) Chrome/141.0.0.0 Safari/537.36"[39m
2025-10-23 22:58:27:5827 [35mhttp[39m: [35m::1 - - [23/Oct/2025:19:58:27 +0000] "GET /api/v1/stats?_t=1761249507762 HTTP/1.1" 200 121 "http://localhost:3000/" "Mozilla/5.0 (Macintosh; Intel Mac OS X 10_15_7) AppleWebKit/537.36 (KHTML, like Gecko) Chrome/141.0.0.0 Safari/537.36"[39m
2025-10-23 22:58:27:5827 [35mhttp[39m: [35m::1 - - [23/Oct/2025:19:58:27 +0000] "GET /api/v1/stats?_t=1761249507762 HTTP/1.1" 304 - "http://localhost:3000/" "Mozilla/5.0 (Macintosh; Intel Mac OS X 10_15_7) AppleWebKit/537.36 (KHTML, like Gecko) Chrome/141.0.0.0 Safari/537.36"[39m
2025-10-23 22:58:27:5827 [35mhttp[39m: [35m::1 - - [23/Oct/2025:19:58:27 +0000] "GET /api/v1/campaigns/trending?_t=1761249507762 HTTP/1.1" 200 2973 "http://localhost:3000/" "Mozilla/5.0 (Macintosh; Intel Mac OS X 10_15_7) AppleWebKit/537.36 (KHTML, like Gecko) Chrome/141.0.0.0 Safari/537.36"[39m
2025-10-23 22:58:34:5834 [35mhttp[39m: [35m::1 - - [23/Oct/2025:19:58:34 +0000] "GET /api/v1/campaigns?category=&status=&search=&page=1&limit=12 HTTP/1.1" 200 7994 "http://localhost:3000/" "Mozilla/5.0 (Macintosh; Intel Mac OS X 10_15_7) AppleWebKit/537.36 (KHTML, like Gecko) Chrome/141.0.0.0 Safari/537.36"[39m
2025-10-23 22:58:34:5834 [35mhttp[39m: [35m::1 - - [23/Oct/2025:19:58:34 +0000] "GET /api/v1/campaigns/featured?_t=1761249514736 HTTP/1.1" 200 3361 "http://localhost:3000/" "Mozilla/5.0 (Macintosh; Intel Mac OS X 10_15_7) AppleWebKit/537.36 (KHTML, like Gecko) Chrome/141.0.0.0 Safari/537.36"[39m
2025-10-23 22:58:34:5834 [35mhttp[39m: [35m::1 - - [23/Oct/2025:19:58:34 +0000] "GET /api/v1/campaigns?category=&status=&search=&page=1&limit=12 HTTP/1.1" 200 7994 "http://localhost:3000/" "Mozilla/5.0 (Macintosh; Intel Mac OS X 10_15_7) AppleWebKit/537.36 (KHTML, like Gecko) Chrome/141.0.0.0 Safari/537.36"[39m
2025-10-23 22:58:34:5834 [35mhttp[39m: [35m::1 - - [23/Oct/2025:19:58:34 +0000] "GET /api/v1/campaigns/featured?_t=1761249514736 HTTP/1.1" 304 - "http://localhost:3000/" "Mozilla/5.0 (Macintosh; Intel Mac OS X 10_15_7) AppleWebKit/537.36 (KHTML, like Gecko) Chrome/141.0.0.0 Safari/537.36"[39m
2025-10-23 22:58:39:5839 [35mhttp[39m: [35m::1 - - [23/Oct/2025:19:58:39 +0000] "GET /api/v1/campaigns?category=&status=&search=test&page=1&limit=12 HTTP/1.1" 200 1942 "http://localhost:3000/" "Mozilla/5.0 (Macintosh; Intel Mac OS X 10_15_7) AppleWebKit/537.36 (KHTML, like Gecko) Chrome/141.0.0.0 Safari/537.36"[39m
2025-10-23 22:58:42:5842 [35mhttp[39m: [35m::1 - - [23/Oct/2025:19:58:42 +0000] "GET /api/v1/campaigns/af006541-5d0f-4297-b60c-7795847884da/donations?page=1&limit=10&_t=1761249522382 HTTP/1.1" 200 467 "http://localhost:3000/" "Mozilla/5.0 (Macintosh; Intel Mac OS X 10_15_7) AppleWebKit/537.36 (KHTML, like Gecko) Chrome/141.0.0.0 Safari/537.36"[39m
2025-10-23 22:58:42:5842 [35mhttp[39m: [35m::1 - - [23/Oct/2025:19:58:42 +0000] "GET /api/v1/campaigns/af006541-5d0f-4297-b60c-7795847884da/donations?page=1&limit=10&_t=1761249522381 HTTP/1.1" 200 467 "http://localhost:3000/" "Mozilla/5.0 (Macintosh; Intel Mac OS X 10_15_7) AppleWebKit/537.36 (KHTML, like Gecko) Chrome/141.0.0.0 Safari/537.36"[39m
2025-10-23 22:58:42:5842 [35mhttp[39m: [35m::1 - - [23/Oct/2025:19:58:42 +0000] "GET /api/v1/campaigns/af006541-5d0f-4297-b60c-7795847884da?_t=1761249522381 HTTP/1.1" 200 1016 "http://localhost:3000/" "Mozilla/5.0 (Macintosh; Intel Mac OS X 10_15_7) AppleWebKit/537.36 (KHTML, like Gecko) Chrome/141.0.0.0 Safari/537.36"[39m
2025-10-23 22:58:42:5842 [35mhttp[39m: [35m::1 - - [23/Oct/2025:19:58:42 +0000] "GET /api/v1/campaigns/af006541-5d0f-4297-b60c-7795847884da?_t=1761249522381 HTTP/1.1" 304 - "http://localhost:3000/" "Mozilla/5.0 (Macintosh; Intel Mac OS X 10_15_7) AppleWebKit/537.36 (KHTML, like Gecko) Chrome/141.0.0.0 Safari/537.36"[39m
2025-10-23 22:58:54:5854 [35mhttp[39m: [35m::1 - - [23/Oct/2025:19:58:54 +0000] "POST /api/v1/auth/login HTTP/1.1" 200 387 "http://localhost:3000/" "Mozilla/5.0 (Macintosh; Intel Mac OS X 10_15_7) AppleWebKit/537.36 (KHTML, like Gecko) Chrome/141.0.0.0 Safari/537.36"[39m
2025-10-23 22:58:54:5854 [35mhttp[39m: [35m::1 - - [23/Oct/2025:19:58:54 +0000] "GET /api/v1/user-campaigns/my-campaigns?page=1&limit=12&_t=1761249534890 HTTP/1.1" 200 557 "http://localhost:3000/" "Mozilla/5.0 (Macintosh; Intel Mac OS X 10_15_7) AppleWebKit/537.36 (KHTML, like Gecko) Chrome/141.0.0.0 Safari/537.36"[39m
2025-10-23 22:58:54:5854 [35mhttp[39m: [35m::1 - - [23/Oct/2025:19:58:54 +0000] "GET /api/v1/user-campaigns/my-campaigns?page=1&limit=12&_t=1761249534890 HTTP/1.1" 304 - "http://localhost:3000/" "Mozilla/5.0 (Macintosh; Intel Mac OS X 10_15_7) AppleWebKit/537.36 (KHTML, like Gecko) Chrome/141.0.0.0 Safari/537.36"[39m
2025-10-23 22:58:55:5855 [35mhttp[39m: [35m::1 - - [23/Oct/2025:19:58:55 +0000] "GET /api/v1/campaigns?category=&status=&search=&page=1&limit=12 HTTP/1.1" 200 7994 "http://localhost:3000/" "Mozilla/5.0 (Macintosh; Intel Mac OS X 10_15_7) AppleWebKit/537.36 (KHTML, like Gecko) Chrome/141.0.0.0 Safari/537.36"[39m
2025-10-23 22:58:55:5855 [35mhttp[39m: [35m::1 - - [23/Oct/2025:19:58:55 +0000] "GET /api/v1/campaigns/featured?_t=1761249535632 HTTP/1.1" 200 3361 "http://localhost:3000/" "Mozilla/5.0 (Macintosh; Intel Mac OS X 10_15_7) AppleWebKit/537.36 (KHTML, like Gecko) Chrome/141.0.0.0 Safari/537.36"[39m
2025-10-23 22:58:55:5855 [35mhttp[39m: [35m::1 - - [23/Oct/2025:19:58:55 +0000] "GET /api/v1/campaigns?category=&status=&search=&page=1&limit=12 HTTP/1.1" 304 - "http://localhost:3000/" "Mozilla/5.0 (Macintosh; Intel Mac OS X 10_15_7) AppleWebKit/537.36 (KHTML, like Gecko) Chrome/141.0.0.0 Safari/537.36"[39m
2025-10-23 22:58:55:5855 [35mhttp[39m: [35m::1 - - [23/Oct/2025:19:58:55 +0000] "GET /api/v1/campaigns/featured?_t=1761249535632 HTTP/1.1" 304 - "http://localhost:3000/" "Mozilla/5.0 (Macintosh; Intel Mac OS X 10_15_7) AppleWebKit/537.36 (KHTML, like Gecko) Chrome/141.0.0.0 Safari/537.36"[39m
2025-10-23 22:58:57:5857 [35mhttp[39m: [35m::1 - - [23/Oct/2025:19:58:57 +0000] "GET /api/v1/user-campaigns/my-campaigns?page=1&limit=12&_t=1761249537469 HTTP/1.1" 200 557 "http://localhost:3000/" "Mozilla/5.0 (Macintosh; Intel Mac OS X 10_15_7) AppleWebKit/537.36 (KHTML, like Gecko) Chrome/141.0.0.0 Safari/537.36"[39m
2025-10-23 22:58:57:5857 [35mhttp[39m: [35m::1 - - [23/Oct/2025:19:58:57 +0000] "GET /api/v1/user-campaigns/my-campaigns?page=1&limit=12&_t=1761249537470 HTTP/1.1" 200 557 "http://localhost:3000/" "Mozilla/5.0 (Macintosh; Intel Mac OS X 10_15_7) AppleWebKit/537.36 (KHTML, like Gecko) Chrome/141.0.0.0 Safari/537.36"[39m
2025-10-23 23:01:12:112 [35mhttp[39m: [35m::1 - - [23/Oct/2025:20:01:12 +0000] "GET /api/v1/user-campaigns/my-campaigns?page=1&limit=12&_t=1761249672369 HTTP/1.1" 200 557 "http://localhost:3000/" "Mozilla/5.0 (Macintosh; Intel Mac OS X 10_15_7) AppleWebKit/537.36 (KHTML, like Gecko) Chrome/141.0.0.0 Safari/537.36"[39m
2025-10-23 23:01:12:112 [35mhttp[39m: [35m::1 - - [23/Oct/2025:20:01:12 +0000] "GET /api/v1/user-campaigns/my-campaigns?page=1&limit=12&_t=1761249672369 HTTP/1.1" 304 - "http://localhost:3000/" "Mozilla/5.0 (Macintosh; Intel Mac OS X 10_15_7) AppleWebKit/537.36 (KHTML, like Gecko) Chrome/141.0.0.0 Safari/537.36"[39m
2025-10-23 23:01:14:114 [35mhttp[39m: [35m::1 - - [23/Oct/2025:20:01:14 +0000] "DELETE /api/v1/campaigns/af006541-5d0f-4297-b60c-7795847884da HTTP/1.1" 204 - "http://localhost:3000/" "Mozilla/5.0 (Macintosh; Intel Mac OS X 10_15_7) AppleWebKit/537.36 (KHTML, like Gecko) Chrome/141.0.0.0 Safari/537.36"[39m
2025-10-23 23:01:14:114 [35mhttp[39m: [35m::1 - - [23/Oct/2025:20:01:14 +0000] "GET /api/v1/user-campaigns/my-campaigns?page=1&limit=12&_t=1761249674467 HTTP/1.1" 200 91 "http://localhost:3000/" "Mozilla/5.0 (Macintosh; Intel Mac OS X 10_15_7) AppleWebKit/537.36 (KHTML, like Gecko) Chrome/141.0.0.0 Safari/537.36"[39m
2025-10-23 23:01:39:139 [35mhttp[39m: [35m::1 - - [23/Oct/2025:20:01:39 +0000] "POST /api/v1/auth/login HTTP/1.1" 200 376 "http://localhost:3000/" "Mozilla/5.0 (Macintosh; Intel Mac OS X 10_15_7) AppleWebKit/537.36 (KHTML, like Gecko) Chrome/141.0.0.0 Safari/537.36"[39m
2025-10-23 23:01:43:143 [35mhttp[39m: [35m::1 - - [23/Oct/2025:20:01:43 +0000] "GET /api/v1/campaigns?category=&status=&search=&page=1&limit=12 HTTP/1.1" 200 7990 "http://localhost:3000/" "Mozilla/5.0 (Macintosh; Intel Mac OS X 10_15_7) AppleWebKit/537.36 (KHTML, like Gecko) Chrome/141.0.0.0 Safari/537.36"[39m
2025-10-23 23:01:43:143 [35mhttp[39m: [35m::1 - - [23/Oct/2025:20:01:43 +0000] "GET /api/v1/campaigns/featured?_t=1761249703388 HTTP/1.1" 200 2889 "http://localhost:3000/" "Mozilla/5.0 (Macintosh; Intel Mac OS X 10_15_7) AppleWebKit/537.36 (KHTML, like Gecko) Chrome/141.0.0.0 Safari/537.36"[39m
2025-10-23 23:01:43:143 [35mhttp[39m: [35m::1 - - [23/Oct/2025:20:01:43 +0000] "GET /api/v1/campaigns/featured?_t=1761249703389 HTTP/1.1" 200 2889 "http://localhost:3000/" "Mozilla/5.0 (Macintosh; Intel Mac OS X 10_15_7) AppleWebKit/537.36 (KHTML, like Gecko) Chrome/141.0.0.0 Safari/537.36"[39m
2025-10-23 23:01:43:143 [35mhttp[39m: [35m::1 - - [23/Oct/2025:20:01:43 +0000] "GET /api/v1/campaigns?category=&status=&search=&page=1&limit=12 HTTP/1.1" 200 7990 "http://localhost:3000/" "Mozilla/5.0 (Macintosh; Intel Mac OS X 10_15_7) AppleWebKit/537.36 (KHTML, like Gecko) Chrome/141.0.0.0 Safari/537.36"[39m
2025-10-23 23:01:43:143 [35mhttp[39m: [35m::1 - - [23/Oct/2025:20:01:43 +0000] "GET /api/v1/users/profile?_t=1761249703388 HTTP/1.1" 200 308 "http://localhost:3000/" "Mozilla/5.0 (Macintosh; Intel Mac OS X 10_15_7) AppleWebKit/537.36 (KHTML, like Gecko) Chrome/141.0.0.0 Safari/537.36"[39m
2025-10-23 23:01:43:143 [35mhttp[39m: [35m::1 - - [23/Oct/2025:20:01:43 +0000] "GET /api/v1/users/profile?_t=1761249703389 HTTP/1.1" 200 308 "http://localhost:3000/" "Mozilla/5.0 (Macintosh; Intel Mac OS X 10_15_7) AppleWebKit/537.36 (KHTML, like Gecko) Chrome/141.0.0.0 Safari/537.36"[39m
2025-10-23 23:01:50:150 [35mhttp[39m: [35m::1 - - [23/Oct/2025:20:01:50 +0000] "GET /api/v1/campaigns/trending?_t=1761249710682 HTTP/1.1" 200 2973 "http://localhost:3000/" "Mozilla/5.0 (Macintosh; Intel Mac OS X 10_15_7) AppleWebKit/537.36 (KHTML, like Gecko) Chrome/141.0.0.0 Safari/537.36"[39m
2025-10-23 23:01:50:150 [35mhttp[39m: [35m::1 - - [23/Oct/2025:20:01:50 +0000] "GET /api/v1/campaigns/featured?_t=1761249710682 HTTP/1.1" 200 2889 "http://localhost:3000/" "Mozilla/5.0 (Macintosh; Intel Mac OS X 10_15_7) AppleWebKit/537.36 (KHTML, like Gecko) Chrome/141.0.0.0 Safari/537.36"[39m
2025-10-23 23:01:50:150 [35mhttp[39m: [35m::1 - - [23/Oct/2025:20:01:50 +0000] "GET /api/v1/campaigns/trending?_t=1761249710683 HTTP/1.1" 200 2973 "http://localhost:3000/" "Mozilla/5.0 (Macintosh; Intel Mac OS X 10_15_7) AppleWebKit/537.36 (KHTML, like Gecko) Chrome/141.0.0.0 Safari/537.36"[39m
2025-10-23 23:01:50:150 [35mhttp[39m: [35m::1 - - [23/Oct/2025:20:01:50 +0000] "GET /api/v1/campaigns/featured?_t=1761249710683 HTTP/1.1" 200 2889 "http://localhost:3000/" "Mozilla/5.0 (Macintosh; Intel Mac OS X 10_15_7) AppleWebKit/537.36 (KHTML, like Gecko) Chrome/141.0.0.0 Safari/537.36"[39m
2025-10-23 23:01:50:150 [35mhttp[39m: [35m::1 - - [23/Oct/2025:20:01:50 +0000] "GET /api/v1/stats?_t=1761249710682 HTTP/1.1" 200 121 "http://localhost:3000/" "Mozilla/5.0 (Macintosh; Intel Mac OS X 10_15_7) AppleWebKit/537.36 (KHTML, like Gecko) Chrome/141.0.0.0 Safari/537.36"[39m
2025-10-23 23:01:50:150 [35mhttp[39m: [35m::1 - - [23/Oct/2025:20:01:50 +0000] "GET /api/v1/stats?_t=1761249710683 HTTP/1.1" 200 121 "http://localhost:3000/" "Mozilla/5.0 (Macintosh; Intel Mac OS X 10_15_7) AppleWebKit/537.36 (KHTML, like Gecko) Chrome/141.0.0.0 Safari/537.36"[39m
2025-10-23 23:01:57:157 [35mhttp[39m: [35m::1 - - [23/Oct/2025:20:01:57 +0000] "POST /api/v1/auth/login HTTP/1.1" 200 387 "http://localhost:3000/" "Mozilla/5.0 (Macintosh; Intel Mac OS X 10_15_7) AppleWebKit/537.36 (KHTML, like Gecko) Chrome/141.0.0.0 Safari/537.36"[39m
2025-10-23 23:01:59:159 [35mhttp[39m: [35m::1 - - [23/Oct/2025:20:01:59 +0000] "GET /api/v1/campaigns?category=&status=&search=&page=1&limit=12 HTTP/1.1" 200 7990 "http://localhost:3000/" "Mozilla/5.0 (Macintosh; Intel Mac OS X 10_15_7) AppleWebKit/537.36 (KHTML, like Gecko) Chrome/141.0.0.0 Safari/537.36"[39m
2025-10-23 23:01:59:159 [35mhttp[39m: [35m::1 - - [23/Oct/2025:20:01:59 +0000] "GET /api/v1/campaigns/featured?_t=1761249719079 HTTP/1.1" 200 2889 "http://localhost:3000/" "Mozilla/5.0 (Macintosh; Intel Mac OS X 10_15_7) AppleWebKit/537.36 (KHTML, like Gecko) Chrome/141.0.0.0 Safari/537.36"[39m
2025-10-23 23:01:59:159 [35mhttp[39m: [35m::1 - - [23/Oct/2025:20:01:59 +0000] "GET /api/v1/campaigns?category=&status=&search=&page=1&limit=12 HTTP/1.1" 304 - "http://localhost:3000/" "Mozilla/5.0 (Macintosh; Intel Mac OS X 10_15_7) AppleWebKit/537.36 (KHTML, like Gecko) Chrome/141.0.0.0 Safari/537.36"[39m
2025-10-23 23:01:59:159 [35mhttp[39m: [35m::1 - - [23/Oct/2025:20:01:59 +0000] "GET /api/v1/campaigns/featured?_t=1761249719079 HTTP/1.1" 304 - "http://localhost:3000/" "Mozilla/5.0 (Macintosh; Intel Mac OS X 10_15_7) AppleWebKit/537.36 (KHTML, like Gecko) Chrome/141.0.0.0 Safari/537.36"[39m
2025-10-23 23:02:09:29 [35mhttp[39m: [35m::1 - - [23/Oct/2025:20:02:09 +0000] "POST /api/v1/auth/login HTTP/1.1" 200 376 "http://localhost:3000/" "Mozilla/5.0 (Macintosh; Intel Mac OS X 10_15_7) AppleWebKit/537.36 (KHTML, like Gecko) Chrome/141.0.0.0 Safari/537.36"[39m
2025-10-23 23:02:10:210 [35mhttp[39m: [35m::1 - - [23/Oct/2025:20:02:10 +0000] "GET /api/v1/campaigns?category=&status=&search=&page=1&limit=12 HTTP/1.1" 200 7990 "http://localhost:3000/" "Mozilla/5.0 (Macintosh; Intel Mac OS X 10_15_7) AppleWebKit/537.36 (KHTML, like Gecko) Chrome/141.0.0.0 Safari/537.36"[39m
2025-10-23 23:02:10:210 [35mhttp[39m: [35m::1 - - [23/Oct/2025:20:02:10 +0000] "GET /api/v1/campaigns/featured?_t=1761249730652 HTTP/1.1" 200 2889 "http://localhost:3000/" "Mozilla/5.0 (Macintosh; Intel Mac OS X 10_15_7) AppleWebKit/537.36 (KHTML, like Gecko) Chrome/141.0.0.0 Safari/537.36"[39m
2025-10-23 23:02:10:210 [35mhttp[39m: [35m::1 - - [23/Oct/2025:20:02:10 +0000] "GET /api/v1/campaigns?category=&status=&search=&page=1&limit=12 HTTP/1.1" 200 7990 "http://localhost:3000/" "Mozilla/5.0 (Macintosh; Intel Mac OS X 10_15_7) AppleWebKit/537.36 (KHTML, like Gecko) Chrome/141.0.0.0 Safari/537.36"[39m
2025-10-23 23:02:10:210 [35mhttp[39m: [35m::1 - - [23/Oct/2025:20:02:10 +0000] "GET /api/v1/campaigns/featured?_t=1761249730652 HTTP/1.1" 304 - "http://localhost:3000/" "Mozilla/5.0 (Macintosh; Intel Mac OS X 10_15_7) AppleWebKit/537.36 (KHTML, like Gecko) Chrome/141.0.0.0 Safari/537.36"[39m
2025-10-23 23:02:47:247 [35mhttp[39m: [35m::1 - - [23/Oct/2025:20:02:47 +0000] "GET /api/v1/user-campaigns/my-campaigns?page=1&limit=12&_t=1761249767788 HTTP/1.1" 200 91 "http://localhost:3000/" "Mozilla/5.0 (Macintosh; Intel Mac OS X 10_15_7) AppleWebKit/537.36 (KHTML, like Gecko) Chrome/141.0.0.0 Safari/537.36"[39m
2025-10-23 23:02:47:247 [35mhttp[39m: [35m::1 - - [23/Oct/2025:20:02:47 +0000] "GET /api/v1/user-campaigns/my-campaigns?page=1&limit=12&_t=1761249767788 HTTP/1.1" 304 - "http://localhost:3000/" "Mozilla/5.0 (Macintosh; Intel Mac OS X 10_15_7) AppleWebKit/537.36 (KHTML, like Gecko) Chrome/141.0.0.0 Safari/537.36"[39m
2025-10-23 23:02:50:250 [35mhttp[39m: [35m::1 - - [23/Oct/2025:20:02:50 +0000] "GET /api/v1/user-campaigns/my-campaigns?page=1&limit=12&_t=1761249770795 HTTP/1.1" 200 91 "http://localhost:3000/" "Mozilla/5.0 (Macintosh; Intel Mac OS X 10_15_7) AppleWebKit/537.36 (KHTML, like Gecko) Chrome/141.0.0.0 Safari/537.36"[39m
2025-10-23 23:02:50:250 [35mhttp[39m: [35m::1 - - [23/Oct/2025:20:02:50 +0000] "GET /api/v1/user-campaigns/my-campaigns?page=1&limit=12&_t=1761249770795 HTTP/1.1" 304 - "http://localhost:3000/" "Mozilla/5.0 (Macintosh; Intel Mac OS X 10_15_7) AppleWebKit/537.36 (KHTML, like Gecko) Chrome/141.0.0.0 Safari/537.36"[39m
2025-10-23 23:02:51:251 [35mhttp[39m: [35m::1 - - [23/Oct/2025:20:02:51 +0000] "GET /api/v1/campaigns/featured?_t=1761249771555 HTTP/1.1" 200 2889 "http://localhost:3000/" "Mozilla/5.0 (Macintosh; Intel Mac OS X 10_15_7) AppleWebKit/537.36 (KHTML, like Gecko) Chrome/141.0.0.0 Safari/537.36"[39m
2025-10-23 23:02:51:251 [35mhttp[39m: [35m::1 - - [23/Oct/2025:20:02:51 +0000] "GET /api/v1/campaigns?category=&status=&search=&page=1&limit=12 HTTP/1.1" 200 7990 "http://localhost:3000/" "Mozilla/5.0 (Macintosh; Intel Mac OS X 10_15_7) AppleWebKit/537.36 (KHTML, like Gecko) Chrome/141.0.0.0 Safari/537.36"[39m
2025-10-23 23:02:51:251 [35mhttp[39m: [35m::1 - - [23/Oct/2025:20:02:51 +0000] "GET /api/v1/campaigns/featured?_t=1761249771556 HTTP/1.1" 200 2889 "http://localhost:3000/" "Mozilla/5.0 (Macintosh; Intel Mac OS X 10_15_7) AppleWebKit/537.36 (KHTML, like Gecko) Chrome/141.0.0.0 Safari/537.36"[39m
2025-10-23 23:02:51:251 [35mhttp[39m: [35m::1 - - [23/Oct/2025:20:02:51 +0000] "GET /api/v1/campaigns?category=&status=&search=&page=1&limit=12 HTTP/1.1" 304 - "http://localhost:3000/" "Mozilla/5.0 (Macintosh; Intel Mac OS X 10_15_7) AppleWebKit/537.36 (KHTML, like Gecko) Chrome/141.0.0.0 Safari/537.36"[39m
2025-10-23 23:02:52:252 [35mhttp[39m: [35m::1 - - [23/Oct/2025:20:02:52 +0000] "GET /api/v1/campaigns/trending?_t=1761249772313 HTTP/1.1" 200 2973 "http://localhost:3000/" "Mozilla/5.0 (Macintosh; Intel Mac OS X 10_15_7) AppleWebKit/537.36 (KHTML, like Gecko) Chrome/141.0.0.0 Safari/537.36"[39m
2025-10-23 23:02:52:252 [35mhttp[39m: [35m::1 - - [23/Oct/2025:20:02:52 +0000] "GET /api/v1/campaigns/featured?_t=1761249772313 HTTP/1.1" 200 2889 "http://localhost:3000/" "Mozilla/5.0 (Macintosh; Intel Mac OS X 10_15_7) AppleWebKit/537.36 (KHTML, like Gecko) Chrome/141.0.0.0 Safari/537.36"[39m
2025-10-23 23:02:52:252 [35mhttp[39m: [35m::1 - - [23/Oct/2025:20:02:52 +0000] "GET /api/v1/campaigns/trending?_t=1761249772313 HTTP/1.1" 304 - "http://localhost:3000/" "Mozilla/5.0 (Macintosh; Intel Mac OS X 10_15_7) AppleWebKit/537.36 (KHTML, like Gecko) Chrome/141.0.0.0 Safari/537.36"[39m
2025-10-23 23:02:52:252 [35mhttp[39m: [35m::1 - - [23/Oct/2025:20:02:52 +0000] "GET /api/v1/campaigns/featured?_t=1761249772313 HTTP/1.1" 304 - "http://localhost:3000/" "Mozilla/5.0 (Macintosh; Intel Mac OS X 10_15_7) AppleWebKit/537.36 (KHTML, like Gecko) Chrome/141.0.0.0 Safari/537.36"[39m
2025-10-23 23:02:52:252 [35mhttp[39m: [35m::1 - - [23/Oct/2025:20:02:52 +0000] "GET /api/v1/stats?_t=1761249772313 HTTP/1.1" 200 121 "http://localhost:3000/" "Mozilla/5.0 (Macintosh; Intel Mac OS X 10_15_7) AppleWebKit/537.36 (KHTML, like Gecko) Chrome/141.0.0.0 Safari/537.36"[39m
2025-10-23 23:02:52:252 [35mhttp[39m: [35m::1 - - [23/Oct/2025:20:02:52 +0000] "GET /api/v1/stats?_t=1761249772313 HTTP/1.1" 304 - "http://localhost:3000/" "Mozilla/5.0 (Macintosh; Intel Mac OS X 10_15_7) AppleWebKit/537.36 (KHTML, like Gecko) Chrome/141.0.0.0 Safari/537.36"[39m
2025-10-23 23:05:10:510 [35mhttp[39m: [35m::1 - - [23/Oct/2025:20:05:10 +0000] "GET /api/v1/user-campaigns/my-campaigns?page=1&limit=12&_t=1761249910730 HTTP/1.1" 200 91 "http://localhost:3000/" "Mozilla/5.0 (Macintosh; Intel Mac OS X 10_15_7) AppleWebKit/537.36 (KHTML, like Gecko) Chrome/141.0.0.0 Safari/537.36"[39m
2025-10-23 23:05:10:510 [35mhttp[39m: [35m::1 - - [23/Oct/2025:20:05:10 +0000] "GET /api/v1/user-campaigns/my-campaigns?page=1&limit=12&_t=1761249910730 HTTP/1.1" 304 - "http://localhost:3000/" "Mozilla/5.0 (Macintosh; Intel Mac OS X 10_15_7) AppleWebKit/537.36 (KHTML, like Gecko) Chrome/141.0.0.0 Safari/537.36"[39m
2025-10-23 23:05:55:555 [33mwarn[39m: [33mBody validation failed[39m
2025-10-23 23:05:55:555 [33mwarn[39m: [33mClient Error Validation failed: Goal cannot exceed $1,000,000[39m
2025-10-23 23:05:55:555 [35mhttp[39m: [35m::1 - - [23/Oct/2025:20:05:55 +0000] "POST /api/v1/campaigns HTTP/1.1" 400 767 "http://localhost:3000/" "Mozilla/5.0 (Macintosh; Intel Mac OS X 10_15_7) AppleWebKit/537.36 (KHTML, like Gecko) Chrome/141.0.0.0 Safari/537.36"[39m
2025-10-23 23:06:13:613 [35mhttp[39m: [35m::1 - - [23/Oct/2025:20:06:13 +0000] "GET /api/v1/campaigns/featured?_t=1761249973686 HTTP/1.1" 200 2889 "http://localhost:3000/" "Mozilla/5.0 (Macintosh; Intel Mac OS X 10_15_7) AppleWebKit/537.36 (KHTML, like Gecko) Chrome/141.0.0.0 Safari/537.36"[39m
2025-10-23 23:06:13:613 [35mhttp[39m: [35m::1 - - [23/Oct/2025:20:06:13 +0000] "GET /api/v1/campaigns/featured?_t=1761249973687 HTTP/1.1" 200 2889 "http://localhost:3000/" "Mozilla/5.0 (Macintosh; Intel Mac OS X 10_15_7) AppleWebKit/537.36 (KHTML, like Gecko) Chrome/141.0.0.0 Safari/537.36"[39m
2025-10-23 23:06:13:613 [35mhttp[39m: [35m::1 - - [23/Oct/2025:20:06:13 +0000] "GET /api/v1/campaigns/trending?_t=1761249973687 HTTP/1.1" 200 2973 "http://localhost:3000/" "Mozilla/5.0 (Macintosh; Intel Mac OS X 10_15_7) AppleWebKit/537.36 (KHTML, like Gecko) Chrome/141.0.0.0 Safari/537.36"[39m
2025-10-23 23:06:13:613 [35mhttp[39m: [35m::1 - - [23/Oct/2025:20:06:13 +0000] "GET /api/v1/stats?_t=1761249973687 HTTP/1.1" 200 121 "http://localhost:3000/" "Mozilla/5.0 (Macintosh; Intel Mac OS X 10_15_7) AppleWebKit/537.36 (KHTML, like Gecko) Chrome/141.0.0.0 Safari/537.36"[39m
2025-10-23 23:06:13:613 [35mhttp[39m: [35m::1 - - [23/Oct/2025:20:06:13 +0000] "GET /api/v1/campaigns/trending?_t=1761249973687 HTTP/1.1" 304 - "http://localhost:3000/" "Mozilla/5.0 (Macintosh; Intel Mac OS X 10_15_7) AppleWebKit/537.36 (KHTML, like Gecko) Chrome/141.0.0.0 Safari/537.36"[39m
2025-10-23 23:06:13:613 [35mhttp[39m: [35m::1 - - [23/Oct/2025:20:06:13 +0000] "GET /api/v1/stats?_t=1761249973687 HTTP/1.1" 304 - "http://localhost:3000/" "Mozilla/5.0 (Macintosh; Intel Mac OS X 10_15_7) AppleWebKit/537.36 (KHTML, like Gecko) Chrome/141.0.0.0 Safari/537.36"[39m
2025-10-23 23:06:26:626 [35mhttp[39m: [35m::1 - - [23/Oct/2025:20:06:26 +0000] "GET /api/v1/campaigns/550e8400-e29b-41d4-a716-446655440010?_t=1761249986673 HTTP/1.1" 200 1615 "http://localhost:3000/" "Mozilla/5.0 (Macintosh; Intel Mac OS X 10_15_7) AppleWebKit/537.36 (KHTML, like Gecko) Chrome/141.0.0.0 Safari/537.36"[39m
2025-10-23 23:06:26:626 [35mhttp[39m: [35m::1 - - [23/Oct/2025:20:06:26 +0000] "GET /api/v1/campaigns/550e8400-e29b-41d4-a716-446655440010?_t=1761249986673 HTTP/1.1" 304 - "http://localhost:3000/" "Mozilla/5.0 (Macintosh; Intel Mac OS X 10_15_7) AppleWebKit/537.36 (KHTML, like Gecko) Chrome/141.0.0.0 Safari/537.36"[39m
2025-10-23 23:06:26:626 [35mhttp[39m: [35m::1 - - [23/Oct/2025:20:06:26 +0000] "GET /api/v1/campaigns/550e8400-e29b-41d4-a716-446655440010/donations?page=1&limit=10&_t=1761249986673 HTTP/1.1" 200 837 "http://localhost:3000/" "Mozilla/5.0 (Macintosh; Intel Mac OS X 10_15_7) AppleWebKit/537.36 (KHTML, like Gecko) Chrome/141.0.0.0 Safari/537.36"[39m
2025-10-23 23:06:26:626 [35mhttp[39m: [35m::1 - - [23/Oct/2025:20:06:26 +0000] "GET /api/v1/campaigns/550e8400-e29b-41d4-a716-446655440010/donations?page=1&limit=10&_t=1761249986673 HTTP/1.1" 304 - "http://localhost:3000/" "Mozilla/5.0 (Macintosh; Intel Mac OS X 10_15_7) AppleWebKit/537.36 (KHTML, like Gecko) Chrome/141.0.0.0 Safari/537.36"[39m
2025-10-23 23:06:30:630 [35mhttp[39m: [35m::1 - - [23/Oct/2025:20:06:30 +0000] "GET /api/v1/user-campaigns/my-campaigns?page=1&limit=12&_t=1761249990317 HTTP/1.1" 200 91 "http://localhost:3000/" "Mozilla/5.0 (Macintosh; Intel Mac OS X 10_15_7) AppleWebKit/537.36 (KHTML, like Gecko) Chrome/141.0.0.0 Safari/537.36"[39m
2025-10-23 23:06:30:630 [35mhttp[39m: [35m::1 - - [23/Oct/2025:20:06:30 +0000] "GET /api/v1/user-campaigns/my-campaigns?page=1&limit=12&_t=1761249990317 HTTP/1.1" 304 - "http://localhost:3000/" "Mozilla/5.0 (Macintosh; Intel Mac OS X 10_15_7) AppleWebKit/537.36 (KHTML, like Gecko) Chrome/141.0.0.0 Safari/537.36"[39m
2025-10-23 23:07:08:78 [35mhttp[39m: [35m::1 - - [23/Oct/2025:20:07:08 +0000] "POST /api/v1/campaigns HTTP/1.1" 201 472 "http://localhost:3000/" "Mozilla/5.0 (Macintosh; Intel Mac OS X 10_15_7) AppleWebKit/537.36 (KHTML, like Gecko) Chrome/141.0.0.0 Safari/537.36"[39m
2025-10-23 23:07:08:78 [35mhttp[39m: [35m::1 - - [23/Oct/2025:20:07:08 +0000] "GET /api/v1/campaigns/babfbcbf-b3db-4b27-9251-8a36b9ed1f34/donations?page=1&limit=10&_t=1761250028654 HTTP/1.1" 200 91 "http://localhost:3000/" "Mozilla/5.0 (Macintosh; Intel Mac OS X 10_15_7) AppleWebKit/537.36 (KHTML, like Gecko) Chrome/141.0.0.0 Safari/537.36"[39m
2025-10-23 23:07:08:78 [35mhttp[39m: [35m::1 - - [23/Oct/2025:20:07:08 +0000] "GET /api/v1/campaigns/babfbcbf-b3db-4b27-9251-8a36b9ed1f34?_t=1761250028654 HTTP/1.1" 200 718 "http://localhost:3000/" "Mozilla/5.0 (Macintosh; Intel Mac OS X 10_15_7) AppleWebKit/537.36 (KHTML, like Gecko) Chrome/141.0.0.0 Safari/537.36"[39m
2025-10-23 23:07:08:78 [35mhttp[39m: [35m::1 - - [23/Oct/2025:20:07:08 +0000] "GET /api/v1/campaigns/babfbcbf-b3db-4b27-9251-8a36b9ed1f34/donations?page=1&limit=10&_t=1761250028654 HTTP/1.1" 304 - "http://localhost:3000/" "Mozilla/5.0 (Macintosh; Intel Mac OS X 10_15_7) AppleWebKit/537.36 (KHTML, like Gecko) Chrome/141.0.0.0 Safari/537.36"[39m
2025-10-23 23:07:08:78 [35mhttp[39m: [35m::1 - - [23/Oct/2025:20:07:08 +0000] "GET /api/v1/campaigns/babfbcbf-b3db-4b27-9251-8a36b9ed1f34?_t=1761250028654 HTTP/1.1" 304 - "http://localhost:3000/" "Mozilla/5.0 (Macintosh; Intel Mac OS X 10_15_7) AppleWebKit/537.36 (KHTML, like Gecko) Chrome/141.0.0.0 Safari/537.36"[39m
2025-10-23 23:07:13:713 [35mhttp[39m: [35m::1 - - [23/Oct/2025:20:07:13 +0000] "GET /api/v1/campaigns?category=&status=&search=&page=1&limit=12 HTTP/1.1" 200 8078 "http://localhost:3000/" "Mozilla/5.0 (Macintosh; Intel Mac OS X 10_15_7) AppleWebKit/537.36 (KHTML, like Gecko) Chrome/141.0.0.0 Safari/537.36"[39m
2025-10-23 23:07:13:713 [35mhttp[39m: [35m::1 - - [23/Oct/2025:20:07:13 +0000] "GET /api/v1/campaigns/featured?_t=1761250033576 HTTP/1.1" 200 2889 "http://localhost:3000/" "Mozilla/5.0 (Macintosh; Intel Mac OS X 10_15_7) AppleWebKit/537.36 (KHTML, like Gecko) Chrome/141.0.0.0 Safari/537.36"[39m
2025-10-23 23:07:13:713 [35mhttp[39m: [35m::1 - - [23/Oct/2025:20:07:13 +0000] "GET /api/v1/campaigns/featured?_t=1761250033576 HTTP/1.1" 304 - "http://localhost:3000/" "Mozilla/5.0 (Macintosh; Intel Mac OS X 10_15_7) AppleWebKit/537.36 (KHTML, like Gecko) Chrome/141.0.0.0 Safari/537.36"[39m
2025-10-23 23:07:13:713 [35mhttp[39m: [35m::1 - - [23/Oct/2025:20:07:13 +0000] "GET /api/v1/campaigns?category=&status=&search=&page=1&limit=12 HTTP/1.1" 304 - "http://localhost:3000/" "Mozilla/5.0 (Macintosh; Intel Mac OS X 10_15_7) AppleWebKit/537.36 (KHTML, like Gecko) Chrome/141.0.0.0 Safari/537.36"[39m
2025-10-23 23:07:16:716 [35mhttp[39m: [35m::1 - - [23/Oct/2025:20:07:16 +0000] "GET /api/v1/campaigns/babfbcbf-b3db-4b27-9251-8a36b9ed1f34/donations?page=1&limit=10&_t=1761250036545 HTTP/1.1" 200 91 "http://localhost:3000/" "Mozilla/5.0 (Macintosh; Intel Mac OS X 10_15_7) AppleWebKit/537.36 (KHTML, like Gecko) Chrome/141.0.0.0 Safari/537.36"[39m
2025-10-23 23:07:16:716 [35mhttp[39m: [35m::1 - - [23/Oct/2025:20:07:16 +0000] "GET /api/v1/campaigns/babfbcbf-b3db-4b27-9251-8a36b9ed1f34/donations?page=1&limit=10&_t=1761250036545 HTTP/1.1" 304 - "http://localhost:3000/" "Mozilla/5.0 (Macintosh; Intel Mac OS X 10_15_7) AppleWebKit/537.36 (KHTML, like Gecko) Chrome/141.0.0.0 Safari/537.36"[39m
2025-10-23 23:07:16:716 [35mhttp[39m: [35m::1 - - [23/Oct/2025:20:07:16 +0000] "GET /api/v1/campaigns/babfbcbf-b3db-4b27-9251-8a36b9ed1f34?_t=1761250036545 HTTP/1.1" 200 718 "http://localhost:3000/" "Mozilla/5.0 (Macintosh; Intel Mac OS X 10_15_7) AppleWebKit/537.36 (KHTML, like Gecko) Chrome/141.0.0.0 Safari/537.36"[39m
2025-10-23 23:07:16:716 [35mhttp[39m: [35m::1 - - [23/Oct/2025:20:07:16 +0000] "GET /api/v1/campaigns/babfbcbf-b3db-4b27-9251-8a36b9ed1f34?_t=1761250036545 HTTP/1.1" 304 - "http://localhost:3000/" "Mozilla/5.0 (Macintosh; Intel Mac OS X 10_15_7) AppleWebKit/537.36 (KHTML, like Gecko) Chrome/141.0.0.0 Safari/537.36"[39m
2025-10-23 23:07:20:720 [35mhttp[39m: [35m::1 - - [23/Oct/2025:20:07:20 +0000] "POST /api/v1/auth/login HTTP/1.1" 200 387 "http://localhost:3000/" "Mozilla/5.0 (Macintosh; Intel Mac OS X 10_15_7) AppleWebKit/537.36 (KHTML, like Gecko) Chrome/141.0.0.0 Safari/537.36"[39m
2025-10-23 23:07:21:721 [35mhttp[39m: [35m::1 - - [23/Oct/2025:20:07:21 +0000] "GET /api/v1/campaigns/featured?_t=1761250041644 HTTP/1.1" 200 2889 "http://localhost:3000/" "Mozilla/5.0 (Macintosh; Intel Mac OS X 10_15_7) AppleWebKit/537.36 (KHTML, like Gecko) Chrome/141.0.0.0 Safari/537.36"[39m
2025-10-23 23:07:21:721 [35mhttp[39m: [35m::1 - - [23/Oct/2025:20:07:21 +0000] "GET /api/v1/campaigns?category=&status=&search=&page=1&limit=12 HTTP/1.1" 304 - "http://localhost:3000/" "Mozilla/5.0 (Macintosh; Intel Mac OS X 10_15_7) AppleWebKit/537.36 (KHTML, like Gecko) Chrome/141.0.0.0 Safari/537.36"[39m
2025-10-23 23:07:21:721 [35mhttp[39m: [35m::1 - - [23/Oct/2025:20:07:21 +0000] "GET /api/v1/campaigns/featured?_t=1761250041644 HTTP/1.1" 304 - "http://localhost:3000/" "Mozilla/5.0 (Macintosh; Intel Mac OS X 10_15_7) AppleWebKit/537.36 (KHTML, like Gecko) Chrome/141.0.0.0 Safari/537.36"[39m
2025-10-23 23:07:21:721 [35mhttp[39m: [35m::1 - - [23/Oct/2025:20:07:21 +0000] "GET /api/v1/campaigns?category=&status=&search=&page=1&limit=12 HTTP/1.1" 200 8078 "http://localhost:3000/" "Mozilla/5.0 (Macintosh; Intel Mac OS X 10_15_7) AppleWebKit/537.36 (KHTML, like Gecko) Chrome/141.0.0.0 Safari/537.36"[39m
2025-10-23 23:07:25:725 [35mhttp[39m: [35m::1 - - [23/Oct/2025:20:07:25 +0000] "GET /api/v1/campaigns/babfbcbf-b3db-4b27-9251-8a36b9ed1f34/donations?page=1&limit=10&_t=1761250045347 HTTP/1.1" 200 91 "http://localhost:3000/" "Mozilla/5.0 (Macintosh; Intel Mac OS X 10_15_7) AppleWebKit/537.36 (KHTML, like Gecko) Chrome/141.0.0.0 Safari/537.36"[39m
2025-10-23 23:07:25:725 [35mhttp[39m: [35m::1 - - [23/Oct/2025:20:07:25 +0000] "GET /api/v1/campaigns/babfbcbf-b3db-4b27-9251-8a36b9ed1f34/donations?page=1&limit=10&_t=1761250045347 HTTP/1.1" 304 - "http://localhost:3000/" "Mozilla/5.0 (Macintosh; Intel Mac OS X 10_15_7) AppleWebKit/537.36 (KHTML, like Gecko) Chrome/141.0.0.0 Safari/537.36"[39m
2025-10-23 23:07:25:725 [35mhttp[39m: [35m::1 - - [23/Oct/2025:20:07:25 +0000] "GET /api/v1/campaigns/babfbcbf-b3db-4b27-9251-8a36b9ed1f34?_t=1761250045347 HTTP/1.1" 200 718 "http://localhost:3000/" "Mozilla/5.0 (Macintosh; Intel Mac OS X 10_15_7) AppleWebKit/537.36 (KHTML, like Gecko) Chrome/141.0.0.0 Safari/537.36"[39m
2025-10-23 23:07:25:725 [35mhttp[39m: [35m::1 - - [23/Oct/2025:20:07:25 +0000] "GET /api/v1/campaigns/babfbcbf-b3db-4b27-9251-8a36b9ed1f34?_t=1761250045347 HTTP/1.1" 304 - "http://localhost:3000/" "Mozilla/5.0 (Macintosh; Intel Mac OS X 10_15_7) AppleWebKit/537.36 (KHTML, like Gecko) Chrome/141.0.0.0 Safari/537.36"[39m
2025-10-23 23:07:43:743 [35mhttp[39m: [35m::1 - - [23/Oct/2025:20:07:43 +0000] "POST /api/v1/auth/login HTTP/1.1" 200 376 "http://localhost:3000/" "Mozilla/5.0 (Macintosh; Intel Mac OS X 10_15_7) AppleWebKit/537.36 (KHTML, like Gecko) Chrome/141.0.0.0 Safari/537.36"[39m
2025-10-23 23:07:45:745 [35mhttp[39m: [35m::1 - - [23/Oct/2025:20:07:45 +0000] "GET /api/v1/campaigns?category=&status=&search=&page=1&limit=12 HTTP/1.1" 304 - "http://localhost:3000/" "Mozilla/5.0 (Macintosh; Intel Mac OS X 10_15_7) AppleWebKit/537.36 (KHTML, like Gecko) Chrome/141.0.0.0 Safari/537.36"[39m
2025-10-23 23:07:45:745 [35mhttp[39m: [35m::1 - - [23/Oct/2025:20:07:45 +0000] "GET /api/v1/campaigns/featured?_t=1761250065438 HTTP/1.1" 200 2889 "http://localhost:3000/" "Mozilla/5.0 (Macintosh; Intel Mac OS X 10_15_7) AppleWebKit/537.36 (KHTML, like Gecko) Chrome/141.0.0.0 Safari/537.36"[39m
2025-10-23 23:07:45:745 [35mhttp[39m: [35m::1 - - [23/Oct/2025:20:07:45 +0000] "GET /api/v1/campaigns?category=&status=&search=&page=1&limit=12 HTTP/1.1" 304 - "http://localhost:3000/" "Mozilla/5.0 (Macintosh; Intel Mac OS X 10_15_7) AppleWebKit/537.36 (KHTML, like Gecko) Chrome/141.0.0.0 Safari/537.36"[39m
2025-10-23 23:07:45:745 [35mhttp[39m: [35m::1 - - [23/Oct/2025:20:07:45 +0000] "GET /api/v1/campaigns/featured?_t=1761250065438 HTTP/1.1" 304 - "http://localhost:3000/" "Mozilla/5.0 (Macintosh; Intel Mac OS X 10_15_7) AppleWebKit/537.36 (KHTML, like Gecko) Chrome/141.0.0.0 Safari/537.36"[39m
2025-10-23 23:07:46:746 [35mhttp[39m: [35m::1 - - [23/Oct/2025:20:07:46 +0000] "GET /api/v1/user-campaigns/my-campaigns?page=1&limit=12&_t=1761250066595 HTTP/1.1" 200 641 "http://localhost:3000/" "Mozilla/5.0 (Macintosh; Intel Mac OS X 10_15_7) AppleWebKit/537.36 (KHTML, like Gecko) Chrome/141.0.0.0 Safari/537.36"[39m
2025-10-23 23:07:46:746 [35mhttp[39m: [35m::1 - - [23/Oct/2025:20:07:46 +0000] "GET /api/v1/user-campaigns/my-campaigns?page=1&limit=12&_t=1761250066595 HTTP/1.1" 304 - "http://localhost:3000/" "Mozilla/5.0 (Macintosh; Intel Mac OS X 10_15_7) AppleWebKit/537.36 (KHTML, like Gecko) Chrome/141.0.0.0 Safari/537.36"[39m
2025-10-23 23:07:56:756 [35mhttp[39m: [35m::1 - - [23/Oct/2025:20:07:56 +0000] "GET /api/v1/campaigns/featured?_t=1761250076528 HTTP/1.1" 200 2889 "http://localhost:3000/" "Mozilla/5.0 (Macintosh; Intel Mac OS X 10_15_7) AppleWebKit/537.36 (KHTML, like Gecko) Chrome/141.0.0.0 Safari/537.36"[39m
2025-10-23 23:07:56:756 [35mhttp[39m: [35m::1 - - [23/Oct/2025:20:07:56 +0000] "GET /api/v1/campaigns/trending?_t=1761250076528 HTTP/1.1" 200 2973 "http://localhost:3000/" "Mozilla/5.0 (Macintosh; Intel Mac OS X 10_15_7) AppleWebKit/537.36 (KHTML, like Gecko) Chrome/141.0.0.0 Safari/537.36"[39m
2025-10-23 23:07:56:756 [35mhttp[39m: [35m::1 - - [23/Oct/2025:20:07:56 +0000] "GET /api/v1/campaigns/featured?_t=1761250076528 HTTP/1.1" 304 - "http://localhost:3000/" "Mozilla/5.0 (Macintosh; Intel Mac OS X 10_15_7) AppleWebKit/537.36 (KHTML, like Gecko) Chrome/141.0.0.0 Safari/537.36"[39m
2025-10-23 23:07:56:756 [35mhttp[39m: [35m::1 - - [23/Oct/2025:20:07:56 +0000] "GET /api/v1/campaigns/trending?_t=1761250076528 HTTP/1.1" 304 - "http://localhost:3000/" "Mozilla/5.0 (Macintosh; Intel Mac OS X 10_15_7) AppleWebKit/537.36 (KHTML, like Gecko) Chrome/141.0.0.0 Safari/537.36"[39m
2025-10-23 23:07:56:756 [35mhttp[39m: [35m::1 - - [23/Oct/2025:20:07:56 +0000] "GET /api/v1/stats?_t=1761250076528 HTTP/1.1" 200 121 "http://localhost:3000/" "Mozilla/5.0 (Macintosh; Intel Mac OS X 10_15_7) AppleWebKit/537.36 (KHTML, like Gecko) Chrome/141.0.0.0 Safari/537.36"[39m
2025-10-23 23:07:56:756 [35mhttp[39m: [35m::1 - - [23/Oct/2025:20:07:56 +0000] "GET /api/v1/stats?_t=1761250076528 HTTP/1.1" 304 - "http://localhost:3000/" "Mozilla/5.0 (Macintosh; Intel Mac OS X 10_15_7) AppleWebKit/537.36 (KHTML, like Gecko) Chrome/141.0.0.0 Safari/537.36"[39m
2025-10-23 23:08:14:814 [35mhttp[39m: [35m::1 - - [23/Oct/2025:20:08:14 +0000] "GET /api/v1/users/profile?_t=1761250094695 HTTP/1.1" 200 308 "http://localhost:3000/" "Mozilla/5.0 (Macintosh; Intel Mac OS X 10_15_7) AppleWebKit/537.36 (KHTML, like Gecko) Chrome/141.0.0.0 Safari/537.36"[39m
2025-10-23 23:08:14:814 [35mhttp[39m: [35m::1 - - [23/Oct/2025:20:08:14 +0000] "GET /api/v1/users/profile?_t=1761250094696 HTTP/1.1" 200 308 "http://localhost:3000/" "Mozilla/5.0 (Macintosh; Intel Mac OS X 10_15_7) AppleWebKit/537.36 (KHTML, like Gecko) Chrome/141.0.0.0 Safari/537.36"[39m
2025-10-23 23:08:20:820 [35mhttp[39m: [35m::1 - - [23/Oct/2025:20:08:20 +0000] "GET /api/v1/campaigns/featured?_t=1761250100792 HTTP/1.1" 200 2889 "http://localhost:3000/" "Mozilla/5.0 (Macintosh; Intel Mac OS X 10_15_7) AppleWebKit/537.36 (KHTML, like Gecko) Chrome/141.0.0.0 Safari/537.36"[39m
2025-10-23 23:08:20:820 [35mhttp[39m: [35m::1 - - [23/Oct/2025:20:08:20 +0000] "GET /api/v1/campaigns?category=&status=&search=&page=1&limit=12 HTTP/1.1" 304 - "http://localhost:3000/" "Mozilla/5.0 (Macintosh; Intel Mac OS X 10_15_7) AppleWebKit/537.36 (KHTML, like Gecko) Chrome/141.0.0.0 Safari/537.36"[39m
2025-10-23 23:08:20:820 [35mhttp[39m: [35m::1 - - [23/Oct/2025:20:08:20 +0000] "GET /api/v1/campaigns/featured?_t=1761250100792 HTTP/1.1" 304 - "http://localhost:3000/" "Mozilla/5.0 (Macintosh; Intel Mac OS X 10_15_7) AppleWebKit/537.36 (KHTML, like Gecko) Chrome/141.0.0.0 Safari/537.36"[39m
2025-10-23 23:08:20:820 [35mhttp[39m: [35m::1 - - [23/Oct/2025:20:08:20 +0000] "GET /api/v1/campaigns?category=&status=&search=&page=1&limit=12 HTTP/1.1" 200 8078 "http://localhost:3000/" "Mozilla/5.0 (Macintosh; Intel Mac OS X 10_15_7) AppleWebKit/537.36 (KHTML, like Gecko) Chrome/141.0.0.0 Safari/537.36"[39m
2025-10-23 23:08:21:821 [35mhttp[39m: [35m::1 - - [23/Oct/2025:20:08:21 +0000] "GET /api/v1/user-campaigns/my-campaigns?page=1&limit=12&_t=1761250101489 HTTP/1.1" 200 641 "http://localhost:3000/" "Mozilla/5.0 (Macintosh; Intel Mac OS X 10_15_7) AppleWebKit/537.36 (KHTML, like Gecko) Chrome/141.0.0.0 Safari/537.36"[39m
2025-10-23 23:08:21:821 [35mhttp[39m: [35m::1 - - [23/Oct/2025:20:08:21 +0000] "GET /api/v1/user-campaigns/my-campaigns?page=1&limit=12&_t=1761250101489 HTTP/1.1" 304 - "http://localhost:3000/" "Mozilla/5.0 (Macintosh; Intel Mac OS X 10_15_7) AppleWebKit/537.36 (KHTML, like Gecko) Chrome/141.0.0.0 Safari/537.36"[39m
2025-10-23 23:08:23:823 [35mhttp[39m: [35m::1 - - [23/Oct/2025:20:08:23 +0000] "GET /api/v1/campaigns/featured?_t=1761250103864 HTTP/1.1" 200 2889 "http://localhost:3000/" "Mozilla/5.0 (Macintosh; Intel Mac OS X 10_15_7) AppleWebKit/537.36 (KHTML, like Gecko) Chrome/141.0.0.0 Safari/537.36"[39m
2025-10-23 23:08:23:823 [35mhttp[39m: [35m::1 - - [23/Oct/2025:20:08:23 +0000] "GET /api/v1/campaigns/trending?_t=1761250103865 HTTP/1.1" 200 2973 "http://localhost:3000/" "Mozilla/5.0 (Macintosh; Intel Mac OS X 10_15_7) AppleWebKit/537.36 (KHTML, like Gecko) Chrome/141.0.0.0 Safari/537.36"[39m
2025-10-23 23:08:23:823 [35mhttp[39m: [35m::1 - - [23/Oct/2025:20:08:23 +0000] "GET /api/v1/campaigns/featured?_t=1761250103865 HTTP/1.1" 200 2889 "http://localhost:3000/" "Mozilla/5.0 (Macintosh; Intel Mac OS X 10_15_7) AppleWebKit/537.36 (KHTML, like Gecko) Chrome/141.0.0.0 Safari/537.36"[39m
2025-10-23 23:08:23:823 [35mhttp[39m: [35m::1 - - [23/Oct/2025:20:08:23 +0000] "GET /api/v1/stats?_t=1761250103865 HTTP/1.1" 200 121 "http://localhost:3000/" "Mozilla/5.0 (Macintosh; Intel Mac OS X 10_15_7) AppleWebKit/537.36 (KHTML, like Gecko) Chrome/141.0.0.0 Safari/537.36"[39m
2025-10-23 23:08:23:823 [35mhttp[39m: [35m::1 - - [23/Oct/2025:20:08:23 +0000] "GET /api/v1/campaigns/trending?_t=1761250103865 HTTP/1.1" 304 - "http://localhost:3000/" "Mozilla/5.0 (Macintosh; Intel Mac OS X 10_15_7) AppleWebKit/537.36 (KHTML, like Gecko) Chrome/141.0.0.0 Safari/537.36"[39m
2025-10-23 23:08:23:823 [35mhttp[39m: [35m::1 - - [23/Oct/2025:20:08:23 +0000] "GET /api/v1/stats?_t=1761250103865 HTTP/1.1" 304 - "http://localhost:3000/" "Mozilla/5.0 (Macintosh; Intel Mac OS X 10_15_7) AppleWebKit/537.36 (KHTML, like Gecko) Chrome/141.0.0.0 Safari/537.36"[39m
2025-10-23 23:08:32:832 [35mhttp[39m: [35m::1 - - [23/Oct/2025:20:08:32 +0000] "GET /api/v1/campaigns/trending?_t=1761250112096 HTTP/1.1" 200 2973 "http://localhost:3000/" "Mozilla/5.0 (Macintosh; Intel Mac OS X 10_15_7) AppleWebKit/537.36 (KHTML, like Gecko) Chrome/141.0.0.0 Safari/537.36"[39m
2025-10-23 23:08:32:832 [35mhttp[39m: [35m::1 - - [23/Oct/2025:20:08:32 +0000] "GET /api/v1/campaigns/featured?_t=1761250112096 HTTP/1.1" 200 2889 "http://localhost:3000/" "Mozilla/5.0 (Macintosh; Intel Mac OS X 10_15_7) AppleWebKit/537.36 (KHTML, like Gecko) Chrome/141.0.0.0 Safari/537.36"[39m
2025-10-23 23:08:32:832 [35mhttp[39m: [35m::1 - - [23/Oct/2025:20:08:32 +0000] "GET /api/v1/campaigns/trending?_t=1761250112097 HTTP/1.1" 200 2973 "http://localhost:3000/" "Mozilla/5.0 (Macintosh; Intel Mac OS X 10_15_7) AppleWebKit/537.36 (KHTML, like Gecko) Chrome/141.0.0.0 Safari/537.36"[39m
2025-10-23 23:08:32:832 [35mhttp[39m: [35m::1 - - [23/Oct/2025:20:08:32 +0000] "GET /api/v1/campaigns/featured?_t=1761250112097 HTTP/1.1" 200 2889 "http://localhost:3000/" "Mozilla/5.0 (Macintosh; Intel Mac OS X 10_15_7) AppleWebKit/537.36 (KHTML, like Gecko) Chrome/141.0.0.0 Safari/537.36"[39m
2025-10-23 23:08:32:832 [35mhttp[39m: [35m::1 - - [23/Oct/2025:20:08:32 +0000] "GET /api/v1/stats?_t=1761250112097 HTTP/1.1" 200 121 "http://localhost:3000/" "Mozilla/5.0 (Macintosh; Intel Mac OS X 10_15_7) AppleWebKit/537.36 (KHTML, like Gecko) Chrome/141.0.0.0 Safari/537.36"[39m
2025-10-23 23:08:32:832 [35mhttp[39m: [35m::1 - - [23/Oct/2025:20:08:32 +0000] "GET /api/v1/stats?_t=1761250112097 HTTP/1.1" 304 - "http://localhost:3000/" "Mozilla/5.0 (Macintosh; Intel Mac OS X 10_15_7) AppleWebKit/537.36 (KHTML, like Gecko) Chrome/141.0.0.0 Safari/537.36"[39m
2025-10-23 23:09:19:919 [35mhttp[39m: [35m::1 - - [23/Oct/2025:20:09:19 +0000] "GET /api/v1/campaigns/trending?_t=1761250159136 HTTP/1.1" 200 2973 "http://localhost:3000/" "Mozilla/5.0 (Macintosh; Intel Mac OS X 10_15_7) AppleWebKit/537.36 (KHTML, like Gecko) Chrome/141.0.0.0 Safari/537.36"[39m
2025-10-23 23:09:19:919 [35mhttp[39m: [35m::1 - - [23/Oct/2025:20:09:19 +0000] "GET /api/v1/campaigns/featured?_t=1761250159136 HTTP/1.1" 200 2889 "http://localhost:3000/" "Mozilla/5.0 (Macintosh; Intel Mac OS X 10_15_7) AppleWebKit/537.36 (KHTML, like Gecko) Chrome/141.0.0.0 Safari/537.36"[39m
2025-10-23 23:09:19:919 [35mhttp[39m: [35m::1 - - [23/Oct/2025:20:09:19 +0000] "GET /api/v1/campaigns/featured?_t=1761250159137 HTTP/1.1" 200 2889 "http://localhost:3000/" "Mozilla/5.0 (Macintosh; Intel Mac OS X 10_15_7) AppleWebKit/537.36 (KHTML, like Gecko) Chrome/141.0.0.0 Safari/537.36"[39m
2025-10-23 23:09:19:919 [35mhttp[39m: [35m::1 - - [23/Oct/2025:20:09:19 +0000] "GET /api/v1/campaigns/trending?_t=1761250159137 HTTP/1.1" 200 2973 "http://localhost:3000/" "Mozilla/5.0 (Macintosh; Intel Mac OS X 10_15_7) AppleWebKit/537.36 (KHTML, like Gecko) Chrome/141.0.0.0 Safari/537.36"[39m
2025-10-23 23:09:19:919 [35mhttp[39m: [35m::1 - - [23/Oct/2025:20:09:19 +0000] "GET /api/v1/users/profile?_t=1761250159136 HTTP/1.1" 200 308 "http://localhost:3000/" "Mozilla/5.0 (Macintosh; Intel Mac OS X 10_15_7) AppleWebKit/537.36 (KHTML, like Gecko) Chrome/141.0.0.0 Safari/537.36"[39m
2025-10-23 23:09:19:919 [35mhttp[39m: [35m::1 - - [23/Oct/2025:20:09:19 +0000] "GET /api/v1/stats?_t=1761250159136 HTTP/1.1" 200 121 "http://localhost:3000/" "Mozilla/5.0 (Macintosh; Intel Mac OS X 10_15_7) AppleWebKit/537.36 (KHTML, like Gecko) Chrome/141.0.0.0 Safari/537.36"[39m
2025-10-23 23:09:19:919 [35mhttp[39m: [35m::1 - - [23/Oct/2025:20:09:19 +0000] "GET /api/v1/users/profile?_t=1761250159137 HTTP/1.1" 200 308 "http://localhost:3000/" "Mozilla/5.0 (Macintosh; Intel Mac OS X 10_15_7) AppleWebKit/537.36 (KHTML, like Gecko) Chrome/141.0.0.0 Safari/537.36"[39m
2025-10-23 23:09:19:919 [35mhttp[39m: [35m::1 - - [23/Oct/2025:20:09:19 +0000] "GET /api/v1/stats?_t=1761250159137 HTTP/1.1" 200 121 "http://localhost:3000/" "Mozilla/5.0 (Macintosh; Intel Mac OS X 10_15_7) AppleWebKit/537.36 (KHTML, like Gecko) Chrome/141.0.0.0 Safari/537.36"[39m
2025-10-23 23:13:22:1322 [35mhttp[39m: [35m::1 - - [23/Oct/2025:20:13:22 +0000] "GET /api/v1/campaigns/trending?_t=1761250402832 HTTP/1.1" 200 2973 "http://localhost:3000/" "Mozilla/5.0 (Macintosh; Intel Mac OS X 10_15_7) AppleWebKit/537.36 (KHTML, like Gecko) Chrome/141.0.0.0 Safari/537.36"[39m
2025-10-23 23:13:22:1322 [35mhttp[39m: [35m::1 - - [23/Oct/2025:20:13:22 +0000] "GET /api/v1/campaigns/featured?_t=1761250402831 HTTP/1.1" 200 2889 "http://localhost:3000/" "Mozilla/5.0 (Macintosh; Intel Mac OS X 10_15_7) AppleWebKit/537.36 (KHTML, like Gecko) Chrome/141.0.0.0 Safari/537.36"[39m
2025-10-23 23:13:22:1322 [35mhttp[39m: [35m::1 - - [23/Oct/2025:20:13:22 +0000] "GET /api/v1/campaigns/trending?_t=1761250402831 HTTP/1.1" 200 2973 "http://localhost:3000/" "Mozilla/5.0 (Macintosh; Intel Mac OS X 10_15_7) AppleWebKit/537.36 (KHTML, like Gecko) Chrome/141.0.0.0 Safari/537.36"[39m
2025-10-23 23:13:22:1322 [35mhttp[39m: [35m::1 - - [23/Oct/2025:20:13:22 +0000] "GET /api/v1/campaigns/featured?_t=1761250402832 HTTP/1.1" 200 2889 "http://localhost:3000/" "Mozilla/5.0 (Macintosh; Intel Mac OS X 10_15_7) AppleWebKit/537.36 (KHTML, like Gecko) Chrome/141.0.0.0 Safari/537.36"[39m
2025-10-23 23:13:22:1322 [35mhttp[39m: [35m::1 - - [23/Oct/2025:20:13:22 +0000] "GET /api/v1/users/profile?_t=1761250402831 HTTP/1.1" 200 308 "http://localhost:3000/" "Mozilla/5.0 (Macintosh; Intel Mac OS X 10_15_7) AppleWebKit/537.36 (KHTML, like Gecko) Chrome/141.0.0.0 Safari/537.36"[39m
2025-10-23 23:13:22:1322 [35mhttp[39m: [35m::1 - - [23/Oct/2025:20:13:22 +0000] "GET /api/v1/stats?_t=1761250402831 HTTP/1.1" 200 121 "http://localhost:3000/" "Mozilla/5.0 (Macintosh; Intel Mac OS X 10_15_7) AppleWebKit/537.36 (KHTML, like Gecko) Chrome/141.0.0.0 Safari/537.36"[39m
2025-10-23 23:13:22:1322 [35mhttp[39m: [35m::1 - - [23/Oct/2025:20:13:22 +0000] "GET /api/v1/stats?_t=1761250402832 HTTP/1.1" 200 121 "http://localhost:3000/" "Mozilla/5.0 (Macintosh; Intel Mac OS X 10_15_7) AppleWebKit/537.36 (KHTML, like Gecko) Chrome/141.0.0.0 Safari/537.36"[39m
2025-10-23 23:13:22:1322 [35mhttp[39m: [35m::1 - - [23/Oct/2025:20:13:22 +0000] "GET /api/v1/users/profile?_t=1761250402832 HTTP/1.1" 200 308 "http://localhost:3000/" "Mozilla/5.0 (Macintosh; Intel Mac OS X 10_15_7) AppleWebKit/537.36 (KHTML, like Gecko) Chrome/141.0.0.0 Safari/537.36"[39m
2025-10-23 23:13:28:1328 [35mhttp[39m: [35m::1 - - [23/Oct/2025:20:13:28 +0000] "GET /api/v1/campaigns/featured?_t=1761250408246 HTTP/1.1" 200 2889 "http://localhost:3000/" "Mozilla/5.0 (Macintosh; Intel Mac OS X 10_15_7) AppleWebKit/537.36 (KHTML, like Gecko) Chrome/141.0.0.0 Safari/537.36"[39m
2025-10-23 23:13:28:1328 [35mhttp[39m: [35m::1 - - [23/Oct/2025:20:13:28 +0000] "GET /api/v1/campaigns/trending?_t=1761250408246 HTTP/1.1" 200 2973 "http://localhost:3000/" "Mozilla/5.0 (Macintosh; Intel Mac OS X 10_15_7) AppleWebKit/537.36 (KHTML, like Gecko) Chrome/141.0.0.0 Safari/537.36"[39m
2025-10-23 23:13:28:1328 [35mhttp[39m: [35m::1 - - [23/Oct/2025:20:13:28 +0000] "GET /api/v1/campaigns/featured?_t=1761250408246 HTTP/1.1" 304 - "http://localhost:3000/" "Mozilla/5.0 (Macintosh; Intel Mac OS X 10_15_7) AppleWebKit/537.36 (KHTML, like Gecko) Chrome/141.0.0.0 Safari/537.36"[39m
2025-10-23 23:13:28:1328 [35mhttp[39m: [35m::1 - - [23/Oct/2025:20:13:28 +0000] "GET /api/v1/campaigns/trending?_t=1761250408246 HTTP/1.1" 304 - "http://localhost:3000/" "Mozilla/5.0 (Macintosh; Intel Mac OS X 10_15_7) AppleWebKit/537.36 (KHTML, like Gecko) Chrome/141.0.0.0 Safari/537.36"[39m
2025-10-23 23:13:28:1328 [35mhttp[39m: [35m::1 - - [23/Oct/2025:20:13:28 +0000] "GET /api/v1/stats?_t=1761250408246 HTTP/1.1" 200 121 "http://localhost:3000/" "Mozilla/5.0 (Macintosh; Intel Mac OS X 10_15_7) AppleWebKit/537.36 (KHTML, like Gecko) Chrome/141.0.0.0 Safari/537.36"[39m
2025-10-23 23:13:28:1328 [35mhttp[39m: [35m::1 - - [23/Oct/2025:20:13:28 +0000] "GET /api/v1/stats?_t=1761250408246 HTTP/1.1" 304 - "http://localhost:3000/" "Mozilla/5.0 (Macintosh; Intel Mac OS X 10_15_7) AppleWebKit/537.36 (KHTML, like Gecko) Chrome/141.0.0.0 Safari/537.36"[39m
2025-10-23 23:13:32:1332 [35mhttp[39m: [35m::1 - - [23/Oct/2025:20:13:32 +0000] "POST /api/v1/auth/login HTTP/1.1" 200 387 "http://localhost:3000/" "Mozilla/5.0 (Macintosh; Intel Mac OS X 10_15_7) AppleWebKit/537.36 (KHTML, like Gecko) Chrome/141.0.0.0 Safari/537.36"[39m
2025-10-23 23:13:34:1334 [35mhttp[39m: [35m::1 - - [23/Oct/2025:20:13:34 +0000] "GET /api/v1/campaigns?category=&status=&search=&page=1&limit=12 HTTP/1.1" 200 8078 "http://localhost:3000/" "Mozilla/5.0 (Macintosh; Intel Mac OS X 10_15_7) AppleWebKit/537.36 (KHTML, like Gecko) Chrome/141.0.0.0 Safari/537.36"[39m
2025-10-23 23:13:34:1334 [35mhttp[39m: [35m::1 - - [23/Oct/2025:20:13:34 +0000] "GET /api/v1/campaigns/featured?_t=1761250414580 HTTP/1.1" 200 2889 "http://localhost:3000/" "Mozilla/5.0 (Macintosh; Intel Mac OS X 10_15_7) AppleWebKit/537.36 (KHTML, like Gecko) Chrome/141.0.0.0 Safari/537.36"[39m
2025-10-23 23:13:34:1334 [35mhttp[39m: [35m::1 - - [23/Oct/2025:20:13:34 +0000] "GET /api/v1/campaigns?category=&status=&search=&page=1&limit=12 HTTP/1.1" 304 - "http://localhost:3000/" "Mozilla/5.0 (Macintosh; Intel Mac OS X 10_15_7) AppleWebKit/537.36 (KHTML, like Gecko) Chrome/141.0.0.0 Safari/537.36"[39m
2025-10-23 23:13:34:1334 [35mhttp[39m: [35m::1 - - [23/Oct/2025:20:13:34 +0000] "GET /api/v1/campaigns/featured?_t=1761250414580 HTTP/1.1" 304 - "http://localhost:3000/" "Mozilla/5.0 (Macintosh; Intel Mac OS X 10_15_7) AppleWebKit/537.36 (KHTML, like Gecko) Chrome/141.0.0.0 Safari/537.36"[39m
2025-10-23 23:13:48:1348 [35mhttp[39m: [35m::1 - - [23/Oct/2025:20:13:48 +0000] "POST /api/v1/auth/login HTTP/1.1" 200 376 "http://localhost:3000/" "Mozilla/5.0 (Macintosh; Intel Mac OS X 10_15_7) AppleWebKit/537.36 (KHTML, like Gecko) Chrome/141.0.0.0 Safari/537.36"[39m
2025-10-23 23:13:49:1349 [35mhttp[39m: [35m::1 - - [23/Oct/2025:20:13:49 +0000] "GET /api/v1/campaigns?category=&status=&search=&page=1&limit=12 HTTP/1.1" 304 - "http://localhost:3000/" "Mozilla/5.0 (Macintosh; Intel Mac OS X 10_15_7) AppleWebKit/537.36 (KHTML, like Gecko) Chrome/141.0.0.0 Safari/537.36"[39m
2025-10-23 23:13:49:1349 [35mhttp[39m: [35m::1 - - [23/Oct/2025:20:13:49 +0000] "GET /api/v1/campaigns/featured?_t=1761250429977 HTTP/1.1" 200 2889 "http://localhost:3000/" "Mozilla/5.0 (Macintosh; Intel Mac OS X 10_15_7) AppleWebKit/537.36 (KHTML, like Gecko) Chrome/141.0.0.0 Safari/537.36"[39m
2025-10-23 23:13:49:1349 [35mhttp[39m: [35m::1 - - [23/Oct/2025:20:13:49 +0000] "GET /api/v1/campaigns/featured?_t=1761250429977 HTTP/1.1" 304 - "http://localhost:3000/" "Mozilla/5.0 (Macintosh; Intel Mac OS X 10_15_7) AppleWebKit/537.36 (KHTML, like Gecko) Chrome/141.0.0.0 Safari/537.36"[39m
2025-10-23 23:13:49:1349 [35mhttp[39m: [35m::1 - - [23/Oct/2025:20:13:49 +0000] "GET /api/v1/campaigns?category=&status=&search=&page=1&limit=12 HTTP/1.1" 304 - "http://localhost:3000/" "Mozilla/5.0 (Macintosh; Intel Mac OS X 10_15_7) AppleWebKit/537.36 (KHTML, like Gecko) Chrome/141.0.0.0 Safari/537.36"[39m
2025-10-23 23:13:51:1351 [35mhttp[39m: [35m::1 - - [23/Oct/2025:20:13:51 +0000] "GET /api/v1/campaigns/trending?_t=1761250431182 HTTP/1.1" 200 2973 "http://localhost:3000/" "Mozilla/5.0 (Macintosh; Intel Mac OS X 10_15_7) AppleWebKit/537.36 (KHTML, like Gecko) Chrome/141.0.0.0 Safari/537.36"[39m
2025-10-23 23:13:51:1351 [35mhttp[39m: [35m::1 - - [23/Oct/2025:20:13:51 +0000] "GET /api/v1/campaigns/featured?_t=1761250431182 HTTP/1.1" 200 2889 "http://localhost:3000/" "Mozilla/5.0 (Macintosh; Intel Mac OS X 10_15_7) AppleWebKit/537.36 (KHTML, like Gecko) Chrome/141.0.0.0 Safari/537.36"[39m
2025-10-23 23:13:51:1351 [35mhttp[39m: [35m::1 - - [23/Oct/2025:20:13:51 +0000] "GET /api/v1/campaigns/featured?_t=1761250431181 HTTP/1.1" 200 2889 "http://localhost:3000/" "Mozilla/5.0 (Macintosh; Intel Mac OS X 10_15_7) AppleWebKit/537.36 (KHTML, like Gecko) Chrome/141.0.0.0 Safari/537.36"[39m
2025-10-23 23:13:51:1351 [35mhttp[39m: [35m::1 - - [23/Oct/2025:20:13:51 +0000] "GET /api/v1/campaigns/trending?_t=1761250431182 HTTP/1.1" 304 - "http://localhost:3000/" "Mozilla/5.0 (Macintosh; Intel Mac OS X 10_15_7) AppleWebKit/537.36 (KHTML, like Gecko) Chrome/141.0.0.0 Safari/537.36"[39m
2025-10-23 23:13:51:1351 [35mhttp[39m: [35m::1 - - [23/Oct/2025:20:13:51 +0000] "GET /api/v1/stats?_t=1761250431182 HTTP/1.1" 200 121 "http://localhost:3000/" "Mozilla/5.0 (Macintosh; Intel Mac OS X 10_15_7) AppleWebKit/537.36 (KHTML, like Gecko) Chrome/141.0.0.0 Safari/537.36"[39m
2025-10-23 23:13:51:1351 [35mhttp[39m: [35m::1 - - [23/Oct/2025:20:13:51 +0000] "GET /api/v1/stats?_t=1761250431182 HTTP/1.1" 304 - "http://localhost:3000/" "Mozilla/5.0 (Macintosh; Intel Mac OS X 10_15_7) AppleWebKit/537.36 (KHTML, like Gecko) Chrome/141.0.0.0 Safari/537.36"[39m
2025-10-23 23:14:40:1440 [33mwarn[39m: [33mBody validation failed[39m
2025-10-23 23:14:40:1440 [33mwarn[39m: [33mClient Error Validation failed: Goal cannot exceed $1,000,000[39m
2025-10-23 23:14:40:1440 [35mhttp[39m: [35m::1 - - [23/Oct/2025:20:14:40 +0000] "POST /api/v1/campaigns HTTP/1.1" 400 767 "http://localhost:3000/" "Mozilla/5.0 (Macintosh; Intel Mac OS X 10_15_7) AppleWebKit/537.36 (KHTML, like Gecko) Chrome/141.0.0.0 Safari/537.36"[39m
2025-10-23 23:14:45:1445 [35mhttp[39m: [35m::1 - - [23/Oct/2025:20:14:45 +0000] "POST /api/v1/campaigns HTTP/1.1" 201 457 "http://localhost:3000/" "Mozilla/5.0 (Macintosh; Intel Mac OS X 10_15_7) AppleWebKit/537.36 (KHTML, like Gecko) Chrome/141.0.0.0 Safari/537.36"[39m
2025-10-23 23:14:45:1445 [35mhttp[39m: [35m::1 - - [23/Oct/2025:20:14:45 +0000] "GET /api/v1/campaigns/2755cf20-2b1a-4e81-af85-a128879812a8?_t=1761250485665 HTTP/1.1" 200 703 "http://localhost:3000/" "Mozilla/5.0 (Macintosh; Intel Mac OS X 10_15_7) AppleWebKit/537.36 (KHTML, like Gecko) Chrome/141.0.0.0 Safari/537.36"[39m
2025-10-23 23:14:45:1445 [35mhttp[39m: [35m::1 - - [23/Oct/2025:20:14:45 +0000] "GET /api/v1/campaigns/2755cf20-2b1a-4e81-af85-a128879812a8?_t=1761250485665 HTTP/1.1" 304 - "http://localhost:3000/" "Mozilla/5.0 (Macintosh; Intel Mac OS X 10_15_7) AppleWebKit/537.36 (KHTML, like Gecko) Chrome/141.0.0.0 Safari/537.36"[39m
2025-10-23 23:14:45:1445 [35mhttp[39m: [35m::1 - - [23/Oct/2025:20:14:45 +0000] "GET /api/v1/campaigns/2755cf20-2b1a-4e81-af85-a128879812a8/donations?page=1&limit=10&_t=1761250485665 HTTP/1.1" 200 91 "http://localhost:3000/" "Mozilla/5.0 (Macintosh; Intel Mac OS X 10_15_7) AppleWebKit/537.36 (KHTML, like Gecko) Chrome/141.0.0.0 Safari/537.36"[39m
2025-10-23 23:14:45:1445 [35mhttp[39m: [35m::1 - - [23/Oct/2025:20:14:45 +0000] "GET /api/v1/campaigns/2755cf20-2b1a-4e81-af85-a128879812a8/donations?page=1&limit=10&_t=1761250485665 HTTP/1.1" 304 - "http://localhost:3000/" "Mozilla/5.0 (Macintosh; Intel Mac OS X 10_15_7) AppleWebKit/537.36 (KHTML, like Gecko) Chrome/141.0.0.0 Safari/537.36"[39m
2025-10-23 23:14:49:1449 [35mhttp[39m: [35m::1 - - [23/Oct/2025:20:14:49 +0000] "GET /api/v1/user-campaigns/my-campaigns?page=1&limit=12&_t=1761250489304 HTTP/1.1" 200 1177 "http://localhost:3000/" "Mozilla/5.0 (Macintosh; Intel Mac OS X 10_15_7) AppleWebKit/537.36 (KHTML, like Gecko) Chrome/141.0.0.0 Safari/537.36"[39m
2025-10-23 23:14:49:1449 [35mhttp[39m: [35m::1 - - [23/Oct/2025:20:14:49 +0000] "GET /api/v1/user-campaigns/my-campaigns?page=1&limit=12&_t=1761250489304 HTTP/1.1" 304 - "http://localhost:3000/" "Mozilla/5.0 (Macintosh; Intel Mac OS X 10_15_7) AppleWebKit/537.36 (KHTML, like Gecko) Chrome/141.0.0.0 Safari/537.36"[39m
2025-10-23 23:14:56:1456 [35mhttp[39m: [35m::1 - - [23/Oct/2025:20:14:56 +0000] "PUT /api/v1/campaigns/2755cf20-2b1a-4e81-af85-a128879812a8 HTTP/1.1" 200 445 "http://localhost:3000/" "Mozilla/5.0 (Macintosh; Intel Mac OS X 10_15_7) AppleWebKit/537.36 (KHTML, like Gecko) Chrome/141.0.0.0 Safari/537.36"[39m
2025-10-23 23:14:56:1456 [35mhttp[39m: [35m::1 - - [23/Oct/2025:20:14:56 +0000] "GET /api/v1/user-campaigns/my-campaigns?page=1&limit=12&_t=1761250496469 HTTP/1.1" 200 1178 "http://localhost:3000/" "Mozilla/5.0 (Macintosh; Intel Mac OS X 10_15_7) AppleWebKit/537.36 (KHTML, like Gecko) Chrome/141.0.0.0 Safari/537.36"[39m
2025-10-23 23:15:02:152 [35mhttp[39m: [35m::1 - - [23/Oct/2025:20:15:02 +0000] "POST /api/v1/auth/login HTTP/1.1" 200 387 "http://localhost:3000/" "Mozilla/5.0 (Macintosh; Intel Mac OS X 10_15_7) AppleWebKit/537.36 (KHTML, like Gecko) Chrome/141.0.0.0 Safari/537.36"[39m
2025-10-23 23:15:05:155 [35mhttp[39m: [35m::1 - - [23/Oct/2025:20:15:05 +0000] "GET /api/v1/campaigns/featured?_t=1761250505218 HTTP/1.1" 200 3428 "http://localhost:3000/" "Mozilla/5.0 (Macintosh; Intel Mac OS X 10_15_7) AppleWebKit/537.36 (KHTML, like Gecko) Chrome/141.0.0.0 Safari/537.36"[39m
2025-10-23 23:15:05:155 [35mhttp[39m: [35m::1 - - [23/Oct/2025:20:15:05 +0000] "GET /api/v1/campaigns/featured?_t=1761250505219 HTTP/1.1" 200 3428 "http://localhost:3000/" "Mozilla/5.0 (Macintosh; Intel Mac OS X 10_15_7) AppleWebKit/537.36 (KHTML, like Gecko) Chrome/141.0.0.0 Safari/537.36"[39m
2025-10-23 23:15:05:155 [35mhttp[39m: [35m::1 - - [23/Oct/2025:20:15:05 +0000] "GET /api/v1/campaigns?category=&status=&search=&page=1&limit=12 HTTP/1.1" 200 8083 "http://localhost:3000/" "Mozilla/5.0 (Macintosh; Intel Mac OS X 10_15_7) AppleWebKit/537.36 (KHTML, like Gecko) Chrome/141.0.0.0 Safari/537.36"[39m
2025-10-23 23:15:05:155 [35mhttp[39m: [35m::1 - - [23/Oct/2025:20:15:05 +0000] "GET /api/v1/users/profile?_t=1761250505219 HTTP/1.1" 200 315 "http://localhost:3000/" "Mozilla/5.0 (Macintosh; Intel Mac OS X 10_15_7) AppleWebKit/537.36 (KHTML, like Gecko) Chrome/141.0.0.0 Safari/537.36"[39m
2025-10-23 23:15:05:155 [35mhttp[39m: [35m::1 - - [23/Oct/2025:20:15:05 +0000] "GET /api/v1/campaigns?category=&status=&search=&page=1&limit=12 HTTP/1.1" 304 - "http://localhost:3000/" "Mozilla/5.0 (Macintosh; Intel Mac OS X 10_15_7) AppleWebKit/537.36 (KHTML, like Gecko) Chrome/141.0.0.0 Safari/537.36"[39m
2025-10-23 23:15:05:155 [35mhttp[39m: [35m::1 - - [23/Oct/2025:20:15:05 +0000] "GET /api/v1/users/profile?_t=1761250505219 HTTP/1.1" 304 - "http://localhost:3000/" "Mozilla/5.0 (Macintosh; Intel Mac OS X 10_15_7) AppleWebKit/537.36 (KHTML, like Gecko) Chrome/141.0.0.0 Safari/537.36"[39m
2025-10-23 23:15:22:1522 [35mhttp[39m: [35m::1 - - [23/Oct/2025:20:15:22 +0000] "POST /api/v1/auth/login HTTP/1.1" 200 376 "http://localhost:3000/" "Mozilla/5.0 (Macintosh; Intel Mac OS X 10_15_7) AppleWebKit/537.36 (KHTML, like Gecko) Chrome/141.0.0.0 Safari/537.36"[39m
2025-10-23 23:15:23:1523 [35mhttp[39m: [35m::1 - - [23/Oct/2025:20:15:23 +0000] "GET /api/v1/campaigns?category=&status=&search=&page=1&limit=12 HTTP/1.1" 304 - "http://localhost:3000/" "Mozilla/5.0 (Macintosh; Intel Mac OS X 10_15_7) AppleWebKit/537.36 (KHTML, like Gecko) Chrome/141.0.0.0 Safari/537.36"[39m
2025-10-23 23:15:23:1523 [35mhttp[39m: [35m::1 - - [23/Oct/2025:20:15:23 +0000] "GET /api/v1/campaigns/featured?_t=1761250523806 HTTP/1.1" 200 3428 "http://localhost:3000/" "Mozilla/5.0 (Macintosh; Intel Mac OS X 10_15_7) AppleWebKit/537.36 (KHTML, like Gecko) Chrome/141.0.0.0 Safari/537.36"[39m
2025-10-23 23:15:23:1523 [35mhttp[39m: [35m::1 - - [23/Oct/2025:20:15:23 +0000] "GET /api/v1/campaigns/featured?_t=1761250523807 HTTP/1.1" 200 3428 "http://localhost:3000/" "Mozilla/5.0 (Macintosh; Intel Mac OS X 10_15_7) AppleWebKit/537.36 (KHTML, like Gecko) Chrome/141.0.0.0 Safari/537.36"[39m
2025-10-23 23:15:23:1523 [35mhttp[39m: [35m::1 - - [23/Oct/2025:20:15:23 +0000] "GET /api/v1/campaigns?category=&status=&search=&page=1&limit=12 HTTP/1.1" 304 - "http://localhost:3000/" "Mozilla/5.0 (Macintosh; Intel Mac OS X 10_15_7) AppleWebKit/537.36 (KHTML, like Gecko) Chrome/141.0.0.0 Safari/537.36"[39m
2025-10-23 23:15:25:1525 [35mhttp[39m: [35m::1 - - [23/Oct/2025:20:15:25 +0000] "GET /api/v1/user-campaigns/my-campaigns?page=1&limit=12&_t=1761250525285 HTTP/1.1" 200 1178 "http://localhost:3000/" "Mozilla/5.0 (Macintosh; Intel Mac OS X 10_15_7) AppleWebKit/537.36 (KHTML, like Gecko) Chrome/141.0.0.0 Safari/537.36"[39m
2025-10-23 23:15:25:1525 [35mhttp[39m: [35m::1 - - [23/Oct/2025:20:15:25 +0000] "GET /api/v1/user-campaigns/my-campaigns?page=1&limit=12&_t=1761250525285 HTTP/1.1" 304 - "http://localhost:3000/" "Mozilla/5.0 (Macintosh; Intel Mac OS X 10_15_7) AppleWebKit/537.36 (KHTML, like Gecko) Chrome/141.0.0.0 Safari/537.36"[39m
2025-10-23 23:15:27:1527 [35mhttp[39m: [35m::1 - - [23/Oct/2025:20:15:27 +0000] "DELETE /api/v1/campaigns/2755cf20-2b1a-4e81-af85-a128879812a8 HTTP/1.1" 204 - "http://localhost:3000/" "Mozilla/5.0 (Macintosh; Intel Mac OS X 10_15_7) AppleWebKit/537.36 (KHTML, like Gecko) Chrome/141.0.0.0 Safari/537.36"[39m
2025-10-23 23:15:27:1527 [35mhttp[39m: [35m::1 - - [23/Oct/2025:20:15:27 +0000] "GET /api/v1/user-campaigns/my-campaigns?page=1&limit=12&_t=1761250527191 HTTP/1.1" 200 641 "http://localhost:3000/" "Mozilla/5.0 (Macintosh; Intel Mac OS X 10_15_7) AppleWebKit/537.36 (KHTML, like Gecko) Chrome/141.0.0.0 Safari/537.36"[39m
2025-10-23 23:15:29:1529 [35mhttp[39m: [35m::1 - - [23/Oct/2025:20:15:29 +0000] "DELETE /api/v1/campaigns/babfbcbf-b3db-4b27-9251-8a36b9ed1f34 HTTP/1.1" 204 - "http://localhost:3000/" "Mozilla/5.0 (Macintosh; Intel Mac OS X 10_15_7) AppleWebKit/537.36 (KHTML, like Gecko) Chrome/141.0.0.0 Safari/537.36"[39m
2025-10-23 23:15:29:1529 [35mhttp[39m: [35m::1 - - [23/Oct/2025:20:15:29 +0000] "GET /api/v1/user-campaigns/my-campaigns?page=1&limit=12&_t=1761250529029 HTTP/1.1" 200 91 "http://localhost:3000/" "Mozilla/5.0 (Macintosh; Intel Mac OS X 10_15_7) AppleWebKit/537.36 (KHTML, like Gecko) Chrome/141.0.0.0 Safari/537.36"[39m
2025-10-23 23:15:32:1532 [35mhttp[39m: [35m::1 - - [23/Oct/2025:20:15:32 +0000] "GET /api/v1/campaigns/featured?_t=1761250532323 HTTP/1.1" 200 2889 "http://localhost:3000/" "Mozilla/5.0 (Macintosh; Intel Mac OS X 10_15_7) AppleWebKit/537.36 (KHTML, like Gecko) Chrome/141.0.0.0 Safari/537.36"[39m
2025-10-23 23:15:32:1532 [35mhttp[39m: [35m::1 - - [23/Oct/2025:20:15:32 +0000] "GET /api/v1/campaigns/trending?_t=1761250532323 HTTP/1.1" 200 2973 "http://localhost:3000/" "Mozilla/5.0 (Macintosh; Intel Mac OS X 10_15_7) AppleWebKit/537.36 (KHTML, like Gecko) Chrome/141.0.0.0 Safari/537.36"[39m
2025-10-23 23:15:32:1532 [35mhttp[39m: [35m::1 - - [23/Oct/2025:20:15:32 +0000] "GET /api/v1/stats?_t=1761250532323 HTTP/1.1" 200 121 "http://localhost:3000/" "Mozilla/5.0 (Macintosh; Intel Mac OS X 10_15_7) AppleWebKit/537.36 (KHTML, like Gecko) Chrome/141.0.0.0 Safari/537.36"[39m
2025-10-23 23:15:32:1532 [35mhttp[39m: [35m::1 - - [23/Oct/2025:20:15:32 +0000] "GET /api/v1/campaigns/featured?_t=1761250532323 HTTP/1.1" 304 - "http://localhost:3000/" "Mozilla/5.0 (Macintosh; Intel Mac OS X 10_15_7) AppleWebKit/537.36 (KHTML, like Gecko) Chrome/141.0.0.0 Safari/537.36"[39m
2025-10-23 23:15:32:1532 [35mhttp[39m: [35m::1 - - [23/Oct/2025:20:15:32 +0000] "GET /api/v1/campaigns/trending?_t=1761250532323 HTTP/1.1" 304 - "http://localhost:3000/" "Mozilla/5.0 (Macintosh; Intel Mac OS X 10_15_7) AppleWebKit/537.36 (KHTML, like Gecko) Chrome/141.0.0.0 Safari/537.36"[39m
2025-10-23 23:15:32:1532 [35mhttp[39m: [35m::1 - - [23/Oct/2025:20:15:32 +0000] "GET /api/v1/stats?_t=1761250532323 HTTP/1.1" 304 - "http://localhost:3000/" "Mozilla/5.0 (Macintosh; Intel Mac OS X 10_15_7) AppleWebKit/537.36 (KHTML, like Gecko) Chrome/141.0.0.0 Safari/537.36"[39m
2025-10-23 23:16:07:167 [35mhttp[39m: [35m::1 - - [23/Oct/2025:20:16:07 +0000] "POST /api/v1/campaigns HTTP/1.1" 201 439 "http://localhost:3000/" "Mozilla/5.0 (Macintosh; Intel Mac OS X 10_15_7) AppleWebKit/537.36 (KHTML, like Gecko) Chrome/141.0.0.0 Safari/537.36"[39m
2025-10-23 23:16:08:168 [35mhttp[39m: [35m::1 - - [23/Oct/2025:20:16:08 +0000] "GET /api/v1/campaigns/db61bb73-c97e-4fbc-a5f2-226e171a958d/donations?page=1&limit=10&_t=1761250568022 HTTP/1.1" 200 91 "http://localhost:3000/" "Mozilla/5.0 (Macintosh; Intel Mac OS X 10_15_7) AppleWebKit/537.36 (KHTML, like Gecko) Chrome/141.0.0.0 Safari/537.36"[39m
2025-10-23 23:16:08:168 [35mhttp[39m: [35m::1 - - [23/Oct/2025:20:16:08 +0000] "GET /api/v1/campaigns/db61bb73-c97e-4fbc-a5f2-226e171a958d/donations?page=1&limit=10&_t=1761250568022 HTTP/1.1" 304 - "http://localhost:3000/" "Mozilla/5.0 (Macintosh; Intel Mac OS X 10_15_7) AppleWebKit/537.36 (KHTML, like Gecko) Chrome/141.0.0.0 Safari/537.36"[39m
2025-10-23 23:16:08:168 [35mhttp[39m: [35m::1 - - [23/Oct/2025:20:16:08 +0000] "GET /api/v1/campaigns/db61bb73-c97e-4fbc-a5f2-226e171a958d?_t=1761250568022 HTTP/1.1" 200 686 "http://localhost:3000/" "Mozilla/5.0 (Macintosh; Intel Mac OS X 10_15_7) AppleWebKit/537.36 (KHTML, like Gecko) Chrome/141.0.0.0 Safari/537.36"[39m
2025-10-23 23:16:08:168 [35mhttp[39m: [35m::1 - - [23/Oct/2025:20:16:08 +0000] "GET /api/v1/campaigns/db61bb73-c97e-4fbc-a5f2-226e171a958d?_t=1761250568022 HTTP/1.1" 304 - "http://localhost:3000/" "Mozilla/5.0 (Macintosh; Intel Mac OS X 10_15_7) AppleWebKit/537.36 (KHTML, like Gecko) Chrome/141.0.0.0 Safari/537.36"[39m
2025-10-23 23:16:10:1610 [35mhttp[39m: [35m::1 - - [23/Oct/2025:20:16:10 +0000] "GET /api/v1/user-campaigns/my-campaigns?page=1&limit=12&_t=1761250570945 HTTP/1.1" 200 608 "http://localhost:3000/" "Mozilla/5.0 (Macintosh; Intel Mac OS X 10_15_7) AppleWebKit/537.36 (KHTML, like Gecko) Chrome/141.0.0.0 Safari/537.36"[39m
2025-10-23 23:16:10:1610 [35mhttp[39m: [35m::1 - - [23/Oct/2025:20:16:10 +0000] "GET /api/v1/user-campaigns/my-campaigns?page=1&limit=12&_t=1761250570945 HTTP/1.1" 304 - "http://localhost:3000/" "Mozilla/5.0 (Macintosh; Intel Mac OS X 10_15_7) AppleWebKit/537.36 (KHTML, like Gecko) Chrome/141.0.0.0 Safari/537.36"[39m
2025-10-23 23:16:15:1615 [35mhttp[39m: [35m::1 - - [23/Oct/2025:20:16:15 +0000] "POST /api/v1/auth/login HTTP/1.1" 200 387 "http://localhost:3000/" "Mozilla/5.0 (Macintosh; Intel Mac OS X 10_15_7) AppleWebKit/537.36 (KHTML, like Gecko) Chrome/141.0.0.0 Safari/537.36"[39m
2025-10-23 23:16:51:1651 [35mhttp[39m: [35m::1 - - [23/Oct/2025:20:16:51 +0000] "GET /api/v1/campaigns?category=&status=&search=&page=1&limit=12 HTTP/1.1" 200 8045 "http://localhost:3000/" "Mozilla/5.0 (Macintosh; Intel Mac OS X 10_15_7) AppleWebKit/537.36 (KHTML, like Gecko) Chrome/141.0.0.0 Safari/537.36"[39m
2025-10-23 23:16:51:1651 [35mhttp[39m: [35m::1 - - [23/Oct/2025:20:16:51 +0000] "GET /api/v1/campaigns/featured?_t=1761250611063 HTTP/1.1" 200 2889 "http://localhost:3000/" "Mozilla/5.0 (Macintosh; Intel Mac OS X 10_15_7) AppleWebKit/537.36 (KHTML, like Gecko) Chrome/141.0.0.0 Safari/537.36"[39m
2025-10-23 23:16:51:1651 [35mhttp[39m: [35m::1 - - [23/Oct/2025:20:16:51 +0000] "GET /api/v1/users/profile?_t=1761250611063 HTTP/1.1" 200 315 "http://localhost:3000/" "Mozilla/5.0 (Macintosh; Intel Mac OS X 10_15_7) AppleWebKit/537.36 (KHTML, like Gecko) Chrome/141.0.0.0 Safari/537.36"[39m
2025-10-23 23:16:51:1651 [35mhttp[39m: [35m::1 - - [23/Oct/2025:20:16:51 +0000] "GET /api/v1/campaigns?category=&status=&search=&page=1&limit=12 HTTP/1.1" 200 8045 "http://localhost:3000/" "Mozilla/5.0 (Macintosh; Intel Mac OS X 10_15_7) AppleWebKit/537.36 (KHTML, like Gecko) Chrome/141.0.0.0 Safari/537.36"[39m
2025-10-23 23:16:51:1651 [35mhttp[39m: [35m::1 - - [23/Oct/2025:20:16:51 +0000] "GET /api/v1/campaigns/featured?_t=1761250611064 HTTP/1.1" 200 2889 "http://localhost:3000/" "Mozilla/5.0 (Macintosh; Intel Mac OS X 10_15_7) AppleWebKit/537.36 (KHTML, like Gecko) Chrome/141.0.0.0 Safari/537.36"[39m
2025-10-23 23:16:51:1651 [35mhttp[39m: [35m::1 - - [23/Oct/2025:20:16:51 +0000] "GET /api/v1/users/profile?_t=1761250611064 HTTP/1.1" 200 315 "http://localhost:3000/" "Mozilla/5.0 (Macintosh; Intel Mac OS X 10_15_7) AppleWebKit/537.36 (KHTML, like Gecko) Chrome/141.0.0.0 Safari/537.36"[39m
2025-10-23 23:17:31:1731 [35mhttp[39m: [35m::1 - - [23/Oct/2025:20:17:31 +0000] "POST /api/v1/auth/login HTTP/1.1" 200 376 "http://localhost:3000/" "Mozilla/5.0 (Macintosh; Intel Mac OS X 10_15_7) AppleWebKit/537.36 (KHTML, like Gecko) Chrome/141.0.0.0 Safari/537.36"[39m
2025-10-23 23:17:33:1733 [35mhttp[39m: [35m::1 - - [23/Oct/2025:20:17:33 +0000] "GET /api/v1/campaigns/featured?_t=1761250653034 HTTP/1.1" 200 2889 "http://localhost:3000/" "Mozilla/5.0 (Macintosh; Intel Mac OS X 10_15_7) AppleWebKit/537.36 (KHTML, like Gecko) Chrome/141.0.0.0 Safari/537.36"[39m
2025-10-23 23:17:33:1733 [35mhttp[39m: [35m::1 - - [23/Oct/2025:20:17:33 +0000] "GET /api/v1/campaigns?category=&status=&search=&page=1&limit=12 HTTP/1.1" 304 - "http://localhost:3000/" "Mozilla/5.0 (Macintosh; Intel Mac OS X 10_15_7) AppleWebKit/537.36 (KHTML, like Gecko) Chrome/141.0.0.0 Safari/537.36"[39m
2025-10-23 23:17:33:1733 [35mhttp[39m: [35m::1 - - [23/Oct/2025:20:17:33 +0000] "GET /api/v1/campaigns/featured?_t=1761250653034 HTTP/1.1" 304 - "http://localhost:3000/" "Mozilla/5.0 (Macintosh; Intel Mac OS X 10_15_7) AppleWebKit/537.36 (KHTML, like Gecko) Chrome/141.0.0.0 Safari/537.36"[39m
2025-10-23 23:17:33:1733 [35mhttp[39m: [35m::1 - - [23/Oct/2025:20:17:33 +0000] "GET /api/v1/campaigns?category=&status=&search=&page=1&limit=12 HTTP/1.1" 304 - "http://localhost:3000/" "Mozilla/5.0 (Macintosh; Intel Mac OS X 10_15_7) AppleWebKit/537.36 (KHTML, like Gecko) Chrome/141.0.0.0 Safari/537.36"[39m
2025-10-23 23:17:34:1734 [35mhttp[39m: [35m::1 - - [23/Oct/2025:20:17:34 +0000] "GET /api/v1/user-campaigns/my-campaigns?page=1&limit=12&_t=1761250654094 HTTP/1.1" 200 608 "http://localhost:3000/" "Mozilla/5.0 (Macintosh; Intel Mac OS X 10_15_7) AppleWebKit/537.36 (KHTML, like Gecko) Chrome/141.0.0.0 Safari/537.36"[39m
2025-10-23 23:17:34:1734 [35mhttp[39m: [35m::1 - - [23/Oct/2025:20:17:34 +0000] "GET /api/v1/user-campaigns/my-campaigns?page=1&limit=12&_t=1761250654094 HTTP/1.1" 304 - "http://localhost:3000/" "Mozilla/5.0 (Macintosh; Intel Mac OS X 10_15_7) AppleWebKit/537.36 (KHTML, like Gecko) Chrome/141.0.0.0 Safari/537.36"[39m
2025-10-23 23:17:36:1736 [35mhttp[39m: [35m::1 - - [23/Oct/2025:20:17:36 +0000] "DELETE /api/v1/campaigns/db61bb73-c97e-4fbc-a5f2-226e171a958d HTTP/1.1" 204 - "http://localhost:3000/" "Mozilla/5.0 (Macintosh; Intel Mac OS X 10_15_7) AppleWebKit/537.36 (KHTML, like Gecko) Chrome/141.0.0.0 Safari/537.36"[39m
2025-10-23 23:17:36:1736 [35mhttp[39m: [35m::1 - - [23/Oct/2025:20:17:36 +0000] "GET /api/v1/user-campaigns/my-campaigns?page=1&limit=12&_t=1761250656969 HTTP/1.1" 200 91 "http://localhost:3000/" "Mozilla/5.0 (Macintosh; Intel Mac OS X 10_15_7) AppleWebKit/537.36 (KHTML, like Gecko) Chrome/141.0.0.0 Safari/537.36"[39m
2025-10-23 23:18:20:1820 [35mhttp[39m: [35m::1 - - [23/Oct/2025:20:18:20 +0000] "POST /api/v1/auth/login HTTP/1.1" 200 387 "http://localhost:3000/" "Mozilla/5.0 (Macintosh; Intel Mac OS X 10_15_7) AppleWebKit/537.36 (KHTML, like Gecko) Chrome/141.0.0.0 Safari/537.36"[39m
2025-10-23 23:18:21:1821 [35mhttp[39m: [35m::1 - - [23/Oct/2025:20:18:21 +0000] "GET /api/v1/campaigns?category=&status=&search=&page=1&limit=12 HTTP/1.1" 200 7990 "http://localhost:3000/" "Mozilla/5.0 (Macintosh; Intel Mac OS X 10_15_7) AppleWebKit/537.36 (KHTML, like Gecko) Chrome/141.0.0.0 Safari/537.36"[39m
2025-10-23 23:18:21:1821 [35mhttp[39m: [35m::1 - - [23/Oct/2025:20:18:21 +0000] "GET /api/v1/campaigns/featured?_t=1761250701744 HTTP/1.1" 200 2889 "http://localhost:3000/" "Mozilla/5.0 (Macintosh; Intel Mac OS X 10_15_7) AppleWebKit/537.36 (KHTML, like Gecko) Chrome/141.0.0.0 Safari/537.36"[39m
2025-10-23 23:18:21:1821 [35mhttp[39m: [35m::1 - - [23/Oct/2025:20:18:21 +0000] "GET /api/v1/campaigns?category=&status=&search=&page=1&limit=12 HTTP/1.1" 304 - "http://localhost:3000/" "Mozilla/5.0 (Macintosh; Intel Mac OS X 10_15_7) AppleWebKit/537.36 (KHTML, like Gecko) Chrome/141.0.0.0 Safari/537.36"[39m
2025-10-23 23:18:21:1821 [35mhttp[39m: [35m::1 - - [23/Oct/2025:20:18:21 +0000] "GET /api/v1/campaigns/featured?_t=1761250701744 HTTP/1.1" 304 - "http://localhost:3000/" "Mozilla/5.0 (Macintosh; Intel Mac OS X 10_15_7) AppleWebKit/537.36 (KHTML, like Gecko) Chrome/141.0.0.0 Safari/537.36"[39m
2025-10-23 23:18:34:1834 [35mhttp[39m: [35m::1 - - [23/Oct/2025:20:18:34 +0000] "POST /api/v1/auth/login HTTP/1.1" 200 376 "http://localhost:3000/" "Mozilla/5.0 (Macintosh; Intel Mac OS X 10_15_7) AppleWebKit/537.36 (KHTML, like Gecko) Chrome/141.0.0.0 Safari/537.36"[39m
2025-10-23 23:18:35:1835 [35mhttp[39m: [35m::1 - - [23/Oct/2025:20:18:35 +0000] "GET /api/v1/campaigns/featured?_t=1761250715778 HTTP/1.1" 200 2889 "http://localhost:3000/" "Mozilla/5.0 (Macintosh; Intel Mac OS X 10_15_7) AppleWebKit/537.36 (KHTML, like Gecko) Chrome/141.0.0.0 Safari/537.36"[39m
2025-10-23 23:18:35:1835 [35mhttp[39m: [35m::1 - - [23/Oct/2025:20:18:35 +0000] "GET /api/v1/campaigns?category=&status=&search=&page=1&limit=12 HTTP/1.1" 304 - "http://localhost:3000/" "Mozilla/5.0 (Macintosh; Intel Mac OS X 10_15_7) AppleWebKit/537.36 (KHTML, like Gecko) Chrome/141.0.0.0 Safari/537.36"[39m
2025-10-23 23:18:35:1835 [35mhttp[39m: [35m::1 - - [23/Oct/2025:20:18:35 +0000] "GET /api/v1/campaigns/featured?_t=1761250715778 HTTP/1.1" 304 - "http://localhost:3000/" "Mozilla/5.0 (Macintosh; Intel Mac OS X 10_15_7) AppleWebKit/537.36 (KHTML, like Gecko) Chrome/141.0.0.0 Safari/537.36"[39m
2025-10-23 23:18:35:1835 [35mhttp[39m: [35m::1 - - [23/Oct/2025:20:18:35 +0000] "GET /api/v1/campaigns?category=&status=&search=&page=1&limit=12 HTTP/1.1" 304 - "http://localhost:3000/" "Mozilla/5.0 (Macintosh; Intel Mac OS X 10_15_7) AppleWebKit/537.36 (KHTML, like Gecko) Chrome/141.0.0.0 Safari/537.36"[39m
2025-10-23 23:18:38:1838 [35mhttp[39m: [35m::1 - - [23/Oct/2025:20:18:38 +0000] "POST /api/v1/auth/login HTTP/1.1" 200 387 "http://localhost:3000/" "Mozilla/5.0 (Macintosh; Intel Mac OS X 10_15_7) AppleWebKit/537.36 (KHTML, like Gecko) Chrome/141.0.0.0 Safari/537.36"[39m
2025-10-23 23:18:39:1839 [35mhttp[39m: [35m::1 - - [23/Oct/2025:20:18:39 +0000] "GET /api/v1/campaigns?category=&status=&search=&page=1&limit=12 HTTP/1.1" 200 7990 "http://localhost:3000/" "Mozilla/5.0 (Macintosh; Intel Mac OS X 10_15_7) AppleWebKit/537.36 (KHTML, like Gecko) Chrome/141.0.0.0 Safari/537.36"[39m
2025-10-23 23:18:39:1839 [35mhttp[39m: [35m::1 - - [23/Oct/2025:20:18:39 +0000] "GET /api/v1/campaigns/featured?_t=1761250719747 HTTP/1.1" 200 2889 "http://localhost:3000/" "Mozilla/5.0 (Macintosh; Intel Mac OS X 10_15_7) AppleWebKit/537.36 (KHTML, like Gecko) Chrome/141.0.0.0 Safari/537.36"[39m
2025-10-23 23:18:39:1839 [35mhttp[39m: [35m::1 - - [23/Oct/2025:20:18:39 +0000] "GET /api/v1/campaigns?category=&status=&search=&page=1&limit=12 HTTP/1.1" 200 7990 "http://localhost:3000/" "Mozilla/5.0 (Macintosh; Intel Mac OS X 10_15_7) AppleWebKit/537.36 (KHTML, like Gecko) Chrome/141.0.0.0 Safari/537.36"[39m
2025-10-23 23:18:39:1839 [35mhttp[39m: [35m::1 - - [23/Oct/2025:20:18:39 +0000] "GET /api/v1/campaigns/featured?_t=1761250719747 HTTP/1.1" 304 - "http://localhost:3000/" "Mozilla/5.0 (Macintosh; Intel Mac OS X 10_15_7) AppleWebKit/537.36 (KHTML, like Gecko) Chrome/141.0.0.0 Safari/537.36"[39m
2025-10-23 23:18:55:1855 [35mhttp[39m: [35m::1 - - [23/Oct/2025:20:18:55 +0000] "POST /api/v1/auth/login HTTP/1.1" 200 376 "http://localhost:3000/" "Mozilla/5.0 (Macintosh; Intel Mac OS X 10_15_7) AppleWebKit/537.36 (KHTML, like Gecko) Chrome/141.0.0.0 Safari/537.36"[39m
2025-10-23 23:18:56:1856 [35mhttp[39m: [35m::1 - - [23/Oct/2025:20:18:56 +0000] "GET /api/v1/campaigns?category=&status=&search=&page=1&limit=12 HTTP/1.1" 304 - "http://localhost:3000/" "Mozilla/5.0 (Macintosh; Intel Mac OS X 10_15_7) AppleWebKit/537.36 (KHTML, like Gecko) Chrome/141.0.0.0 Safari/537.36"[39m
2025-10-23 23:18:56:1856 [35mhttp[39m: [35m::1 - - [23/Oct/2025:20:18:56 +0000] "GET /api/v1/campaigns/featured?_t=1761250736783 HTTP/1.1" 200 2889 "http://localhost:3000/" "Mozilla/5.0 (Macintosh; Intel Mac OS X 10_15_7) AppleWebKit/537.36 (KHTML, like Gecko) Chrome/141.0.0.0 Safari/537.36"[39m
2025-10-23 23:18:56:1856 [35mhttp[39m: [35m::1 - - [23/Oct/2025:20:18:56 +0000] "GET /api/v1/campaigns?category=&status=&search=&page=1&limit=12 HTTP/1.1" 200 7990 "http://localhost:3000/" "Mozilla/5.0 (Macintosh; Intel Mac OS X 10_15_7) AppleWebKit/537.36 (KHTML, like Gecko) Chrome/141.0.0.0 Safari/537.36"[39m
2025-10-23 23:18:56:1856 [35mhttp[39m: [35m::1 - - [23/Oct/2025:20:18:56 +0000] "GET /api/v1/campaigns/featured?_t=1761250736783 HTTP/1.1" 304 - "http://localhost:3000/" "Mozilla/5.0 (Macintosh; Intel Mac OS X 10_15_7) AppleWebKit/537.36 (KHTML, like Gecko) Chrome/141.0.0.0 Safari/537.36"[39m
2025-10-23 23:18:58:1858 [35mhttp[39m: [35m::1 - - [23/Oct/2025:20:18:58 +0000] "GET /api/v1/campaigns/featured?_t=1761250738008 HTTP/1.1" 200 2889 "http://localhost:3000/" "Mozilla/5.0 (Macintosh; Intel Mac OS X 10_15_7) AppleWebKit/537.36 (KHTML, like Gecko) Chrome/141.0.0.0 Safari/537.36"[39m
2025-10-23 23:18:58:1858 [35mhttp[39m: [35m::1 - - [23/Oct/2025:20:18:58 +0000] "GET /api/v1/campaigns/trending?_t=1761250738008 HTTP/1.1" 200 2973 "http://localhost:3000/" "Mozilla/5.0 (Macintosh; Intel Mac OS X 10_15_7) AppleWebKit/537.36 (KHTML, like Gecko) Chrome/141.0.0.0 Safari/537.36"[39m
2025-10-23 23:18:58:1858 [35mhttp[39m: [35m::1 - - [23/Oct/2025:20:18:58 +0000] "GET /api/v1/campaigns/trending?_t=1761250738008 HTTP/1.1" 304 - "http://localhost:3000/" "Mozilla/5.0 (Macintosh; Intel Mac OS X 10_15_7) AppleWebKit/537.36 (KHTML, like Gecko) Chrome/141.0.0.0 Safari/537.36"[39m
2025-10-23 23:18:58:1858 [35mhttp[39m: [35m::1 - - [23/Oct/2025:20:18:58 +0000] "GET /api/v1/campaigns/featured?_t=1761250738008 HTTP/1.1" 304 - "http://localhost:3000/" "Mozilla/5.0 (Macintosh; Intel Mac OS X 10_15_7) AppleWebKit/537.36 (KHTML, like Gecko) Chrome/141.0.0.0 Safari/537.36"[39m
2025-10-23 23:18:58:1858 [35mhttp[39m: [35m::1 - - [23/Oct/2025:20:18:58 +0000] "GET /api/v1/stats?_t=1761250738008 HTTP/1.1" 200 121 "http://localhost:3000/" "Mozilla/5.0 (Macintosh; Intel Mac OS X 10_15_7) AppleWebKit/537.36 (KHTML, like Gecko) Chrome/141.0.0.0 Safari/537.36"[39m
2025-10-23 23:18:58:1858 [35mhttp[39m: [35m::1 - - [23/Oct/2025:20:18:58 +0000] "GET /api/v1/stats?_t=1761250738008 HTTP/1.1" 304 - "http://localhost:3000/" "Mozilla/5.0 (Macintosh; Intel Mac OS X 10_15_7) AppleWebKit/537.36 (KHTML, like Gecko) Chrome/141.0.0.0 Safari/537.36"[39m
2025-10-23 23:19:23:1923 [35mhttp[39m: [35m::1 - - [23/Oct/2025:20:19:23 +0000] "POST /api/v1/campaigns HTTP/1.1" 201 482 "http://localhost:3000/" "Mozilla/5.0 (Macintosh; Intel Mac OS X 10_15_7) AppleWebKit/537.36 (KHTML, like Gecko) Chrome/141.0.0.0 Safari/537.36"[39m
2025-10-23 23:19:24:1924 [35mhttp[39m: [35m::1 - - [23/Oct/2025:20:19:24 +0000] "GET /api/v1/campaigns/d8b0fc39-ef2e-439d-a763-a64aef55f941/donations?page=1&limit=10&_t=1761250763999 HTTP/1.1" 200 91 "http://localhost:3000/" "Mozilla/5.0 (Macintosh; Intel Mac OS X 10_15_7) AppleWebKit/537.36 (KHTML, like Gecko) Chrome/141.0.0.0 Safari/537.36"[39m
2025-10-23 23:19:24:1924 [35mhttp[39m: [35m::1 - - [23/Oct/2025:20:19:24 +0000] "GET /api/v1/campaigns/d8b0fc39-ef2e-439d-a763-a64aef55f941/donations?page=1&limit=10&_t=1761250763999 HTTP/1.1" 304 - "http://localhost:3000/" "Mozilla/5.0 (Macintosh; Intel Mac OS X 10_15_7) AppleWebKit/537.36 (KHTML, like Gecko) Chrome/141.0.0.0 Safari/537.36"[39m
2025-10-23 23:19:24:1924 [35mhttp[39m: [35m::1 - - [23/Oct/2025:20:19:24 +0000] "GET /api/v1/campaigns/d8b0fc39-ef2e-439d-a763-a64aef55f941?_t=1761250763999 HTTP/1.1" 200 728 "http://localhost:3000/" "Mozilla/5.0 (Macintosh; Intel Mac OS X 10_15_7) AppleWebKit/537.36 (KHTML, like Gecko) Chrome/141.0.0.0 Safari/537.36"[39m
2025-10-23 23:19:24:1924 [35mhttp[39m: [35m::1 - - [23/Oct/2025:20:19:24 +0000] "GET /api/v1/campaigns/d8b0fc39-ef2e-439d-a763-a64aef55f941?_t=1761250763999 HTTP/1.1" 304 - "http://localhost:3000/" "Mozilla/5.0 (Macintosh; Intel Mac OS X 10_15_7) AppleWebKit/537.36 (KHTML, like Gecko) Chrome/141.0.0.0 Safari/537.36"[39m
2025-10-23 23:19:25:1925 [35mhttp[39m: [35m::1 - - [23/Oct/2025:20:19:25 +0000] "GET /api/v1/user-campaigns/my-campaigns?page=1&limit=12&_t=1761250765245 HTTP/1.1" 200 651 "http://localhost:3000/" "Mozilla/5.0 (Macintosh; Intel Mac OS X 10_15_7) AppleWebKit/537.36 (KHTML, like Gecko) Chrome/141.0.0.0 Safari/537.36"[39m
2025-10-23 23:19:25:1925 [35mhttp[39m: [35m::1 - - [23/Oct/2025:20:19:25 +0000] "GET /api/v1/user-campaigns/my-campaigns?page=1&limit=12&_t=1761250765245 HTTP/1.1" 304 - "http://localhost:3000/" "Mozilla/5.0 (Macintosh; Intel Mac OS X 10_15_7) AppleWebKit/537.36 (KHTML, like Gecko) Chrome/141.0.0.0 Safari/537.36"[39m
2025-10-23 23:19:31:1931 [35mhttp[39m: [35m::1 - - [23/Oct/2025:20:19:31 +0000] "POST /api/v1/auth/login HTTP/1.1" 200 387 "http://localhost:3000/" "Mozilla/5.0 (Macintosh; Intel Mac OS X 10_15_7) AppleWebKit/537.36 (KHTML, like Gecko) Chrome/141.0.0.0 Safari/537.36"[39m
2025-10-23 23:19:54:1954 [35mhttp[39m: [35m::1 - - [23/Oct/2025:20:19:54 +0000] "GET /api/v1/campaigns?category=&status=&search=&page=1&limit=12 HTTP/1.1" 200 8088 "http://localhost:3000/" "Mozilla/5.0 (Macintosh; Intel Mac OS X 10_15_7) AppleWebKit/537.36 (KHTML, like Gecko) Chrome/141.0.0.0 Safari/537.36"[39m
2025-10-23 23:19:54:1954 [35mhttp[39m: [35m::1 - - [23/Oct/2025:20:19:54 +0000] "GET /api/v1/campaigns/featured?_t=1761250794481 HTTP/1.1" 200 2889 "http://localhost:3000/" "Mozilla/5.0 (Macintosh; Intel Mac OS X 10_15_7) AppleWebKit/537.36 (KHTML, like Gecko) Chrome/141.0.0.0 Safari/537.36"[39m
2025-10-23 23:19:54:1954 [35mhttp[39m: [35m::1 - - [23/Oct/2025:20:19:54 +0000] "GET /api/v1/users/profile?_t=1761250794481 HTTP/1.1" 200 315 "http://localhost:3000/" "Mozilla/5.0 (Macintosh; Intel Mac OS X 10_15_7) AppleWebKit/537.36 (KHTML, like Gecko) Chrome/141.0.0.0 Safari/537.36"[39m
2025-10-23 23:19:54:1954 [35mhttp[39m: [35m::1 - - [23/Oct/2025:20:19:54 +0000] "GET /api/v1/campaigns?category=&status=&search=&page=1&limit=12 HTTP/1.1" 304 - "http://localhost:3000/" "Mozilla/5.0 (Macintosh; Intel Mac OS X 10_15_7) AppleWebKit/537.36 (KHTML, like Gecko) Chrome/141.0.0.0 Safari/537.36"[39m
2025-10-23 23:19:54:1954 [35mhttp[39m: [35m::1 - - [23/Oct/2025:20:19:54 +0000] "GET /api/v1/campaigns/featured?_t=1761250794481 HTTP/1.1" 304 - "http://localhost:3000/" "Mozilla/5.0 (Macintosh; Intel Mac OS X 10_15_7) AppleWebKit/537.36 (KHTML, like Gecko) Chrome/141.0.0.0 Safari/537.36"[39m
2025-10-23 23:19:54:1954 [35mhttp[39m: [35m::1 - - [23/Oct/2025:20:19:54 +0000] "GET /api/v1/users/profile?_t=1761250794481 HTTP/1.1" 304 - "http://localhost:3000/" "Mozilla/5.0 (Macintosh; Intel Mac OS X 10_15_7) AppleWebKit/537.36 (KHTML, like Gecko) Chrome/141.0.0.0 Safari/537.36"[39m
2025-10-23 23:19:57:1957 [35mhttp[39m: [35m::1 - - [23/Oct/2025:20:19:57 +0000] "POST /api/v1/auth/login HTTP/1.1" 200 387 "http://localhost:3000/" "Mozilla/5.0 (Macintosh; Intel Mac OS X 10_15_7) AppleWebKit/537.36 (KHTML, like Gecko) Chrome/141.0.0.0 Safari/537.36"[39m
2025-10-23 23:19:59:1959 [35mhttp[39m: [35m::1 - - [23/Oct/2025:20:19:59 +0000] "GET /api/v1/campaigns?category=&status=&search=&page=1&limit=12 HTTP/1.1" 304 - "http://localhost:3000/" "Mozilla/5.0 (Macintosh; Intel Mac OS X 10_15_7) AppleWebKit/537.36 (KHTML, like Gecko) Chrome/141.0.0.0 Safari/537.36"[39m
2025-10-23 23:19:59:1959 [35mhttp[39m: [35m::1 - - [23/Oct/2025:20:19:59 +0000] "GET /api/v1/campaigns/featured?_t=1761250799318 HTTP/1.1" 200 2889 "http://localhost:3000/" "Mozilla/5.0 (Macintosh; Intel Mac OS X 10_15_7) AppleWebKit/537.36 (KHTML, like Gecko) Chrome/141.0.0.0 Safari/537.36"[39m
2025-10-23 23:19:59:1959 [35mhttp[39m: [35m::1 - - [23/Oct/2025:20:19:59 +0000] "GET /api/v1/campaigns?category=&status=&search=&page=1&limit=12 HTTP/1.1" 304 - "http://localhost:3000/" "Mozilla/5.0 (Macintosh; Intel Mac OS X 10_15_7) AppleWebKit/537.36 (KHTML, like Gecko) Chrome/141.0.0.0 Safari/537.36"[39m
2025-10-23 23:19:59:1959 [35mhttp[39m: [35m::1 - - [23/Oct/2025:20:19:59 +0000] "GET /api/v1/campaigns/featured?_t=1761250799318 HTTP/1.1" 304 - "http://localhost:3000/" "Mozilla/5.0 (Macintosh; Intel Mac OS X 10_15_7) AppleWebKit/537.36 (KHTML, like Gecko) Chrome/141.0.0.0 Safari/537.36"[39m
2025-10-23 23:20:00:200 [35mhttp[39m: [35m::1 - - [23/Oct/2025:20:20:00 +0000] "GET /api/v1/user-campaigns/my-campaigns?page=1&limit=12&_t=1761250800869 HTTP/1.1" 200 91 "http://localhost:3000/" "Mozilla/5.0 (Macintosh; Intel Mac OS X 10_15_7) AppleWebKit/537.36 (KHTML, like Gecko) Chrome/141.0.0.0 Safari/537.36"[39m
2025-10-23 23:20:00:200 [35mhttp[39m: [35m::1 - - [23/Oct/2025:20:20:00 +0000] "GET /api/v1/user-campaigns/my-campaigns?page=1&limit=12&_t=1761250800869 HTTP/1.1" 304 - "http://localhost:3000/" "Mozilla/5.0 (Macintosh; Intel Mac OS X 10_15_7) AppleWebKit/537.36 (KHTML, like Gecko) Chrome/141.0.0.0 Safari/537.36"[39m
2025-10-23 23:20:01:201 [35mhttp[39m: [35m::1 - - [23/Oct/2025:20:20:01 +0000] "GET /api/v1/campaigns/featured?_t=1761250801826 HTTP/1.1" 200 2889 "http://localhost:3000/" "Mozilla/5.0 (Macintosh; Intel Mac OS X 10_15_7) AppleWebKit/537.36 (KHTML, like Gecko) Chrome/141.0.0.0 Safari/537.36"[39m
2025-10-23 23:20:01:201 [35mhttp[39m: [35m::1 - - [23/Oct/2025:20:20:01 +0000] "GET /api/v1/campaigns/trending?_t=1761250801826 HTTP/1.1" 200 2973 "http://localhost:3000/" "Mozilla/5.0 (Macintosh; Intel Mac OS X 10_15_7) AppleWebKit/537.36 (KHTML, like Gecko) Chrome/141.0.0.0 Safari/537.36"[39m
2025-10-23 23:20:01:201 [35mhttp[39m: [35m::1 - - [23/Oct/2025:20:20:01 +0000] "GET /api/v1/campaigns/featured?_t=1761250801827 HTTP/1.1" 200 2889 "http://localhost:3000/" "Mozilla/5.0 (Macintosh; Intel Mac OS X 10_15_7) AppleWebKit/537.36 (KHTML, like Gecko) Chrome/141.0.0.0 Safari/537.36"[39m
2025-10-23 23:20:01:201 [35mhttp[39m: [35m::1 - - [23/Oct/2025:20:20:01 +0000] "GET /api/v1/campaigns/trending?_t=1761250801827 HTTP/1.1" 200 2973 "http://localhost:3000/" "Mozilla/5.0 (Macintosh; Intel Mac OS X 10_15_7) AppleWebKit/537.36 (KHTML, like Gecko) Chrome/141.0.0.0 Safari/537.36"[39m
2025-10-23 23:20:01:201 [35mhttp[39m: [35m::1 - - [23/Oct/2025:20:20:01 +0000] "GET /api/v1/stats?_t=1761250801827 HTTP/1.1" 200 121 "http://localhost:3000/" "Mozilla/5.0 (Macintosh; Intel Mac OS X 10_15_7) AppleWebKit/537.36 (KHTML, like Gecko) Chrome/141.0.0.0 Safari/537.36"[39m
2025-10-23 23:20:01:201 [35mhttp[39m: [35m::1 - - [23/Oct/2025:20:20:01 +0000] "GET /api/v1/stats?_t=1761250801827 HTTP/1.1" 304 - "http://localhost:3000/" "Mozilla/5.0 (Macintosh; Intel Mac OS X 10_15_7) AppleWebKit/537.36 (KHTML, like Gecko) Chrome/141.0.0.0 Safari/537.36"[39m
2025-10-23 23:20:15:2015 [35mhttp[39m: [35m::1 - - [23/Oct/2025:20:20:15 +0000] "POST /api/v1/auth/login HTTP/1.1" 200 376 "http://localhost:3000/" "Mozilla/5.0 (Macintosh; Intel Mac OS X 10_15_7) AppleWebKit/537.36 (KHTML, like Gecko) Chrome/141.0.0.0 Safari/537.36"[39m
2025-10-23 23:20:17:2017 [35mhttp[39m: [35m::1 - - [23/Oct/2025:20:20:17 +0000] "GET /api/v1/campaigns?category=&status=&search=&page=1&limit=12 HTTP/1.1" 304 - "http://localhost:3000/" "Mozilla/5.0 (Macintosh; Intel Mac OS X 10_15_7) AppleWebKit/537.36 (KHTML, like Gecko) Chrome/141.0.0.0 Safari/537.36"[39m
2025-10-23 23:20:17:2017 [35mhttp[39m: [35m::1 - - [23/Oct/2025:20:20:17 +0000] "GET /api/v1/campaigns/featured?_t=1761250817484 HTTP/1.1" 200 2889 "http://localhost:3000/" "Mozilla/5.0 (Macintosh; Intel Mac OS X 10_15_7) AppleWebKit/537.36 (KHTML, like Gecko) Chrome/141.0.0.0 Safari/537.36"[39m
2025-10-23 23:20:17:2017 [35mhttp[39m: [35m::1 - - [23/Oct/2025:20:20:17 +0000] "GET /api/v1/campaigns/featured?_t=1761250817485 HTTP/1.1" 200 2889 "http://localhost:3000/" "Mozilla/5.0 (Macintosh; Intel Mac OS X 10_15_7) AppleWebKit/537.36 (KHTML, like Gecko) Chrome/141.0.0.0 Safari/537.36"[39m
2025-10-23 23:20:17:2017 [35mhttp[39m: [35m::1 - - [23/Oct/2025:20:20:17 +0000] "GET /api/v1/campaigns?category=&status=&search=&page=1&limit=12 HTTP/1.1" 304 - "http://localhost:3000/" "Mozilla/5.0 (Macintosh; Intel Mac OS X 10_15_7) AppleWebKit/537.36 (KHTML, like Gecko) Chrome/141.0.0.0 Safari/537.36"[39m
2025-10-23 23:20:19:2019 [35mhttp[39m: [35m::1 - - [23/Oct/2025:20:20:19 +0000] "GET /api/v1/user-campaigns/my-campaigns?page=1&limit=12&_t=1761250819974 HTTP/1.1" 200 651 "http://localhost:3000/" "Mozilla/5.0 (Macintosh; Intel Mac OS X 10_15_7) AppleWebKit/537.36 (KHTML, like Gecko) Chrome/141.0.0.0 Safari/537.36"[39m
2025-10-23 23:20:19:2019 [35mhttp[39m: [35m::1 - - [23/Oct/2025:20:20:19 +0000] "GET /api/v1/user-campaigns/my-campaigns?page=1&limit=12&_t=1761250819974 HTTP/1.1" 304 - "http://localhost:3000/" "Mozilla/5.0 (Macintosh; Intel Mac OS X 10_15_7) AppleWebKit/537.36 (KHTML, like Gecko) Chrome/141.0.0.0 Safari/537.36"[39m
2025-10-23 23:20:47:2047 [35mhttp[39m: [35m::1 - - [23/Oct/2025:20:20:47 +0000] "POST /api/v1/auth/login HTTP/1.1" 200 387 "http://localhost:3000/" "Mozilla/5.0 (Macintosh; Intel Mac OS X 10_15_7) AppleWebKit/537.36 (KHTML, like Gecko) Chrome/141.0.0.0 Safari/537.36"[39m
2025-10-23 23:20:49:2049 [35mhttp[39m: [35m::1 - - [23/Oct/2025:20:20:49 +0000] "GET /api/v1/campaigns?category=&status=&search=&page=1&limit=12 HTTP/1.1" 304 - "http://localhost:3000/" "Mozilla/5.0 (Macintosh; Intel Mac OS X 10_15_7) AppleWebKit/537.36 (KHTML, like Gecko) Chrome/141.0.0.0 Safari/537.36"[39m
2025-10-23 23:20:49:2049 [35mhttp[39m: [35m::1 - - [23/Oct/2025:20:20:49 +0000] "GET /api/v1/campaigns/featured?_t=1761250849257 HTTP/1.1" 200 2889 "http://localhost:3000/" "Mozilla/5.0 (Macintosh; Intel Mac OS X 10_15_7) AppleWebKit/537.36 (KHTML, like Gecko) Chrome/141.0.0.0 Safari/537.36"[39m
2025-10-23 23:20:49:2049 [35mhttp[39m: [35m::1 - - [23/Oct/2025:20:20:49 +0000] "GET /api/v1/campaigns/featured?_t=1761250849257 HTTP/1.1" 304 - "http://localhost:3000/" "Mozilla/5.0 (Macintosh; Intel Mac OS X 10_15_7) AppleWebKit/537.36 (KHTML, like Gecko) Chrome/141.0.0.0 Safari/537.36"[39m
2025-10-23 23:20:49:2049 [35mhttp[39m: [35m::1 - - [23/Oct/2025:20:20:49 +0000] "GET /api/v1/campaigns?category=&status=&search=&page=1&limit=12 HTTP/1.1" 200 8088 "http://localhost:3000/" "Mozilla/5.0 (Macintosh; Intel Mac OS X 10_15_7) AppleWebKit/537.36 (KHTML, like Gecko) Chrome/141.0.0.0 Safari/537.36"[39m
2025-10-23 23:20:52:2052 [35mhttp[39m: [35m::1 - - [23/Oct/2025:20:20:52 +0000] "GET /api/v1/campaigns/trending?_t=1761250852940 HTTP/1.1" 200 2973 "http://localhost:3000/" "Mozilla/5.0 (Macintosh; Intel Mac OS X 10_15_7) AppleWebKit/537.36 (KHTML, like Gecko) Chrome/141.0.0.0 Safari/537.36"[39m
2025-10-23 23:20:52:2052 [35mhttp[39m: [35m::1 - - [23/Oct/2025:20:20:52 +0000] "GET /api/v1/campaigns/featured?_t=1761250852940 HTTP/1.1" 200 2889 "http://localhost:3000/" "Mozilla/5.0 (Macintosh; Intel Mac OS X 10_15_7) AppleWebKit/537.36 (KHTML, like Gecko) Chrome/141.0.0.0 Safari/537.36"[39m
2025-10-23 23:20:52:2052 [35mhttp[39m: [35m::1 - - [23/Oct/2025:20:20:52 +0000] "GET /api/v1/campaigns/trending?_t=1761250852941 HTTP/1.1" 200 2973 "http://localhost:3000/" "Mozilla/5.0 (Macintosh; Intel Mac OS X 10_15_7) AppleWebKit/537.36 (KHTML, like Gecko) Chrome/141.0.0.0 Safari/537.36"[39m
2025-10-23 23:20:52:2052 [35mhttp[39m: [35m::1 - - [23/Oct/2025:20:20:52 +0000] "GET /api/v1/campaigns/featured?_t=1761250852941 HTTP/1.1" 200 2889 "http://localhost:3000/" "Mozilla/5.0 (Macintosh; Intel Mac OS X 10_15_7) AppleWebKit/537.36 (KHTML, like Gecko) Chrome/141.0.0.0 Safari/537.36"[39m
2025-10-23 23:20:52:2052 [35mhttp[39m: [35m::1 - - [23/Oct/2025:20:20:52 +0000] "GET /api/v1/stats?_t=1761250852941 HTTP/1.1" 200 121 "http://localhost:3000/" "Mozilla/5.0 (Macintosh; Intel Mac OS X 10_15_7) AppleWebKit/537.36 (KHTML, like Gecko) Chrome/141.0.0.0 Safari/537.36"[39m
2025-10-23 23:20:52:2052 [35mhttp[39m: [35m::1 - - [23/Oct/2025:20:20:52 +0000] "GET /api/v1/stats?_t=1761250852941 HTTP/1.1" 304 - "http://localhost:3000/" "Mozilla/5.0 (Macintosh; Intel Mac OS X 10_15_7) AppleWebKit/537.36 (KHTML, like Gecko) Chrome/141.0.0.0 Safari/537.36"[39m
2025-10-23 23:21:04:214 [35mhttp[39m: [35m::1 - - [23/Oct/2025:20:21:04 +0000] "POST /api/v1/auth/login HTTP/1.1" 200 376 "http://localhost:3000/" "Mozilla/5.0 (Macintosh; Intel Mac OS X 10_15_7) AppleWebKit/537.36 (KHTML, like Gecko) Chrome/141.0.0.0 Safari/537.36"[39m
2025-10-23 23:21:06:216 [35mhttp[39m: [35m::1 - - [23/Oct/2025:20:21:06 +0000] "GET /api/v1/campaigns/featured?_t=1761250866463 HTTP/1.1" 200 2889 "http://localhost:3000/" "Mozilla/5.0 (Macintosh; Intel Mac OS X 10_15_7) AppleWebKit/537.36 (KHTML, like Gecko) Chrome/141.0.0.0 Safari/537.36"[39m
2025-10-23 23:21:06:216 [35mhttp[39m: [35m::1 - - [23/Oct/2025:20:21:06 +0000] "GET /api/v1/campaigns?category=&status=&search=&page=1&limit=12 HTTP/1.1" 200 8088 "http://localhost:3000/" "Mozilla/5.0 (Macintosh; Intel Mac OS X 10_15_7) AppleWebKit/537.36 (KHTML, like Gecko) Chrome/141.0.0.0 Safari/537.36"[39m
2025-10-23 23:21:06:216 [35mhttp[39m: [35m::1 - - [23/Oct/2025:20:21:06 +0000] "GET /api/v1/campaigns/featured?_t=1761250866463 HTTP/1.1" 304 - "http://localhost:3000/" "Mozilla/5.0 (Macintosh; Intel Mac OS X 10_15_7) AppleWebKit/537.36 (KHTML, like Gecko) Chrome/141.0.0.0 Safari/537.36"[39m
2025-10-23 23:21:06:216 [35mhttp[39m: [35m::1 - - [23/Oct/2025:20:21:06 +0000] "GET /api/v1/campaigns?category=&status=&search=&page=1&limit=12 HTTP/1.1" 200 8088 "http://localhost:3000/" "Mozilla/5.0 (Macintosh; Intel Mac OS X 10_15_7) AppleWebKit/537.36 (KHTML, like Gecko) Chrome/141.0.0.0 Safari/537.36"[39m
2025-10-23 23:21:07:217 [35mhttp[39m: [35m::1 - - [23/Oct/2025:20:21:07 +0000] "GET /api/v1/user-campaigns/my-campaigns?page=1&limit=12&_t=1761250867652 HTTP/1.1" 200 651 "http://localhost:3000/" "Mozilla/5.0 (Macintosh; Intel Mac OS X 10_15_7) AppleWebKit/537.36 (KHTML, like Gecko) Chrome/141.0.0.0 Safari/537.36"[39m
2025-10-23 23:21:07:217 [35mhttp[39m: [35m::1 - - [23/Oct/2025:20:21:07 +0000] "GET /api/v1/user-campaigns/my-campaigns?page=1&limit=12&_t=1761250867652 HTTP/1.1" 304 - "http://localhost:3000/" "Mozilla/5.0 (Macintosh; Intel Mac OS X 10_15_7) AppleWebKit/537.36 (KHTML, like Gecko) Chrome/141.0.0.0 Safari/537.36"[39m
2025-10-23 23:21:15:2115 [35mhttp[39m: [35m::1 - - [23/Oct/2025:20:21:15 +0000] "POST /api/v1/auth/login HTTP/1.1" 200 387 "http://localhost:3000/" "Mozilla/5.0 (Macintosh; Intel Mac OS X 10_15_7) AppleWebKit/537.36 (KHTML, like Gecko) Chrome/141.0.0.0 Safari/537.36"[39m
2025-10-23 23:21:38:2138 [35mhttp[39m: [35m::1 - - [23/Oct/2025:20:21:38 +0000] "GET /api/v1/campaigns?category=&status=&search=&page=1&limit=12 HTTP/1.1" 200 8088 "http://localhost:3000/" "Mozilla/5.0 (Macintosh; Intel Mac OS X 10_15_7) AppleWebKit/537.36 (KHTML, like Gecko) Chrome/141.0.0.0 Safari/537.36"[39m
2025-10-23 23:21:38:2138 [35mhttp[39m: [35m::1 - - [23/Oct/2025:20:21:38 +0000] "GET /api/v1/campaigns/featured?_t=1761250898116 HTTP/1.1" 200 2889 "http://localhost:3000/" "Mozilla/5.0 (Macintosh; Intel Mac OS X 10_15_7) AppleWebKit/537.36 (KHTML, like Gecko) Chrome/141.0.0.0 Safari/537.36"[39m
2025-10-23 23:21:38:2138 [35mhttp[39m: [35m::1 - - [23/Oct/2025:20:21:38 +0000] "GET /api/v1/campaigns/featured?_t=1761250898117 HTTP/1.1" 200 2889 "http://localhost:3000/" "Mozilla/5.0 (Macintosh; Intel Mac OS X 10_15_7) AppleWebKit/537.36 (KHTML, like Gecko) Chrome/141.0.0.0 Safari/537.36"[39m
2025-10-23 23:21:38:2138 [35mhttp[39m: [35m::1 - - [23/Oct/2025:20:21:38 +0000] "GET /api/v1/users/profile?_t=1761250898116 HTTP/1.1" 200 315 "http://localhost:3000/" "Mozilla/5.0 (Macintosh; Intel Mac OS X 10_15_7) AppleWebKit/537.36 (KHTML, like Gecko) Chrome/141.0.0.0 Safari/537.36"[39m
2025-10-23 23:21:38:2138 [35mhttp[39m: [35m::1 - - [23/Oct/2025:20:21:38 +0000] "GET /api/v1/campaigns?category=&status=&search=&page=1&limit=12 HTTP/1.1" 304 - "http://localhost:3000/" "Mozilla/5.0 (Macintosh; Intel Mac OS X 10_15_7) AppleWebKit/537.36 (KHTML, like Gecko) Chrome/141.0.0.0 Safari/537.36"[39m
2025-10-23 23:21:38:2138 [35mhttp[39m: [35m::1 - - [23/Oct/2025:20:21:38 +0000] "GET /api/v1/users/profile?_t=1761250898117 HTTP/1.1" 200 315 "http://localhost:3000/" "Mozilla/5.0 (Macintosh; Intel Mac OS X 10_15_7) AppleWebKit/537.36 (KHTML, like Gecko) Chrome/141.0.0.0 Safari/537.36"[39m
2025-10-23 23:21:39:2139 [35mhttp[39m: [35m::1 - - [23/Oct/2025:20:21:39 +0000] "GET /api/v1/user-campaigns/my-campaigns?page=1&limit=12&_t=1761250899009 HTTP/1.1" 200 91 "http://localhost:3000/" "Mozilla/5.0 (Macintosh; Intel Mac OS X 10_15_7) AppleWebKit/537.36 (KHTML, like Gecko) Chrome/141.0.0.0 Safari/537.36"[39m
2025-10-23 23:21:39:2139 [35mhttp[39m: [35m::1 - - [23/Oct/2025:20:21:39 +0000] "GET /api/v1/user-campaigns/my-campaigns?page=1&limit=12&_t=1761250899009 HTTP/1.1" 304 - "http://localhost:3000/" "Mozilla/5.0 (Macintosh; Intel Mac OS X 10_15_7) AppleWebKit/537.36 (KHTML, like Gecko) Chrome/141.0.0.0 Safari/537.36"[39m
2025-10-23 23:26:29:2629 [32minfo[39m: [32mApplication started[39m
2025-10-23 23:26:39:2639 [35mhttp[39m: [35m::1 - - [23/Oct/2025:20:26:39 +0000] "POST /api/v1/auth/login HTTP/1.1" 401 40 "http://localhost:3000/" "Mozilla/5.0 (Macintosh; Intel Mac OS X 10_15_7) AppleWebKit/537.36 (KHTML, like Gecko) Chrome/141.0.0.0 Safari/537.36"[39m
2025-10-23 23:26:39:2639 [35mhttp[39m: [35m::1 - - [23/Oct/2025:20:26:39 +0000] "GET /api/v1/stats HTTP/1.1" 500 63 "-" "curl/8.7.1"[39m
2025-10-23 23:26:48:2648 [35mhttp[39m: [35m::1 - - [23/Oct/2025:20:26:48 +0000] "GET /api/v1/stats HTTP/1.1" 500 63 "-" "curl/8.7.1"[39m
2025-10-23 23:26:51:2651 [35mhttp[39m: [35m::1 - - [23/Oct/2025:20:26:51 +0000] "GET /api/v1/stats HTTP/1.1" 500 63 "-" "curl/8.7.1"[39m
2025-10-23 23:28:23:2823 [32minfo[39m: [32mApplication started[39m
2025-10-23 23:28:38:2838 [35mhttp[39m: [35m::1 - - [23/Oct/2025:20:28:38 +0000] "POST /api/v1/auth/login HTTP/1.1" 200 376 "http://localhost:3000/" "Mozilla/5.0 (Macintosh; Intel Mac OS X 10_15_7) AppleWebKit/537.36 (KHTML, like Gecko) Chrome/141.0.0.0 Safari/537.36"[39m
2025-10-23 23:28:40:2840 [35mhttp[39m: [35m::1 - - [23/Oct/2025:20:28:40 +0000] "GET /api/v1/campaigns?category=&status=&search=&page=1&limit=12 HTTP/1.1" 200 8088 "http://localhost:3000/" "Mozilla/5.0 (Macintosh; Intel Mac OS X 10_15_7) AppleWebKit/537.36 (KHTML, like Gecko) Chrome/141.0.0.0 Safari/537.36"[39m
2025-10-23 23:28:40:2840 [35mhttp[39m: [35m::1 - - [23/Oct/2025:20:28:40 +0000] "GET /api/v1/campaigns/featured?_t=1761251320115 HTTP/1.1" 200 2889 "http://localhost:3000/" "Mozilla/5.0 (Macintosh; Intel Mac OS X 10_15_7) AppleWebKit/537.36 (KHTML, like Gecko) Chrome/141.0.0.0 Safari/537.36"[39m
2025-10-23 23:28:40:2840 [35mhttp[39m: [35m::1 - - [23/Oct/2025:20:28:40 +0000] "GET /api/v1/campaigns?category=&status=&search=&page=1&limit=12 HTTP/1.1" 304 - "http://localhost:3000/" "Mozilla/5.0 (Macintosh; Intel Mac OS X 10_15_7) AppleWebKit/537.36 (KHTML, like Gecko) Chrome/141.0.0.0 Safari/537.36"[39m
2025-10-23 23:28:40:2840 [35mhttp[39m: [35m::1 - - [23/Oct/2025:20:28:40 +0000] "GET /api/v1/campaigns/featured?_t=1761251320115 HTTP/1.1" 304 - "http://localhost:3000/" "Mozilla/5.0 (Macintosh; Intel Mac OS X 10_15_7) AppleWebKit/537.36 (KHTML, like Gecko) Chrome/141.0.0.0 Safari/537.36"[39m
2025-10-23 23:28:41:2841 [35mhttp[39m: [35m::1 - - [23/Oct/2025:20:28:41 +0000] "GET /api/v1/user-campaigns/my-campaigns?page=1&limit=12&_t=1761251321313 HTTP/1.1" 200 651 "http://localhost:3000/" "Mozilla/5.0 (Macintosh; Intel Mac OS X 10_15_7) AppleWebKit/537.36 (KHTML, like Gecko) Chrome/141.0.0.0 Safari/537.36"[39m
2025-10-23 23:28:41:2841 [35mhttp[39m: [35m::1 - - [23/Oct/2025:20:28:41 +0000] "GET /api/v1/user-campaigns/my-campaigns?page=1&limit=12&_t=1761251321313 HTTP/1.1" 304 - "http://localhost:3000/" "Mozilla/5.0 (Macintosh; Intel Mac OS X 10_15_7) AppleWebKit/537.36 (KHTML, like Gecko) Chrome/141.0.0.0 Safari/537.36"[39m
2025-10-23 23:28:43:2843 [35mhttp[39m: [35m::1 - - [23/Oct/2025:20:28:43 +0000] "DELETE /api/v1/campaigns/d8b0fc39-ef2e-439d-a763-a64aef55f941 HTTP/1.1" 204 - "http://localhost:3000/" "Mozilla/5.0 (Macintosh; Intel Mac OS X 10_15_7) AppleWebKit/537.36 (KHTML, like Gecko) Chrome/141.0.0.0 Safari/537.36"[39m
2025-10-23 23:28:43:2843 [35mhttp[39m: [35m::1 - - [23/Oct/2025:20:28:43 +0000] "GET /api/v1/user-campaigns/my-campaigns?page=1&limit=12&_t=1761251323604 HTTP/1.1" 200 91 "http://localhost:3000/" "Mozilla/5.0 (Macintosh; Intel Mac OS X 10_15_7) AppleWebKit/537.36 (KHTML, like Gecko) Chrome/141.0.0.0 Safari/537.36"[39m
2025-10-23 23:30:30:3030 [33mwarn[39m: [33mBody validation failed[39m
2025-10-23 23:30:30:3030 [33mwarn[39m: [33mClient Error Validation failed: Goal cannot exceed $1,000,000[39m
2025-10-23 23:30:30:3030 [35mhttp[39m: [35m::1 - - [23/Oct/2025:20:30:30 +0000] "POST /api/v1/campaigns HTTP/1.1" 400 767 "http://localhost:3000/" "Mozilla/5.0 (Macintosh; Intel Mac OS X 10_15_7) AppleWebKit/537.36 (KHTML, like Gecko) Chrome/141.0.0.0 Safari/537.36"[39m
2025-10-23 23:30:43:3043 [35mhttp[39m: [35m::1 - - [23/Oct/2025:20:30:43 +0000] "POST /api/v1/campaigns HTTP/1.1" 201 494 "http://localhost:3000/" "Mozilla/5.0 (Macintosh; Intel Mac OS X 10_15_7) AppleWebKit/537.36 (KHTML, like Gecko) Chrome/141.0.0.0 Safari/537.36"[39m
2025-10-23 23:30:43:3043 [35mhttp[39m: [35m::1 - - [23/Oct/2025:20:30:43 +0000] "GET /api/v1/campaigns/c5a5dce1-5bc2-40ae-bc95-5420b5b7fae5?_t=1761251443452 HTTP/1.1" 200 740 "http://localhost:3000/" "Mozilla/5.0 (Macintosh; Intel Mac OS X 10_15_7) AppleWebKit/537.36 (KHTML, like Gecko) Chrome/141.0.0.0 Safari/537.36"[39m
2025-10-23 23:30:43:3043 [35mhttp[39m: [35m::1 - - [23/Oct/2025:20:30:43 +0000] "GET /api/v1/campaigns/c5a5dce1-5bc2-40ae-bc95-5420b5b7fae5?_t=1761251443452 HTTP/1.1" 304 - "http://localhost:3000/" "Mozilla/5.0 (Macintosh; Intel Mac OS X 10_15_7) AppleWebKit/537.36 (KHTML, like Gecko) Chrome/141.0.0.0 Safari/537.36"[39m
2025-10-23 23:30:43:3043 [35mhttp[39m: [35m::1 - - [23/Oct/2025:20:30:43 +0000] "GET /api/v1/campaigns/c5a5dce1-5bc2-40ae-bc95-5420b5b7fae5/donations?page=1&limit=10&_t=1761251443452 HTTP/1.1" 200 91 "http://localhost:3000/" "Mozilla/5.0 (Macintosh; Intel Mac OS X 10_15_7) AppleWebKit/537.36 (KHTML, like Gecko) Chrome/141.0.0.0 Safari/537.36"[39m
2025-10-23 23:30:43:3043 [35mhttp[39m: [35m::1 - - [23/Oct/2025:20:30:43 +0000] "GET /api/v1/campaigns/c5a5dce1-5bc2-40ae-bc95-5420b5b7fae5/donations?page=1&limit=10&_t=1761251443452 HTTP/1.1" 304 - "http://localhost:3000/" "Mozilla/5.0 (Macintosh; Intel Mac OS X 10_15_7) AppleWebKit/537.36 (KHTML, like Gecko) Chrome/141.0.0.0 Safari/537.36"[39m
2025-10-23 23:30:45:3045 [35mhttp[39m: [35m::1 - - [23/Oct/2025:20:30:45 +0000] "GET /api/v1/user-campaigns/my-campaigns?page=1&limit=12&_t=1761251445769 HTTP/1.1" 200 663 "http://localhost:3000/" "Mozilla/5.0 (Macintosh; Intel Mac OS X 10_15_7) AppleWebKit/537.36 (KHTML, like Gecko) Chrome/141.0.0.0 Safari/537.36"[39m
2025-10-23 23:30:45:3045 [35mhttp[39m: [35m::1 - - [23/Oct/2025:20:30:45 +0000] "GET /api/v1/user-campaigns/my-campaigns?page=1&limit=12&_t=1761251445769 HTTP/1.1" 304 - "http://localhost:3000/" "Mozilla/5.0 (Macintosh; Intel Mac OS X 10_15_7) AppleWebKit/537.36 (KHTML, like Gecko) Chrome/141.0.0.0 Safari/537.36"[39m
2025-10-23 23:30:47:3047 [35mhttp[39m: [35m::1 - - [23/Oct/2025:20:30:47 +0000] "PUT /api/v1/campaigns/c5a5dce1-5bc2-40ae-bc95-5420b5b7fae5 HTTP/1.1" 200 482 "http://localhost:3000/" "Mozilla/5.0 (Macintosh; Intel Mac OS X 10_15_7) AppleWebKit/537.36 (KHTML, like Gecko) Chrome/141.0.0.0 Safari/537.36"[39m
2025-10-23 23:30:47:3047 [35mhttp[39m: [35m::1 - - [23/Oct/2025:20:30:47 +0000] "GET /api/v1/user-campaigns/my-campaigns?page=1&limit=12&_t=1761251447810 HTTP/1.1" 200 664 "http://localhost:3000/" "Mozilla/5.0 (Macintosh; Intel Mac OS X 10_15_7) AppleWebKit/537.36 (KHTML, like Gecko) Chrome/141.0.0.0 Safari/537.36"[39m
2025-10-23 23:33:00:330 [32minfo[39m: [32mApplication started[39m
2025-10-23 23:33:04:334 [35mhttp[39m: [35m::1 - - [23/Oct/2025:20:33:04 +0000] "GET /api/v1/campaigns/featured?_t=1761251584492 HTTP/1.1" 200 3465 "http://localhost:3000/" "Mozilla/5.0 (Macintosh; Intel Mac OS X 10_15_7) AppleWebKit/537.36 (KHTML, like Gecko) Chrome/141.0.0.0 Safari/537.36"[39m
2025-10-23 23:33:04:334 [35mhttp[39m: [35m::1 - - [23/Oct/2025:20:33:04 +0000] "GET /api/v1/campaigns/trending?_t=1761251584492 HTTP/1.1" 200 2973 "http://localhost:3000/" "Mozilla/5.0 (Macintosh; Intel Mac OS X 10_15_7) AppleWebKit/537.36 (KHTML, like Gecko) Chrome/141.0.0.0 Safari/537.36"[39m
2025-10-23 23:33:04:334 [35mhttp[39m: [35m::1 - - [23/Oct/2025:20:33:04 +0000] "GET /api/v1/campaigns/featured?_t=1761251584491 HTTP/1.1" 200 3465 "http://localhost:3000/" "Mozilla/5.0 (Macintosh; Intel Mac OS X 10_15_7) AppleWebKit/537.36 (KHTML, like Gecko) Chrome/141.0.0.0 Safari/537.36"[39m
2025-10-23 23:33:04:334 [35mhttp[39m: [35m::1 - - [23/Oct/2025:20:33:04 +0000] "GET /api/v1/campaigns/trending?_t=1761251584491 HTTP/1.1" 200 2973 "http://localhost:3000/" "Mozilla/5.0 (Macintosh; Intel Mac OS X 10_15_7) AppleWebKit/537.36 (KHTML, like Gecko) Chrome/141.0.0.0 Safari/537.36"[39m
2025-10-23 23:33:04:334 [35mhttp[39m: [35m::1 - - [23/Oct/2025:20:33:04 +0000] "GET /api/v1/stats?_t=1761251584491 HTTP/1.1" 200 121 "http://localhost:3000/" "Mozilla/5.0 (Macintosh; Intel Mac OS X 10_15_7) AppleWebKit/537.36 (KHTML, like Gecko) Chrome/141.0.0.0 Safari/537.36"[39m
2025-10-23 23:33:04:334 [35mhttp[39m: [35m::1 - - [23/Oct/2025:20:33:04 +0000] "GET /api/v1/stats?_t=1761251584492 HTTP/1.1" 200 121 "http://localhost:3000/" "Mozilla/5.0 (Macintosh; Intel Mac OS X 10_15_7) AppleWebKit/537.36 (KHTML, like Gecko) Chrome/141.0.0.0 Safari/537.36"[39m
2025-10-23 23:33:16:3316 [35mhttp[39m: [35m::1 - - [23/Oct/2025:20:33:16 +0000] "POST /api/v1/auth/login HTTP/1.1" 200 376 "http://localhost:3000/" "Mozilla/5.0 (Macintosh; Intel Mac OS X 10_15_7) AppleWebKit/537.36 (KHTML, like Gecko) Chrome/141.0.0.0 Safari/537.36"[39m
2025-10-23 23:33:17:3317 [35mhttp[39m: [35m::1 - - [23/Oct/2025:20:33:17 +0000] "GET /api/v1/campaigns/featured?_t=1761251597841 HTTP/1.1" 200 3465 "http://localhost:3000/" "Mozilla/5.0 (Macintosh; Intel Mac OS X 10_15_7) AppleWebKit/537.36 (KHTML, like Gecko) Chrome/141.0.0.0 Safari/537.36"[39m
2025-10-23 23:33:17:3317 [35mhttp[39m: [35m::1 - - [23/Oct/2025:20:33:17 +0000] "GET /api/v1/campaigns?category=&status=&search=&page=1&limit=12 HTTP/1.1" 200 8101 "http://localhost:3000/" "Mozilla/5.0 (Macintosh; Intel Mac OS X 10_15_7) AppleWebKit/537.36 (KHTML, like Gecko) Chrome/141.0.0.0 Safari/537.36"[39m
2025-10-23 23:33:17:3317 [35mhttp[39m: [35m::1 - - [23/Oct/2025:20:33:17 +0000] "GET /api/v1/campaigns/featured?_t=1761251597841 HTTP/1.1" 304 - "http://localhost:3000/" "Mozilla/5.0 (Macintosh; Intel Mac OS X 10_15_7) AppleWebKit/537.36 (KHTML, like Gecko) Chrome/141.0.0.0 Safari/537.36"[39m
2025-10-23 23:33:17:3317 [35mhttp[39m: [35m::1 - - [23/Oct/2025:20:33:17 +0000] "GET /api/v1/campaigns?category=&status=&search=&page=1&limit=12 HTTP/1.1" 304 - "http://localhost:3000/" "Mozilla/5.0 (Macintosh; Intel Mac OS X 10_15_7) AppleWebKit/537.36 (KHTML, like Gecko) Chrome/141.0.0.0 Safari/537.36"[39m
2025-10-23 23:33:19:3319 [35mhttp[39m: [35m::1 - - [23/Oct/2025:20:33:19 +0000] "GET /api/v1/user-campaigns/my-campaigns?page=1&limit=12&_t=1761251599254 HTTP/1.1" 200 664 "http://localhost:3000/" "Mozilla/5.0 (Macintosh; Intel Mac OS X 10_15_7) AppleWebKit/537.36 (KHTML, like Gecko) Chrome/141.0.0.0 Safari/537.36"[39m
2025-10-23 23:33:19:3319 [35mhttp[39m: [35m::1 - - [23/Oct/2025:20:33:19 +0000] "GET /api/v1/user-campaigns/my-campaigns?page=1&limit=12&_t=1761251599254 HTTP/1.1" 304 - "http://localhost:3000/" "Mozilla/5.0 (Macintosh; Intel Mac OS X 10_15_7) AppleWebKit/537.36 (KHTML, like Gecko) Chrome/141.0.0.0 Safari/537.36"[39m
2025-10-23 23:33:21:3321 [35mhttp[39m: [35m::1 - - [23/Oct/2025:20:33:21 +0000] "DELETE /api/v1/campaigns/c5a5dce1-5bc2-40ae-bc95-5420b5b7fae5 HTTP/1.1" 204 - "http://localhost:3000/" "Mozilla/5.0 (Macintosh; Intel Mac OS X 10_15_7) AppleWebKit/537.36 (KHTML, like Gecko) Chrome/141.0.0.0 Safari/537.36"[39m
2025-10-23 23:33:21:3321 [35mhttp[39m: [35m::1 - - [23/Oct/2025:20:33:21 +0000] "GET /api/v1/user-campaigns/my-campaigns?page=1&limit=12&_t=1761251601937 HTTP/1.1" 200 91 "http://localhost:3000/" "Mozilla/5.0 (Macintosh; Intel Mac OS X 10_15_7) AppleWebKit/537.36 (KHTML, like Gecko) Chrome/141.0.0.0 Safari/537.36"[39m
2025-10-23 23:34:11:3411 [35mhttp[39m: [35m::1 - - [23/Oct/2025:20:34:11 +0000] "POST /api/v1/campaigns HTTP/1.1" 201 493 "http://localhost:3000/" "Mozilla/5.0 (Macintosh; Intel Mac OS X 10_15_7) AppleWebKit/537.36 (KHTML, like Gecko) Chrome/141.0.0.0 Safari/537.36"[39m
2025-10-23 23:34:11:3411 [35mhttp[39m: [35m::1 - - [23/Oct/2025:20:34:11 +0000] "GET /api/v1/campaigns/32f5e169-50e3-4e45-83c9-896b1c36efbe?_t=1761251651548 HTTP/1.1" 200 739 "http://localhost:3000/" "Mozilla/5.0 (Macintosh; Intel Mac OS X 10_15_7) AppleWebKit/537.36 (KHTML, like Gecko) Chrome/141.0.0.0 Safari/537.36"[39m
2025-10-23 23:34:11:3411 [35mhttp[39m: [35m::1 - - [23/Oct/2025:20:34:11 +0000] "GET /api/v1/campaigns/32f5e169-50e3-4e45-83c9-896b1c36efbe?_t=1761251651548 HTTP/1.1" 304 - "http://localhost:3000/" "Mozilla/5.0 (Macintosh; Intel Mac OS X 10_15_7) AppleWebKit/537.36 (KHTML, like Gecko) Chrome/141.0.0.0 Safari/537.36"[39m
2025-10-23 23:34:11:3411 [35mhttp[39m: [35m::1 - - [23/Oct/2025:20:34:11 +0000] "GET /api/v1/campaigns/32f5e169-50e3-4e45-83c9-896b1c36efbe/donations?page=1&limit=10&_t=1761251651548 HTTP/1.1" 200 91 "http://localhost:3000/" "Mozilla/5.0 (Macintosh; Intel Mac OS X 10_15_7) AppleWebKit/537.36 (KHTML, like Gecko) Chrome/141.0.0.0 Safari/537.36"[39m
2025-10-23 23:34:11:3411 [35mhttp[39m: [35m::1 - - [23/Oct/2025:20:34:11 +0000] "GET /api/v1/campaigns/32f5e169-50e3-4e45-83c9-896b1c36efbe/donations?page=1&limit=10&_t=1761251651549 HTTP/1.1" 200 91 "http://localhost:3000/" "Mozilla/5.0 (Macintosh; Intel Mac OS X 10_15_7) AppleWebKit/537.36 (KHTML, like Gecko) Chrome/141.0.0.0 Safari/537.36"[39m
2025-10-23 23:34:14:3414 [35mhttp[39m: [35m::1 - - [23/Oct/2025:20:34:14 +0000] "GET /api/v1/user-campaigns/my-campaigns?page=1&limit=12&_t=1761251654429 HTTP/1.1" 200 662 "http://localhost:3000/" "Mozilla/5.0 (Macintosh; Intel Mac OS X 10_15_7) AppleWebKit/537.36 (KHTML, like Gecko) Chrome/141.0.0.0 Safari/537.36"[39m
2025-10-23 23:34:14:3414 [35mhttp[39m: [35m::1 - - [23/Oct/2025:20:34:14 +0000] "GET /api/v1/user-campaigns/my-campaigns?page=1&limit=12&_t=1761251654429 HTTP/1.1" 304 - "http://localhost:3000/" "Mozilla/5.0 (Macintosh; Intel Mac OS X 10_15_7) AppleWebKit/537.36 (KHTML, like Gecko) Chrome/141.0.0.0 Safari/537.36"[39m
2025-10-23 23:34:15:3415 [35mhttp[39m: [35m::1 - - [23/Oct/2025:20:34:15 +0000] "PUT /api/v1/campaigns/32f5e169-50e3-4e45-83c9-896b1c36efbe HTTP/1.1" 200 481 "http://localhost:3000/" "Mozilla/5.0 (Macintosh; Intel Mac OS X 10_15_7) AppleWebKit/537.36 (KHTML, like Gecko) Chrome/141.0.0.0 Safari/537.36"[39m
2025-10-23 23:34:15:3415 [35mhttp[39m: [35m::1 - - [23/Oct/2025:20:34:15 +0000] "GET /api/v1/user-campaigns/my-campaigns?page=1&limit=12&_t=1761251655862 HTTP/1.1" 200 663 "http://localhost:3000/" "Mozilla/5.0 (Macintosh; Intel Mac OS X 10_15_7) AppleWebKit/537.36 (KHTML, like Gecko) Chrome/141.0.0.0 Safari/537.36"[39m
2025-10-23 23:34:20:3420 [35mhttp[39m: [35m::1 - - [23/Oct/2025:20:34:20 +0000] "POST /api/v1/auth/login HTTP/1.1" 200 387 "http://localhost:3000/" "Mozilla/5.0 (Macintosh; Intel Mac OS X 10_15_7) AppleWebKit/537.36 (KHTML, like Gecko) Chrome/141.0.0.0 Safari/537.36"[39m
2025-10-23 23:34:58:3458 [35mhttp[39m: [35m::1 - - [23/Oct/2025:20:34:58 +0000] "GET /api/v1/campaigns/featured?_t=1761251698722 HTTP/1.1" 200 3464 "http://localhost:3000/" "Mozilla/5.0 (Macintosh; Intel Mac OS X 10_15_7) AppleWebKit/537.36 (KHTML, like Gecko) Chrome/141.0.0.0 Safari/537.36"[39m
2025-10-23 23:34:58:3458 [35mhttp[39m: [35m::1 - - [23/Oct/2025:20:34:58 +0000] "GET /api/v1/campaigns/featured?_t=1761251698723 HTTP/1.1" 200 3464 "http://localhost:3000/" "Mozilla/5.0 (Macintosh; Intel Mac OS X 10_15_7) AppleWebKit/537.36 (KHTML, like Gecko) Chrome/141.0.0.0 Safari/537.36"[39m
2025-10-23 23:34:58:3458 [35mhttp[39m: [35m::1 - - [23/Oct/2025:20:34:58 +0000] "GET /api/v1/campaigns?category=&status=&search=&page=1&limit=12 HTTP/1.1" 200 8100 "http://localhost:3000/" "Mozilla/5.0 (Macintosh; Intel Mac OS X 10_15_7) AppleWebKit/537.36 (KHTML, like Gecko) Chrome/141.0.0.0 Safari/537.36"[39m
2025-10-23 23:34:58:3458 [35mhttp[39m: [35m::1 - - [23/Oct/2025:20:34:58 +0000] "GET /api/v1/campaigns?category=&status=&search=&page=1&limit=12 HTTP/1.1" 304 - "http://localhost:3000/" "Mozilla/5.0 (Macintosh; Intel Mac OS X 10_15_7) AppleWebKit/537.36 (KHTML, like Gecko) Chrome/141.0.0.0 Safari/537.36"[39m
2025-10-23 23:34:58:3458 [35mhttp[39m: [35m::1 - - [23/Oct/2025:20:34:58 +0000] "GET /api/v1/users/profile?_t=1761251698723 HTTP/1.1" 200 315 "http://localhost:3000/" "Mozilla/5.0 (Macintosh; Intel Mac OS X 10_15_7) AppleWebKit/537.36 (KHTML, like Gecko) Chrome/141.0.0.0 Safari/537.36"[39m
2025-10-23 23:34:58:3458 [35mhttp[39m: [35m::1 - - [23/Oct/2025:20:34:58 +0000] "GET /api/v1/users/profile?_t=1761251698723 HTTP/1.1" 304 - "http://localhost:3000/" "Mozilla/5.0 (Macintosh; Intel Mac OS X 10_15_7) AppleWebKit/537.36 (KHTML, like Gecko) Chrome/141.0.0.0 Safari/537.36"[39m
2025-10-23 23:40:03:403 [35mhttp[39m: [35m::1 - - [23/Oct/2025:20:40:03 +0000] "GET /api/v1/campaigns?category=&status=&search=&page=1&limit=12 HTTP/1.1" 304 - "http://localhost:3000/" "Mozilla/5.0 (Macintosh; Intel Mac OS X 10_15_7) AppleWebKit/537.36 (KHTML, like Gecko) Chrome/141.0.0.0 Safari/537.36"[39m
2025-10-23 23:40:03:403 [35mhttp[39m: [35m::1 - - [23/Oct/2025:20:40:03 +0000] "GET /api/v1/campaigns?category=&status=&search=&page=1&limit=12 HTTP/1.1" 304 - "http://localhost:3000/" "Mozilla/5.0 (Macintosh; Intel Mac OS X 10_15_7) AppleWebKit/537.36 (KHTML, like Gecko) Chrome/141.0.0.0 Safari/537.36"[39m
2025-10-23 23:40:03:403 [35mhttp[39m: [35m::1 - - [23/Oct/2025:20:40:03 +0000] "GET /api/v1/users/profile?_t=1761252003786 HTTP/1.1" 200 315 "http://localhost:3000/" "Mozilla/5.0 (Macintosh; Intel Mac OS X 10_15_7) AppleWebKit/537.36 (KHTML, like Gecko) Chrome/141.0.0.0 Safari/537.36"[39m
2025-10-23 23:40:03:403 [35mhttp[39m: [35m::1 - - [23/Oct/2025:20:40:03 +0000] "GET /api/v1/campaigns/featured?_t=1761252003786 HTTP/1.1" 200 3464 "http://localhost:3000/" "Mozilla/5.0 (Macintosh; Intel Mac OS X 10_15_7) AppleWebKit/537.36 (KHTML, like Gecko) Chrome/141.0.0.0 Safari/537.36"[39m
2025-10-23 23:40:03:403 [35mhttp[39m: [35m::1 - - [23/Oct/2025:20:40:03 +0000] "GET /api/v1/campaigns/featured?_t=1761252003786 HTTP/1.1" 304 - "http://localhost:3000/" "Mozilla/5.0 (Macintosh; Intel Mac OS X 10_15_7) AppleWebKit/537.36 (KHTML, like Gecko) Chrome/141.0.0.0 Safari/537.36"[39m
2025-10-23 23:40:03:403 [35mhttp[39m: [35m::1 - - [23/Oct/2025:20:40:03 +0000] "GET /api/v1/users/profile?_t=1761252003787 HTTP/1.1" 200 315 "http://localhost:3000/" "Mozilla/5.0 (Macintosh; Intel Mac OS X 10_15_7) AppleWebKit/537.36 (KHTML, like Gecko) Chrome/141.0.0.0 Safari/537.36"[39m
2025-10-23 23:40:07:407 [35mhttp[39m: [35m::1 - - [23/Oct/2025:20:40:07 +0000] "POST /api/v1/auth/login HTTP/1.1" 200 387 "http://localhost:3000/" "Mozilla/5.0 (Macintosh; Intel Mac OS X 10_15_7) AppleWebKit/537.36 (KHTML, like Gecko) Chrome/141.0.0.0 Safari/537.36"[39m
2025-10-23 23:40:08:408 [35mhttp[39m: [35m::1 - - [23/Oct/2025:20:40:08 +0000] "GET /api/v1/campaigns?category=&status=&search=&page=1&limit=12 HTTP/1.1" 304 - "http://localhost:3000/" "Mozilla/5.0 (Macintosh; Intel Mac OS X 10_15_7) AppleWebKit/537.36 (KHTML, like Gecko) Chrome/141.0.0.0 Safari/537.36"[39m
2025-10-23 23:40:08:408 [35mhttp[39m: [35m::1 - - [23/Oct/2025:20:40:08 +0000] "GET /api/v1/campaigns/featured?_t=1761252008660 HTTP/1.1" 200 3464 "http://localhost:3000/" "Mozilla/5.0 (Macintosh; Intel Mac OS X 10_15_7) AppleWebKit/537.36 (KHTML, like Gecko) Chrome/141.0.0.0 Safari/537.36"[39m
2025-10-23 23:40:08:408 [35mhttp[39m: [35m::1 - - [23/Oct/2025:20:40:08 +0000] "GET /api/v1/campaigns?category=&status=&search=&page=1&limit=12 HTTP/1.1" 304 - "http://localhost:3000/" "Mozilla/5.0 (Macintosh; Intel Mac OS X 10_15_7) AppleWebKit/537.36 (KHTML, like Gecko) Chrome/141.0.0.0 Safari/537.36"[39m
2025-10-23 23:40:08:408 [35mhttp[39m: [35m::1 - - [23/Oct/2025:20:40:08 +0000] "GET /api/v1/campaigns/featured?_t=1761252008660 HTTP/1.1" 304 - "http://localhost:3000/" "Mozilla/5.0 (Macintosh; Intel Mac OS X 10_15_7) AppleWebKit/537.36 (KHTML, like Gecko) Chrome/141.0.0.0 Safari/537.36"[39m
2025-10-23 23:40:22:4022 [35mhttp[39m: [35m::1 - - [23/Oct/2025:20:40:22 +0000] "POST /api/v1/auth/login HTTP/1.1" 200 376 "http://localhost:3000/" "Mozilla/5.0 (Macintosh; Intel Mac OS X 10_15_7) AppleWebKit/537.36 (KHTML, like Gecko) Chrome/141.0.0.0 Safari/537.36"[39m
2025-10-23 23:40:24:4024 [35mhttp[39m: [35m::1 - - [23/Oct/2025:20:40:24 +0000] "GET /api/v1/campaigns?category=&status=&search=&page=1&limit=12 HTTP/1.1" 304 - "http://localhost:3000/" "Mozilla/5.0 (Macintosh; Intel Mac OS X 10_15_7) AppleWebKit/537.36 (KHTML, like Gecko) Chrome/141.0.0.0 Safari/537.36"[39m
2025-10-23 23:40:24:4024 [35mhttp[39m: [35m::1 - - [23/Oct/2025:20:40:24 +0000] "GET /api/v1/campaigns/featured?_t=1761252024385 HTTP/1.1" 200 3464 "http://localhost:3000/" "Mozilla/5.0 (Macintosh; Intel Mac OS X 10_15_7) AppleWebKit/537.36 (KHTML, like Gecko) Chrome/141.0.0.0 Safari/537.36"[39m
2025-10-23 23:40:24:4024 [35mhttp[39m: [35m::1 - - [23/Oct/2025:20:40:24 +0000] "GET /api/v1/campaigns/featured?_t=1761252024386 HTTP/1.1" 200 3464 "http://localhost:3000/" "Mozilla/5.0 (Macintosh; Intel Mac OS X 10_15_7) AppleWebKit/537.36 (KHTML, like Gecko) Chrome/141.0.0.0 Safari/537.36"[39m
2025-10-23 23:40:24:4024 [35mhttp[39m: [35m::1 - - [23/Oct/2025:20:40:24 +0000] "GET /api/v1/campaigns?category=&status=&search=&page=1&limit=12 HTTP/1.1" 304 - "http://localhost:3000/" "Mozilla/5.0 (Macintosh; Intel Mac OS X 10_15_7) AppleWebKit/537.36 (KHTML, like Gecko) Chrome/141.0.0.0 Safari/537.36"[39m
2025-10-23 23:40:26:4026 [35mhttp[39m: [35m::1 - - [23/Oct/2025:20:40:26 +0000] "GET /api/v1/user-campaigns/my-campaigns?page=1&limit=12&_t=1761252026796 HTTP/1.1" 200 663 "http://localhost:3000/" "Mozilla/5.0 (Macintosh; Intel Mac OS X 10_15_7) AppleWebKit/537.36 (KHTML, like Gecko) Chrome/141.0.0.0 Safari/537.36"[39m
2025-10-23 23:40:26:4026 [35mhttp[39m: [35m::1 - - [23/Oct/2025:20:40:26 +0000] "GET /api/v1/user-campaigns/my-campaigns?page=1&limit=12&_t=1761252026796 HTTP/1.1" 304 - "http://localhost:3000/" "Mozilla/5.0 (Macintosh; Intel Mac OS X 10_15_7) AppleWebKit/537.36 (KHTML, like Gecko) Chrome/141.0.0.0 Safari/537.36"[39m
2025-10-23 23:40:29:4029 [35mhttp[39m: [35m::1 - - [23/Oct/2025:20:40:29 +0000] "DELETE /api/v1/campaigns/32f5e169-50e3-4e45-83c9-896b1c36efbe HTTP/1.1" 204 - "http://localhost:3000/" "Mozilla/5.0 (Macintosh; Intel Mac OS X 10_15_7) AppleWebKit/537.36 (KHTML, like Gecko) Chrome/141.0.0.0 Safari/537.36"[39m
2025-10-23 23:40:29:4029 [35mhttp[39m: [35m::1 - - [23/Oct/2025:20:40:29 +0000] "GET /api/v1/user-campaigns/my-campaigns?page=1&limit=12&_t=1761252029931 HTTP/1.1" 200 91 "http://localhost:3000/" "Mozilla/5.0 (Macintosh; Intel Mac OS X 10_15_7) AppleWebKit/537.36 (KHTML, like Gecko) Chrome/141.0.0.0 Safari/537.36"[39m
2025-10-23 23:41:47:4147 [35mhttp[39m: [35m::1 - - [23/Oct/2025:20:41:47 +0000] "POST /api/v1/campaigns HTTP/1.1" 201 519 "http://localhost:3000/" "Mozilla/5.0 (Macintosh; Intel Mac OS X 10_15_7) AppleWebKit/537.36 (KHTML, like Gecko) Chrome/141.0.0.0 Safari/537.36"[39m
2025-10-23 23:41:47:4147 [35mhttp[39m: [35m::1 - - [23/Oct/2025:20:41:47 +0000] "GET /api/v1/campaigns/a8ae9432-f16f-4c93-b4d8-e0eaefee942e?_t=1761252107944 HTTP/1.1" 200 765 "http://localhost:3000/" "Mozilla/5.0 (Macintosh; Intel Mac OS X 10_15_7) AppleWebKit/537.36 (KHTML, like Gecko) Chrome/141.0.0.0 Safari/537.36"[39m
2025-10-23 23:41:47:4147 [35mhttp[39m: [35m::1 - - [23/Oct/2025:20:41:47 +0000] "GET /api/v1/campaigns/a8ae9432-f16f-4c93-b4d8-e0eaefee942e?_t=1761252107944 HTTP/1.1" 304 - "http://localhost:3000/" "Mozilla/5.0 (Macintosh; Intel Mac OS X 10_15_7) AppleWebKit/537.36 (KHTML, like Gecko) Chrome/141.0.0.0 Safari/537.36"[39m
2025-10-23 23:41:47:4147 [35mhttp[39m: [35m::1 - - [23/Oct/2025:20:41:47 +0000] "GET /api/v1/campaigns/a8ae9432-f16f-4c93-b4d8-e0eaefee942e/donations?page=1&limit=10&_t=1761252107944 HTTP/1.1" 200 91 "http://localhost:3000/" "Mozilla/5.0 (Macintosh; Intel Mac OS X 10_15_7) AppleWebKit/537.36 (KHTML, like Gecko) Chrome/141.0.0.0 Safari/537.36"[39m
2025-10-23 23:41:47:4147 [35mhttp[39m: [35m::1 - - [23/Oct/2025:20:41:47 +0000] "GET /api/v1/campaigns/a8ae9432-f16f-4c93-b4d8-e0eaefee942e/donations?page=1&limit=10&_t=1761252107944 HTTP/1.1" 304 - "http://localhost:3000/" "Mozilla/5.0 (Macintosh; Intel Mac OS X 10_15_7) AppleWebKit/537.36 (KHTML, like Gecko) Chrome/141.0.0.0 Safari/537.36"[39m
2025-10-23 23:41:50:4150 [35mhttp[39m: [35m::1 - - [23/Oct/2025:20:41:50 +0000] "GET /api/v1/user-campaigns/my-campaigns?page=1&limit=12&_t=1761252110913 HTTP/1.1" 200 688 "http://localhost:3000/" "Mozilla/5.0 (Macintosh; Intel Mac OS X 10_15_7) AppleWebKit/537.36 (KHTML, like Gecko) Chrome/141.0.0.0 Safari/537.36"[39m
2025-10-23 23:41:50:4150 [35mhttp[39m: [35m::1 - - [23/Oct/2025:20:41:50 +0000] "GET /api/v1/user-campaigns/my-campaigns?page=1&limit=12&_t=1761252110913 HTTP/1.1" 304 - "http://localhost:3000/" "Mozilla/5.0 (Macintosh; Intel Mac OS X 10_15_7) AppleWebKit/537.36 (KHTML, like Gecko) Chrome/141.0.0.0 Safari/537.36"[39m
2025-10-23 23:41:52:4152 [35mhttp[39m: [35m::1 - - [23/Oct/2025:20:41:52 +0000] "PUT /api/v1/campaigns/a8ae9432-f16f-4c93-b4d8-e0eaefee942e HTTP/1.1" 200 507 "http://localhost:3000/" "Mozilla/5.0 (Macintosh; Intel Mac OS X 10_15_7) AppleWebKit/537.36 (KHTML, like Gecko) Chrome/141.0.0.0 Safari/537.36"[39m
2025-10-23 23:41:52:4152 [35mhttp[39m: [35m::1 - - [23/Oct/2025:20:41:52 +0000] "GET /api/v1/user-campaigns/my-campaigns?page=1&limit=12&_t=1761252112420 HTTP/1.1" 200 689 "http://localhost:3000/" "Mozilla/5.0 (Macintosh; Intel Mac OS X 10_15_7) AppleWebKit/537.36 (KHTML, like Gecko) Chrome/141.0.0.0 Safari/537.36"[39m
2025-10-23 23:41:56:4156 [35mhttp[39m: [35m::1 - - [23/Oct/2025:20:41:56 +0000] "POST /api/v1/auth/login HTTP/1.1" 200 387 "http://localhost:3000/" "Mozilla/5.0 (Macintosh; Intel Mac OS X 10_15_7) AppleWebKit/537.36 (KHTML, like Gecko) Chrome/141.0.0.0 Safari/537.36"[39m
2025-10-23 23:42:48:4248 [35mhttp[39m: [35m::1 - - [23/Oct/2025:20:42:48 +0000] "GET /api/v1/campaigns?category=&status=&search=&page=1&limit=12 HTTP/1.1" 200 8126 "http://localhost:3000/" "Mozilla/5.0 (Macintosh; Intel Mac OS X 10_15_7) AppleWebKit/537.36 (KHTML, like Gecko) Chrome/141.0.0.0 Safari/537.36"[39m
2025-10-23 23:42:48:4248 [35mhttp[39m: [35m::1 - - [23/Oct/2025:20:42:48 +0000] "GET /api/v1/campaigns/featured?_t=1761252168481 HTTP/1.1" 200 3490 "http://localhost:3000/" "Mozilla/5.0 (Macintosh; Intel Mac OS X 10_15_7) AppleWebKit/537.36 (KHTML, like Gecko) Chrome/141.0.0.0 Safari/537.36"[39m
2025-10-23 23:42:48:4248 [35mhttp[39m: [35m::1 - - [23/Oct/2025:20:42:48 +0000] "GET /api/v1/campaigns/featured?_t=1761252168482 HTTP/1.1" 200 3490 "http://localhost:3000/" "Mozilla/5.0 (Macintosh; Intel Mac OS X 10_15_7) AppleWebKit/537.36 (KHTML, like Gecko) Chrome/141.0.0.0 Safari/537.36"[39m
2025-10-23 23:42:48:4248 [35mhttp[39m: [35m::1 - - [23/Oct/2025:20:42:48 +0000] "GET /api/v1/users/profile?_t=1761252168481 HTTP/1.1" 200 315 "http://localhost:3000/" "Mozilla/5.0 (Macintosh; Intel Mac OS X 10_15_7) AppleWebKit/537.36 (KHTML, like Gecko) Chrome/141.0.0.0 Safari/537.36"[39m
2025-10-23 23:42:48:4248 [35mhttp[39m: [35m::1 - - [23/Oct/2025:20:42:48 +0000] "GET /api/v1/users/profile?_t=1761252168482 HTTP/1.1" 200 315 "http://localhost:3000/" "Mozilla/5.0 (Macintosh; Intel Mac OS X 10_15_7) AppleWebKit/537.36 (KHTML, like Gecko) Chrome/141.0.0.0 Safari/537.36"[39m
2025-10-23 23:42:48:4248 [35mhttp[39m: [35m::1 - - [23/Oct/2025:20:42:48 +0000] "GET /api/v1/campaigns?category=&status=&search=&page=1&limit=12 HTTP/1.1" 304 - "http://localhost:3000/" "Mozilla/5.0 (Macintosh; Intel Mac OS X 10_15_7) AppleWebKit/537.36 (KHTML, like Gecko) Chrome/141.0.0.0 Safari/537.36"[39m
2025-10-23 23:43:24:4324 [35mhttp[39m: [35m::1 - - [23/Oct/2025:20:43:24 +0000] "GET /api/v1/campaigns?category=&status=&search=&page=1&limit=12 HTTP/1.1" 304 - "http://localhost:3000/" "Mozilla/5.0 (Macintosh; Intel Mac OS X 10_15_7) AppleWebKit/537.36 (KHTML, like Gecko) Chrome/141.0.0.0 Safari/537.36"[39m
2025-10-23 23:43:24:4324 [35mhttp[39m: [35m::1 - - [23/Oct/2025:20:43:24 +0000] "GET /api/v1/campaigns/featured?_t=1761252204919 HTTP/1.1" 200 3490 "http://localhost:3000/" "Mozilla/5.0 (Macintosh; Intel Mac OS X 10_15_7) AppleWebKit/537.36 (KHTML, like Gecko) Chrome/141.0.0.0 Safari/537.36"[39m
2025-10-23 23:43:24:4324 [35mhttp[39m: [35m::1 - - [23/Oct/2025:20:43:24 +0000] "GET /api/v1/campaigns?category=&status=&search=&page=1&limit=12 HTTP/1.1" 304 - "http://localhost:3000/" "Mozilla/5.0 (Macintosh; Intel Mac OS X 10_15_7) AppleWebKit/537.36 (KHTML, like Gecko) Chrome/141.0.0.0 Safari/537.36"[39m
2025-10-23 23:43:24:4324 [35mhttp[39m: [35m::1 - - [23/Oct/2025:20:43:24 +0000] "GET /api/v1/campaigns/featured?_t=1761252204920 HTTP/1.1" 200 3490 "http://localhost:3000/" "Mozilla/5.0 (Macintosh; Intel Mac OS X 10_15_7) AppleWebKit/537.36 (KHTML, like Gecko) Chrome/141.0.0.0 Safari/537.36"[39m
2025-10-23 23:43:53:4353 [35mhttp[39m: [35m::1 - - [23/Oct/2025:20:43:53 +0000] "GET /api/v1/campaigns/featured?_t=1761252233988 HTTP/1.1" 200 3490 "http://localhost:3000/" "Mozilla/5.0 (Macintosh; Intel Mac OS X 10_15_7) AppleWebKit/537.36 (KHTML, like Gecko) Chrome/141.0.0.0 Safari/537.36"[39m
2025-10-23 23:43:53:4353 [35mhttp[39m: [35m::1 - - [23/Oct/2025:20:43:53 +0000] "GET /api/v1/campaigns?category=&status=&search=&page=1&limit=12 HTTP/1.1" 304 - "http://localhost:3000/" "Mozilla/5.0 (Macintosh; Intel Mac OS X 10_15_7) AppleWebKit/537.36 (KHTML, like Gecko) Chrome/141.0.0.0 Safari/537.36"[39m
2025-10-23 23:43:53:4353 [35mhttp[39m: [35m::1 - - [23/Oct/2025:20:43:53 +0000] "GET /api/v1/users/profile?_t=1761252233988 HTTP/1.1" 200 315 "http://localhost:3000/" "Mozilla/5.0 (Macintosh; Intel Mac OS X 10_15_7) AppleWebKit/537.36 (KHTML, like Gecko) Chrome/141.0.0.0 Safari/537.36"[39m
2025-10-23 23:43:53:4353 [35mhttp[39m: [35m::1 - - [23/Oct/2025:20:43:53 +0000] "GET /api/v1/campaigns?category=&status=&search=&page=1&limit=12 HTTP/1.1" 304 - "http://localhost:3000/" "Mozilla/5.0 (Macintosh; Intel Mac OS X 10_15_7) AppleWebKit/537.36 (KHTML, like Gecko) Chrome/141.0.0.0 Safari/537.36"[39m
2025-10-23 23:43:53:4353 [35mhttp[39m: [35m::1 - - [23/Oct/2025:20:43:53 +0000] "GET /api/v1/users/profile?_t=1761252233989 HTTP/1.1" 200 315 "http://localhost:3000/" "Mozilla/5.0 (Macintosh; Intel Mac OS X 10_15_7) AppleWebKit/537.36 (KHTML, like Gecko) Chrome/141.0.0.0 Safari/537.36"[39m
2025-10-23 23:43:53:4353 [35mhttp[39m: [35m::1 - - [23/Oct/2025:20:43:53 +0000] "GET /api/v1/campaigns/featured?_t=1761252233989 HTTP/1.1" 200 3490 "http://localhost:3000/" "Mozilla/5.0 (Macintosh; Intel Mac OS X 10_15_7) AppleWebKit/537.36 (KHTML, like Gecko) Chrome/141.0.0.0 Safari/537.36"[39m
2025-10-23 23:48:22:4822 [32minfo[39m: [32mApplication started[39m
2025-10-23 23:48:32:4832 [35mhttp[39m: [35m::1 - - [23/Oct/2025:20:48:32 +0000] "GET /api/v1/campaigns/featured?_t=1761252512782 HTTP/1.1" 200 3490 "http://localhost:3000/" "Mozilla/5.0 (Macintosh; Intel Mac OS X 10_15_7) AppleWebKit/537.36 (KHTML, like Gecko) Chrome/141.0.0.0 Safari/537.36"[39m
2025-10-23 23:48:32:4832 [35mhttp[39m: [35m::1 - - [23/Oct/2025:20:48:32 +0000] "GET /api/v1/campaigns/featured?_t=1761252512783 HTTP/1.1" 200 3490 "http://localhost:3000/" "Mozilla/5.0 (Macintosh; Intel Mac OS X 10_15_7) AppleWebKit/537.36 (KHTML, like Gecko) Chrome/141.0.0.0 Safari/537.36"[39m
2025-10-23 23:48:32:4832 [35mhttp[39m: [35m::1 - - [23/Oct/2025:20:48:32 +0000] "GET /api/v1/stats?_t=1761252512784 HTTP/1.1" 200 121 "http://localhost:3000/" "Mozilla/5.0 (Macintosh; Intel Mac OS X 10_15_7) AppleWebKit/537.36 (KHTML, like Gecko) Chrome/141.0.0.0 Safari/537.36"[39m
2025-10-23 23:48:32:4832 [35mhttp[39m: [35m::1 - - [23/Oct/2025:20:48:32 +0000] "GET /api/v1/campaigns/trending?_t=1761252512783 HTTP/1.1" 200 2973 "http://localhost:3000/" "Mozilla/5.0 (Macintosh; Intel Mac OS X 10_15_7) AppleWebKit/537.36 (KHTML, like Gecko) Chrome/141.0.0.0 Safari/537.36"[39m
2025-10-23 23:48:32:4832 [35mhttp[39m: [35m::1 - - [23/Oct/2025:20:48:32 +0000] "GET /api/v1/stats?_t=1761252512783 HTTP/1.1" 200 121 "http://localhost:3000/" "Mozilla/5.0 (Macintosh; Intel Mac OS X 10_15_7) AppleWebKit/537.36 (KHTML, like Gecko) Chrome/141.0.0.0 Safari/537.36"[39m
2025-10-23 23:48:32:4832 [35mhttp[39m: [35m::1 - - [23/Oct/2025:20:48:32 +0000] "GET /api/v1/campaigns/trending?_t=1761252512783 HTTP/1.1" 304 - "http://localhost:3000/" "Mozilla/5.0 (Macintosh; Intel Mac OS X 10_15_7) AppleWebKit/537.36 (KHTML, like Gecko) Chrome/141.0.0.0 Safari/537.36"[39m
2025-10-23 23:48:35:4835 [35mhttp[39m: [35m::1 - - [23/Oct/2025:20:48:35 +0000] "POST /api/v1/auth/login HTTP/1.1" 200 387 "http://localhost:3000/" "Mozilla/5.0 (Macintosh; Intel Mac OS X 10_15_7) AppleWebKit/537.36 (KHTML, like Gecko) Chrome/141.0.0.0 Safari/537.36"[39m
2025-10-23 23:48:37:4837 [35mhttp[39m: [35m::1 - - [23/Oct/2025:20:48:37 +0000] "GET /api/v1/campaigns?category=&status=&search=&page=1&limit=12 HTTP/1.1" 200 8126 "http://localhost:3000/" "Mozilla/5.0 (Macintosh; Intel Mac OS X 10_15_7) AppleWebKit/537.36 (KHTML, like Gecko) Chrome/141.0.0.0 Safari/537.36"[39m
2025-10-23 23:48:37:4837 [35mhttp[39m: [35m::1 - - [23/Oct/2025:20:48:37 +0000] "GET /api/v1/campaigns/featured?_t=1761252517400 HTTP/1.1" 200 3490 "http://localhost:3000/" "Mozilla/5.0 (Macintosh; Intel Mac OS X 10_15_7) AppleWebKit/537.36 (KHTML, like Gecko) Chrome/141.0.0.0 Safari/537.36"[39m
2025-10-23 23:48:37:4837 [35mhttp[39m: [35m::1 - - [23/Oct/2025:20:48:37 +0000] "GET /api/v1/campaigns?category=&status=&search=&page=1&limit=12 HTTP/1.1" 304 - "http://localhost:3000/" "Mozilla/5.0 (Macintosh; Intel Mac OS X 10_15_7) AppleWebKit/537.36 (KHTML, like Gecko) Chrome/141.0.0.0 Safari/537.36"[39m
2025-10-23 23:48:37:4837 [35mhttp[39m: [35m::1 - - [23/Oct/2025:20:48:37 +0000] "GET /api/v1/campaigns/featured?_t=1761252517400 HTTP/1.1" 304 - "http://localhost:3000/" "Mozilla/5.0 (Macintosh; Intel Mac OS X 10_15_7) AppleWebKit/537.36 (KHTML, like Gecko) Chrome/141.0.0.0 Safari/537.36"[39m
2025-10-23 23:48:53:4853 [35mhttp[39m: [35m::1 - - [23/Oct/2025:20:48:53 +0000] "POST /api/v1/auth/login HTTP/1.1" 200 376 "http://localhost:3000/" "Mozilla/5.0 (Macintosh; Intel Mac OS X 10_15_7) AppleWebKit/537.36 (KHTML, like Gecko) Chrome/141.0.0.0 Safari/537.36"[39m
2025-10-23 23:48:55:4855 [35mhttp[39m: [35m::1 - - [23/Oct/2025:20:48:55 +0000] "GET /api/v1/campaigns?category=&status=&search=&page=1&limit=12 HTTP/1.1" 304 - "http://localhost:3000/" "Mozilla/5.0 (Macintosh; Intel Mac OS X 10_15_7) AppleWebKit/537.36 (KHTML, like Gecko) Chrome/141.0.0.0 Safari/537.36"[39m
2025-10-23 23:48:55:4855 [35mhttp[39m: [35m::1 - - [23/Oct/2025:20:48:55 +0000] "GET /api/v1/campaigns/featured?_t=1761252535307 HTTP/1.1" 200 3490 "http://localhost:3000/" "Mozilla/5.0 (Macintosh; Intel Mac OS X 10_15_7) AppleWebKit/537.36 (KHTML, like Gecko) Chrome/141.0.0.0 Safari/537.36"[39m
2025-10-23 23:48:55:4855 [35mhttp[39m: [35m::1 - - [23/Oct/2025:20:48:55 +0000] "GET /api/v1/campaigns?category=&status=&search=&page=1&limit=12 HTTP/1.1" 304 - "http://localhost:3000/" "Mozilla/5.0 (Macintosh; Intel Mac OS X 10_15_7) AppleWebKit/537.36 (KHTML, like Gecko) Chrome/141.0.0.0 Safari/537.36"[39m
2025-10-23 23:48:55:4855 [35mhttp[39m: [35m::1 - - [23/Oct/2025:20:48:55 +0000] "GET /api/v1/campaigns/featured?_t=1761252535307 HTTP/1.1" 304 - "http://localhost:3000/" "Mozilla/5.0 (Macintosh; Intel Mac OS X 10_15_7) AppleWebKit/537.36 (KHTML, like Gecko) Chrome/141.0.0.0 Safari/537.36"[39m
2025-10-23 23:49:03:493 [35mhttp[39m: [35m::1 - - [23/Oct/2025:20:49:03 +0000] "GET /api/v1/user-campaigns/my-campaigns?page=1&limit=12&_t=1761252543868 HTTP/1.1" 200 689 "http://localhost:3000/" "Mozilla/5.0 (Macintosh; Intel Mac OS X 10_15_7) AppleWebKit/537.36 (KHTML, like Gecko) Chrome/141.0.0.0 Safari/537.36"[39m
2025-10-23 23:49:03:493 [35mhttp[39m: [35m::1 - - [23/Oct/2025:20:49:03 +0000] "GET /api/v1/user-campaigns/my-campaigns?page=1&limit=12&_t=1761252543868 HTTP/1.1" 304 - "http://localhost:3000/" "Mozilla/5.0 (Macintosh; Intel Mac OS X 10_15_7) AppleWebKit/537.36 (KHTML, like Gecko) Chrome/141.0.0.0 Safari/537.36"[39m
2025-10-23 23:49:06:496 [35mhttp[39m: [35m::1 - - [23/Oct/2025:20:49:06 +0000] "DELETE /api/v1/campaigns/a8ae9432-f16f-4c93-b4d8-e0eaefee942e HTTP/1.1" 204 - "http://localhost:3000/" "Mozilla/5.0 (Macintosh; Intel Mac OS X 10_15_7) AppleWebKit/537.36 (KHTML, like Gecko) Chrome/141.0.0.0 Safari/537.36"[39m
2025-10-23 23:49:06:496 [35mhttp[39m: [35m::1 - - [23/Oct/2025:20:49:06 +0000] "GET /api/v1/user-campaigns/my-campaigns?page=1&limit=12&_t=1761252546465 HTTP/1.1" 200 91 "http://localhost:3000/" "Mozilla/5.0 (Macintosh; Intel Mac OS X 10_15_7) AppleWebKit/537.36 (KHTML, like Gecko) Chrome/141.0.0.0 Safari/537.36"[39m
2025-10-23 23:49:45:4945 [35mhttp[39m: [35m::1 - - [23/Oct/2025:20:49:45 +0000] "POST /api/v1/campaigns HTTP/1.1" 201 518 "http://localhost:3000/" "Mozilla/5.0 (Macintosh; Intel Mac OS X 10_15_7) AppleWebKit/537.36 (KHTML, like Gecko) Chrome/141.0.0.0 Safari/537.36"[39m
2025-10-23 23:49:45:4945 [35mhttp[39m: [35m::1 - - [23/Oct/2025:20:49:45 +0000] "GET /api/v1/campaigns/3b1f0b61-09a5-4ee6-9cd3-53e5d9a88e51?_t=1761252585591 HTTP/1.1" 200 764 "http://localhost:3000/" "Mozilla/5.0 (Macintosh; Intel Mac OS X 10_15_7) AppleWebKit/537.36 (KHTML, like Gecko) Chrome/141.0.0.0 Safari/537.36"[39m
2025-10-23 23:49:45:4945 [35mhttp[39m: [35m::1 - - [23/Oct/2025:20:49:45 +0000] "GET /api/v1/campaigns/3b1f0b61-09a5-4ee6-9cd3-53e5d9a88e51?_t=1761252585591 HTTP/1.1" 304 - "http://localhost:3000/" "Mozilla/5.0 (Macintosh; Intel Mac OS X 10_15_7) AppleWebKit/537.36 (KHTML, like Gecko) Chrome/141.0.0.0 Safari/537.36"[39m
2025-10-23 23:49:45:4945 [35mhttp[39m: [35m::1 - - [23/Oct/2025:20:49:45 +0000] "GET /api/v1/campaigns/3b1f0b61-09a5-4ee6-9cd3-53e5d9a88e51/donations?page=1&limit=10&_t=1761252585591 HTTP/1.1" 200 91 "http://localhost:3000/" "Mozilla/5.0 (Macintosh; Intel Mac OS X 10_15_7) AppleWebKit/537.36 (KHTML, like Gecko) Chrome/141.0.0.0 Safari/537.36"[39m
2025-10-23 23:49:45:4945 [35mhttp[39m: [35m::1 - - [23/Oct/2025:20:49:45 +0000] "GET /api/v1/campaigns/3b1f0b61-09a5-4ee6-9cd3-53e5d9a88e51/donations?page=1&limit=10&_t=1761252585591 HTTP/1.1" 304 - "http://localhost:3000/" "Mozilla/5.0 (Macintosh; Intel Mac OS X 10_15_7) AppleWebKit/537.36 (KHTML, like Gecko) Chrome/141.0.0.0 Safari/537.36"[39m
2025-10-23 23:49:47:4947 [35mhttp[39m: [35m::1 - - [23/Oct/2025:20:49:47 +0000] "GET /api/v1/user-campaigns/my-campaigns?page=1&limit=12&_t=1761252587719 HTTP/1.1" 200 687 "http://localhost:3000/" "Mozilla/5.0 (Macintosh; Intel Mac OS X 10_15_7) AppleWebKit/537.36 (KHTML, like Gecko) Chrome/141.0.0.0 Safari/537.36"[39m
2025-10-23 23:49:47:4947 [35mhttp[39m: [35m::1 - - [23/Oct/2025:20:49:47 +0000] "GET /api/v1/user-campaigns/my-campaigns?page=1&limit=12&_t=1761252587719 HTTP/1.1" 304 - "http://localhost:3000/" "Mozilla/5.0 (Macintosh; Intel Mac OS X 10_15_7) AppleWebKit/537.36 (KHTML, like Gecko) Chrome/141.0.0.0 Safari/537.36"[39m
2025-10-23 23:49:49:4949 [35mhttp[39m: [35m::1 - - [23/Oct/2025:20:49:49 +0000] "PUT /api/v1/campaigns/3b1f0b61-09a5-4ee6-9cd3-53e5d9a88e51 HTTP/1.1" 200 506 "http://localhost:3000/" "Mozilla/5.0 (Macintosh; Intel Mac OS X 10_15_7) AppleWebKit/537.36 (KHTML, like Gecko) Chrome/141.0.0.0 Safari/537.36"[39m
2025-10-23 23:49:49:4949 [35mhttp[39m: [35m::1 - - [23/Oct/2025:20:49:49 +0000] "GET /api/v1/user-campaigns/my-campaigns?page=1&limit=12&_t=1761252589103 HTTP/1.1" 200 688 "http://localhost:3000/" "Mozilla/5.0 (Macintosh; Intel Mac OS X 10_15_7) AppleWebKit/537.36 (KHTML, like Gecko) Chrome/141.0.0.0 Safari/537.36"[39m
2025-10-23 23:49:54:4954 [35mhttp[39m: [35m::1 - - [23/Oct/2025:20:49:54 +0000] "POST /api/v1/auth/login HTTP/1.1" 200 387 "http://localhost:3000/" "Mozilla/5.0 (Macintosh; Intel Mac OS X 10_15_7) AppleWebKit/537.36 (KHTML, like Gecko) Chrome/141.0.0.0 Safari/537.36"[39m
2025-10-23 23:49:56:4956 [35mhttp[39m: [35m::1 - - [23/Oct/2025:20:49:56 +0000] "GET /api/v1/campaigns?category=&status=&search=&page=1&limit=12 HTTP/1.1" 200 8125 "http://localhost:3000/" "Mozilla/5.0 (Macintosh; Intel Mac OS X 10_15_7) AppleWebKit/537.36 (KHTML, like Gecko) Chrome/141.0.0.0 Safari/537.36"[39m
2025-10-23 23:49:56:4956 [35mhttp[39m: [35m::1 - - [23/Oct/2025:20:49:56 +0000] "GET /api/v1/campaigns/featured?_t=1761252596786 HTTP/1.1" 200 3489 "http://localhost:3000/" "Mozilla/5.0 (Macintosh; Intel Mac OS X 10_15_7) AppleWebKit/537.36 (KHTML, like Gecko) Chrome/141.0.0.0 Safari/537.36"[39m
2025-10-23 23:49:56:4956 [35mhttp[39m: [35m::1 - - [23/Oct/2025:20:49:56 +0000] "GET /api/v1/campaigns/featured?_t=1761252596787 HTTP/1.1" 200 3489 "http://localhost:3000/" "Mozilla/5.0 (Macintosh; Intel Mac OS X 10_15_7) AppleWebKit/537.36 (KHTML, like Gecko) Chrome/141.0.0.0 Safari/537.36"[39m
2025-10-23 23:49:56:4956 [35mhttp[39m: [35m::1 - - [23/Oct/2025:20:49:56 +0000] "GET /api/v1/campaigns?category=&status=&search=&page=1&limit=12 HTTP/1.1" 304 - "http://localhost:3000/" "Mozilla/5.0 (Macintosh; Intel Mac OS X 10_15_7) AppleWebKit/537.36 (KHTML, like Gecko) Chrome/141.0.0.0 Safari/537.36"[39m
2025-10-23 23:49:56:4956 [35mhttp[39m: [35m::1 - - [23/Oct/2025:20:49:56 +0000] "GET /api/v1/users/profile?_t=1761252596787 HTTP/1.1" 200 315 "http://localhost:3000/" "Mozilla/5.0 (Macintosh; Intel Mac OS X 10_15_7) AppleWebKit/537.36 (KHTML, like Gecko) Chrome/141.0.0.0 Safari/537.36"[39m
2025-10-23 23:49:56:4956 [35mhttp[39m: [35m::1 - - [23/Oct/2025:20:49:56 +0000] "GET /api/v1/users/profile?_t=1761252596787 HTTP/1.1" 304 - "http://localhost:3000/" "Mozilla/5.0 (Macintosh; Intel Mac OS X 10_15_7) AppleWebKit/537.36 (KHTML, like Gecko) Chrome/141.0.0.0 Safari/537.36"[39m
2025-10-23 23:50:28:5028 [35mhttp[39m: [35m::1 - - [23/Oct/2025:20:50:28 +0000] "GET /api/v1/campaigns/featured?_t=1761252628322 HTTP/1.1" 200 3489 "http://localhost:3000/" "Mozilla/5.0 (Macintosh; Intel Mac OS X 10_15_7) AppleWebKit/537.36 (KHTML, like Gecko) Chrome/141.0.0.0 Safari/537.36"[39m
2025-10-23 23:50:28:5028 [35mhttp[39m: [35m::1 - - [23/Oct/2025:20:50:28 +0000] "GET /api/v1/campaigns/trending?_t=1761252628322 HTTP/1.1" 200 2973 "http://localhost:3000/" "Mozilla/5.0 (Macintosh; Intel Mac OS X 10_15_7) AppleWebKit/537.36 (KHTML, like Gecko) Chrome/141.0.0.0 Safari/537.36"[39m
2025-10-23 23:50:28:5028 [35mhttp[39m: [35m::1 - - [23/Oct/2025:20:50:28 +0000] "GET /api/v1/campaigns/featured?_t=1761252628323 HTTP/1.1" 200 3489 "http://localhost:3000/" "Mozilla/5.0 (Macintosh; Intel Mac OS X 10_15_7) AppleWebKit/537.36 (KHTML, like Gecko) Chrome/141.0.0.0 Safari/537.36"[39m
2025-10-23 23:50:28:5028 [35mhttp[39m: [35m::1 - - [23/Oct/2025:20:50:28 +0000] "GET /api/v1/campaigns/trending?_t=1761252628323 HTTP/1.1" 200 2973 "http://localhost:3000/" "Mozilla/5.0 (Macintosh; Intel Mac OS X 10_15_7) AppleWebKit/537.36 (KHTML, like Gecko) Chrome/141.0.0.0 Safari/537.36"[39m
2025-10-23 23:50:28:5028 [35mhttp[39m: [35m::1 - - [23/Oct/2025:20:50:28 +0000] "GET /api/v1/users/profile?_t=1761252628323 HTTP/1.1" 200 315 "http://localhost:3000/" "Mozilla/5.0 (Macintosh; Intel Mac OS X 10_15_7) AppleWebKit/537.36 (KHTML, like Gecko) Chrome/141.0.0.0 Safari/537.36"[39m
2025-10-23 23:50:28:5028 [35mhttp[39m: [35m::1 - - [23/Oct/2025:20:50:28 +0000] "GET /api/v1/stats?_t=1761252628323 HTTP/1.1" 200 121 "http://localhost:3000/" "Mozilla/5.0 (Macintosh; Intel Mac OS X 10_15_7) AppleWebKit/537.36 (KHTML, like Gecko) Chrome/141.0.0.0 Safari/537.36"[39m
2025-10-23 23:50:28:5028 [35mhttp[39m: [35m::1 - - [23/Oct/2025:20:50:28 +0000] "GET /api/v1/users/profile?_t=1761252628323 HTTP/1.1" 304 - "http://localhost:3000/" "Mozilla/5.0 (Macintosh; Intel Mac OS X 10_15_7) AppleWebKit/537.36 (KHTML, like Gecko) Chrome/141.0.0.0 Safari/537.36"[39m
2025-10-23 23:50:28:5028 [35mhttp[39m: [35m::1 - - [23/Oct/2025:20:50:28 +0000] "GET /api/v1/stats?_t=1761252628323 HTTP/1.1" 304 - "http://localhost:3000/" "Mozilla/5.0 (Macintosh; Intel Mac OS X 10_15_7) AppleWebKit/537.36 (KHTML, like Gecko) Chrome/141.0.0.0 Safari/537.36"[39m
2025-10-23 23:50:47:5047 [35mhttp[39m: [35m::1 - - [23/Oct/2025:20:50:47 +0000] "POST /api/v1/auth/login HTTP/1.1" 200 387 "http://localhost:3000/" "Mozilla/5.0 (Macintosh; Intel Mac OS X 10_15_7) AppleWebKit/537.36 (KHTML, like Gecko) Chrome/141.0.0.0 Safari/537.36"[39m
2025-10-23 23:50:48:5048 [35mhttp[39m: [35m::1 - - [23/Oct/2025:20:50:48 +0000] "GET /api/v1/campaigns?category=&status=&search=&page=1&limit=12 HTTP/1.1" 200 8125 "http://localhost:3000/" "Mozilla/5.0 (Macintosh; Intel Mac OS X 10_15_7) AppleWebKit/537.36 (KHTML, like Gecko) Chrome/141.0.0.0 Safari/537.36"[39m
2025-10-23 23:50:48:5048 [35mhttp[39m: [35m::1 - - [23/Oct/2025:20:50:48 +0000] "GET /api/v1/campaigns/featured?_t=1761252648711 HTTP/1.1" 200 3489 "http://localhost:3000/" "Mozilla/5.0 (Macintosh; Intel Mac OS X 10_15_7) AppleWebKit/537.36 (KHTML, like Gecko) Chrome/141.0.0.0 Safari/537.36"[39m
2025-10-23 23:50:48:5048 [35mhttp[39m: [35m::1 - - [23/Oct/2025:20:50:48 +0000] "GET /api/v1/campaigns/featured?_t=1761252648712 HTTP/1.1" 200 3489 "http://localhost:3000/" "Mozilla/5.0 (Macintosh; Intel Mac OS X 10_15_7) AppleWebKit/537.36 (KHTML, like Gecko) Chrome/141.0.0.0 Safari/537.36"[39m
2025-10-23 23:50:48:5048 [35mhttp[39m: [35m::1 - - [23/Oct/2025:20:50:48 +0000] "GET /api/v1/campaigns?category=&status=&search=&page=1&limit=12 HTTP/1.1" 304 - "http://localhost:3000/" "Mozilla/5.0 (Macintosh; Intel Mac OS X 10_15_7) AppleWebKit/537.36 (KHTML, like Gecko) Chrome/141.0.0.0 Safari/537.36"[39m
2025-10-23 23:50:51:5051 [35mhttp[39m: [35m::1 - - [23/Oct/2025:20:50:51 +0000] "GET /api/v1/user-campaigns/my-campaigns?page=1&limit=12&_t=1761252651041 HTTP/1.1" 200 91 "http://localhost:3000/" "Mozilla/5.0 (Macintosh; Intel Mac OS X 10_15_7) AppleWebKit/537.36 (KHTML, like Gecko) Chrome/141.0.0.0 Safari/537.36"[39m
2025-10-23 23:50:51:5051 [35mhttp[39m: [35m::1 - - [23/Oct/2025:20:50:51 +0000] "GET /api/v1/user-campaigns/my-campaigns?page=1&limit=12&_t=1761252651041 HTTP/1.1" 304 - "http://localhost:3000/" "Mozilla/5.0 (Macintosh; Intel Mac OS X 10_15_7) AppleWebKit/537.36 (KHTML, like Gecko) Chrome/141.0.0.0 Safari/537.36"[39m
2025-10-23 23:51:37:5137 [35mhttp[39m: [35m::1 - - [23/Oct/2025:20:51:37 +0000] "POST /api/v1/auth/login HTTP/1.1" 200 387 "http://localhost:3000/" "Mozilla/5.0 (Macintosh; Intel Mac OS X 10_15_7) AppleWebKit/537.36 (KHTML, like Gecko) Chrome/141.0.0.0 Safari/537.36"[39m
2025-10-23 23:51:39:5139 [35mhttp[39m: [35m::1 - - [23/Oct/2025:20:51:39 +0000] "GET /api/v1/campaigns?category=&status=&search=&page=1&limit=12 HTTP/1.1" 304 - "http://localhost:3000/" "Mozilla/5.0 (Macintosh; Intel Mac OS X 10_15_7) AppleWebKit/537.36 (KHTML, like Gecko) Chrome/141.0.0.0 Safari/537.36"[39m
2025-10-23 23:51:39:5139 [35mhttp[39m: [35m::1 - - [23/Oct/2025:20:51:39 +0000] "GET /api/v1/campaigns/featured?_t=1761252699375 HTTP/1.1" 200 3489 "http://localhost:3000/" "Mozilla/5.0 (Macintosh; Intel Mac OS X 10_15_7) AppleWebKit/537.36 (KHTML, like Gecko) Chrome/141.0.0.0 Safari/537.36"[39m
2025-10-23 23:51:39:5139 [35mhttp[39m: [35m::1 - - [23/Oct/2025:20:51:39 +0000] "GET /api/v1/campaigns?category=&status=&search=&page=1&limit=12 HTTP/1.1" 200 8125 "http://localhost:3000/" "Mozilla/5.0 (Macintosh; Intel Mac OS X 10_15_7) AppleWebKit/537.36 (KHTML, like Gecko) Chrome/141.0.0.0 Safari/537.36"[39m
2025-10-23 23:51:39:5139 [35mhttp[39m: [35m::1 - - [23/Oct/2025:20:51:39 +0000] "GET /api/v1/campaigns/featured?_t=1761252699375 HTTP/1.1" 304 - "http://localhost:3000/" "Mozilla/5.0 (Macintosh; Intel Mac OS X 10_15_7) AppleWebKit/537.36 (KHTML, like Gecko) Chrome/141.0.0.0 Safari/537.36"[39m
2025-10-23 23:51:50:5150 [35mhttp[39m: [35m::1 - - [23/Oct/2025:20:51:50 +0000] "POST /api/v1/auth/login HTTP/1.1" 200 376 "http://localhost:3000/" "Mozilla/5.0 (Macintosh; Intel Mac OS X 10_15_7) AppleWebKit/537.36 (KHTML, like Gecko) Chrome/141.0.0.0 Safari/537.36"[39m
2025-10-23 23:51:52:5152 [35mhttp[39m: [35m::1 - - [23/Oct/2025:20:51:52 +0000] "GET /api/v1/campaigns?category=&status=&search=&page=1&limit=12 HTTP/1.1" 304 - "http://localhost:3000/" "Mozilla/5.0 (Macintosh; Intel Mac OS X 10_15_7) AppleWebKit/537.36 (KHTML, like Gecko) Chrome/141.0.0.0 Safari/537.36"[39m
2025-10-23 23:51:52:5152 [35mhttp[39m: [35m::1 - - [23/Oct/2025:20:51:52 +0000] "GET /api/v1/campaigns/featured?_t=1761252712001 HTTP/1.1" 200 3489 "http://localhost:3000/" "Mozilla/5.0 (Macintosh; Intel Mac OS X 10_15_7) AppleWebKit/537.36 (KHTML, like Gecko) Chrome/141.0.0.0 Safari/537.36"[39m
2025-10-23 23:51:52:5152 [35mhttp[39m: [35m::1 - - [23/Oct/2025:20:51:52 +0000] "GET /api/v1/campaigns?category=&status=&search=&page=1&limit=12 HTTP/1.1" 200 8125 "http://localhost:3000/" "Mozilla/5.0 (Macintosh; Intel Mac OS X 10_15_7) AppleWebKit/537.36 (KHTML, like Gecko) Chrome/141.0.0.0 Safari/537.36"[39m
2025-10-23 23:51:52:5152 [35mhttp[39m: [35m::1 - - [23/Oct/2025:20:51:52 +0000] "GET /api/v1/campaigns/featured?_t=1761252712001 HTTP/1.1" 304 - "http://localhost:3000/" "Mozilla/5.0 (Macintosh; Intel Mac OS X 10_15_7) AppleWebKit/537.36 (KHTML, like Gecko) Chrome/141.0.0.0 Safari/537.36"[39m
2025-10-23 23:51:53:5153 [35mhttp[39m: [35m::1 - - [23/Oct/2025:20:51:53 +0000] "GET /api/v1/user-campaigns/my-campaigns?page=1&limit=12&_t=1761252713622 HTTP/1.1" 200 688 "http://localhost:3000/" "Mozilla/5.0 (Macintosh; Intel Mac OS X 10_15_7) AppleWebKit/537.36 (KHTML, like Gecko) Chrome/141.0.0.0 Safari/537.36"[39m
2025-10-23 23:51:53:5153 [35mhttp[39m: [35m::1 - - [23/Oct/2025:20:51:53 +0000] "GET /api/v1/user-campaigns/my-campaigns?page=1&limit=12&_t=1761252713622 HTTP/1.1" 304 - "http://localhost:3000/" "Mozilla/5.0 (Macintosh; Intel Mac OS X 10_15_7) AppleWebKit/537.36 (KHTML, like Gecko) Chrome/141.0.0.0 Safari/537.36"[39m
2025-10-23 23:51:55:5155 [35mhttp[39m: [35m::1 - - [23/Oct/2025:20:51:55 +0000] "DELETE /api/v1/campaigns/3b1f0b61-09a5-4ee6-9cd3-53e5d9a88e51 HTTP/1.1" 204 - "http://localhost:3000/" "Mozilla/5.0 (Macintosh; Intel Mac OS X 10_15_7) AppleWebKit/537.36 (KHTML, like Gecko) Chrome/141.0.0.0 Safari/537.36"[39m
2025-10-23 23:51:55:5155 [35mhttp[39m: [35m::1 - - [23/Oct/2025:20:51:55 +0000] "GET /api/v1/user-campaigns/my-campaigns?page=1&limit=12&_t=1761252715766 HTTP/1.1" 200 91 "http://localhost:3000/" "Mozilla/5.0 (Macintosh; Intel Mac OS X 10_15_7) AppleWebKit/537.36 (KHTML, like Gecko) Chrome/141.0.0.0 Safari/537.36"[39m
2025-10-23 23:52:01:521 [35mhttp[39m: [35m::1 - - [23/Oct/2025:20:52:01 +0000] "POST /api/v1/auth/login HTTP/1.1" 200 387 "http://localhost:3000/" "Mozilla/5.0 (Macintosh; Intel Mac OS X 10_15_7) AppleWebKit/537.36 (KHTML, like Gecko) Chrome/141.0.0.0 Safari/537.36"[39m
2025-10-23 23:53:01:531 [35mhttp[39m: [35m::1 - - [23/Oct/2025:20:53:01 +0000] "GET /api/v1/campaigns?category=&status=&search=&page=1&limit=12 HTTP/1.1" 200 7990 "http://localhost:3000/" "Mozilla/5.0 (Macintosh; Intel Mac OS X 10_15_7) AppleWebKit/537.36 (KHTML, like Gecko) Chrome/141.0.0.0 Safari/537.36"[39m
2025-10-23 23:53:01:531 [35mhttp[39m: [35m::1 - - [23/Oct/2025:20:53:01 +0000] "GET /api/v1/campaigns/featured?_t=1761252781258 HTTP/1.1" 200 2889 "http://localhost:3000/" "Mozilla/5.0 (Macintosh; Intel Mac OS X 10_15_7) AppleWebKit/537.36 (KHTML, like Gecko) Chrome/141.0.0.0 Safari/537.36"[39m
2025-10-23 23:53:01:531 [35mhttp[39m: [35m::1 - - [23/Oct/2025:20:53:01 +0000] "GET /api/v1/campaigns/featured?_t=1761252781258 HTTP/1.1" 304 - "http://localhost:3000/" "Mozilla/5.0 (Macintosh; Intel Mac OS X 10_15_7) AppleWebKit/537.36 (KHTML, like Gecko) Chrome/141.0.0.0 Safari/537.36"[39m
2025-10-23 23:53:01:531 [35mhttp[39m: [35m::1 - - [23/Oct/2025:20:53:01 +0000] "GET /api/v1/campaigns?category=&status=&search=&page=1&limit=12 HTTP/1.1" 304 - "http://localhost:3000/" "Mozilla/5.0 (Macintosh; Intel Mac OS X 10_15_7) AppleWebKit/537.36 (KHTML, like Gecko) Chrome/141.0.0.0 Safari/537.36"[39m
2025-10-23 23:53:18:5318 [35mhttp[39m: [35m::1 - - [23/Oct/2025:20:53:18 +0000] "POST /api/v1/auth/login HTTP/1.1" 200 387 "http://localhost:3000/" "Mozilla/5.0 (Macintosh; Intel Mac OS X 10_15_7) AppleWebKit/537.36 (KHTML, like Gecko) Chrome/141.0.0.0 Safari/537.36"[39m
2025-10-23 23:53:20:5320 [35mhttp[39m: [35m::1 - - [23/Oct/2025:20:53:20 +0000] "GET /api/v1/campaigns/featured?_t=1761252800294 HTTP/1.1" 200 2889 "http://localhost:3000/" "Mozilla/5.0 (Macintosh; Intel Mac OS X 10_15_7) AppleWebKit/537.36 (KHTML, like Gecko) Chrome/141.0.0.0 Safari/537.36"[39m
2025-10-23 23:53:20:5320 [35mhttp[39m: [35m::1 - - [23/Oct/2025:20:53:20 +0000] "GET /api/v1/campaigns/featured?_t=1761252800295 HTTP/1.1" 200 2889 "http://localhost:3000/" "Mozilla/5.0 (Macintosh; Intel Mac OS X 10_15_7) AppleWebKit/537.36 (KHTML, like Gecko) Chrome/141.0.0.0 Safari/537.36"[39m
2025-10-23 23:53:20:5320 [35mhttp[39m: [35m::1 - - [23/Oct/2025:20:53:20 +0000] "GET /api/v1/campaigns?category=&status=&search=&page=1&limit=12 HTTP/1.1" 304 - "http://localhost:3000/" "Mozilla/5.0 (Macintosh; Intel Mac OS X 10_15_7) AppleWebKit/537.36 (KHTML, like Gecko) Chrome/141.0.0.0 Safari/537.36"[39m
2025-10-23 23:53:20:5320 [35mhttp[39m: [35m::1 - - [23/Oct/2025:20:53:20 +0000] "GET /api/v1/campaigns?category=&status=&search=&page=1&limit=12 HTTP/1.1" 304 - "http://localhost:3000/" "Mozilla/5.0 (Macintosh; Intel Mac OS X 10_15_7) AppleWebKit/537.36 (KHTML, like Gecko) Chrome/141.0.0.0 Safari/537.36"[39m
2025-10-23 23:53:21:5321 [35mhttp[39m: [35m::1 - - [23/Oct/2025:20:53:21 +0000] "GET /api/v1/user-campaigns/my-campaigns?page=1&limit=12&_t=1761252801752 HTTP/1.1" 200 91 "http://localhost:3000/" "Mozilla/5.0 (Macintosh; Intel Mac OS X 10_15_7) AppleWebKit/537.36 (KHTML, like Gecko) Chrome/141.0.0.0 Safari/537.36"[39m
2025-10-23 23:53:21:5321 [35mhttp[39m: [35m::1 - - [23/Oct/2025:20:53:21 +0000] "GET /api/v1/user-campaigns/my-campaigns?page=1&limit=12&_t=1761252801753 HTTP/1.1" 200 91 "http://localhost:3000/" "Mozilla/5.0 (Macintosh; Intel Mac OS X 10_15_7) AppleWebKit/537.36 (KHTML, like Gecko) Chrome/141.0.0.0 Safari/537.36"[39m
2025-10-23 23:53:32:5332 [35mhttp[39m: [35m::1 - - [23/Oct/2025:20:53:32 +0000] "POST /api/v1/auth/login HTTP/1.1" 200 376 "http://localhost:3000/" "Mozilla/5.0 (Macintosh; Intel Mac OS X 10_15_7) AppleWebKit/537.36 (KHTML, like Gecko) Chrome/141.0.0.0 Safari/537.36"[39m
2025-10-23 23:53:34:5334 [35mhttp[39m: [35m::1 - - [23/Oct/2025:20:53:34 +0000] "GET /api/v1/campaigns?category=&status=&search=&page=1&limit=12 HTTP/1.1" 304 - "http://localhost:3000/" "Mozilla/5.0 (Macintosh; Intel Mac OS X 10_15_7) AppleWebKit/537.36 (KHTML, like Gecko) Chrome/141.0.0.0 Safari/537.36"[39m
2025-10-23 23:53:34:5334 [35mhttp[39m: [35m::1 - - [23/Oct/2025:20:53:34 +0000] "GET /api/v1/campaigns/featured?_t=1761252814206 HTTP/1.1" 200 2889 "http://localhost:3000/" "Mozilla/5.0 (Macintosh; Intel Mac OS X 10_15_7) AppleWebKit/537.36 (KHTML, like Gecko) Chrome/141.0.0.0 Safari/537.36"[39m
2025-10-23 23:53:34:5334 [35mhttp[39m: [35m::1 - - [23/Oct/2025:20:53:34 +0000] "GET /api/v1/campaigns?category=&status=&search=&page=1&limit=12 HTTP/1.1" 304 - "http://localhost:3000/" "Mozilla/5.0 (Macintosh; Intel Mac OS X 10_15_7) AppleWebKit/537.36 (KHTML, like Gecko) Chrome/141.0.0.0 Safari/537.36"[39m
2025-10-23 23:53:34:5334 [35mhttp[39m: [35m::1 - - [23/Oct/2025:20:53:34 +0000] "GET /api/v1/campaigns/featured?_t=1761252814206 HTTP/1.1" 304 - "http://localhost:3000/" "Mozilla/5.0 (Macintosh; Intel Mac OS X 10_15_7) AppleWebKit/537.36 (KHTML, like Gecko) Chrome/141.0.0.0 Safari/537.36"[39m
2025-10-23 23:53:37:5337 [35mhttp[39m: [35m::1 - - [23/Oct/2025:20:53:37 +0000] "POST /api/v1/auth/login HTTP/1.1" 200 387 "http://localhost:3000/" "Mozilla/5.0 (Macintosh; Intel Mac OS X 10_15_7) AppleWebKit/537.36 (KHTML, like Gecko) Chrome/141.0.0.0 Safari/537.36"[39m
2025-10-23 23:53:39:5339 [35mhttp[39m: [35m::1 - - [23/Oct/2025:20:53:39 +0000] "GET /api/v1/campaigns/featured?_t=1761252819184 HTTP/1.1" 200 2889 "http://localhost:3000/" "Mozilla/5.0 (Macintosh; Intel Mac OS X 10_15_7) AppleWebKit/537.36 (KHTML, like Gecko) Chrome/141.0.0.0 Safari/537.36"[39m
2025-10-23 23:53:39:5339 [35mhttp[39m: [35m::1 - - [23/Oct/2025:20:53:39 +0000] "GET /api/v1/campaigns?category=&status=&search=&page=1&limit=12 HTTP/1.1" 304 - "http://localhost:3000/" "Mozilla/5.0 (Macintosh; Intel Mac OS X 10_15_7) AppleWebKit/537.36 (KHTML, like Gecko) Chrome/141.0.0.0 Safari/537.36"[39m
2025-10-23 23:53:39:5339 [35mhttp[39m: [35m::1 - - [23/Oct/2025:20:53:39 +0000] "GET /api/v1/campaigns/featured?_t=1761252819184 HTTP/1.1" 304 - "http://localhost:3000/" "Mozilla/5.0 (Macintosh; Intel Mac OS X 10_15_7) AppleWebKit/537.36 (KHTML, like Gecko) Chrome/141.0.0.0 Safari/537.36"[39m
2025-10-23 23:53:39:5339 [35mhttp[39m: [35m::1 - - [23/Oct/2025:20:53:39 +0000] "GET /api/v1/campaigns?category=&status=&search=&page=1&limit=12 HTTP/1.1" 200 7990 "http://localhost:3000/" "Mozilla/5.0 (Macintosh; Intel Mac OS X 10_15_7) AppleWebKit/537.36 (KHTML, like Gecko) Chrome/141.0.0.0 Safari/537.36"[39m
2025-10-23 23:53:41:5341 [35mhttp[39m: [35m::1 - - [23/Oct/2025:20:53:41 +0000] "POST /api/v1/auth/login HTTP/1.1" 200 387 "http://localhost:3000/" "Mozilla/5.0 (Macintosh; Intel Mac OS X 10_15_7) AppleWebKit/537.36 (KHTML, like Gecko) Chrome/141.0.0.0 Safari/537.36"[39m
2025-10-23 23:53:43:5343 [35mhttp[39m: [35m::1 - - [23/Oct/2025:20:53:43 +0000] "GET /api/v1/campaigns/featured?_t=1761252823235 HTTP/1.1" 200 2889 "http://localhost:3000/" "Mozilla/5.0 (Macintosh; Intel Mac OS X 10_15_7) AppleWebKit/537.36 (KHTML, like Gecko) Chrome/141.0.0.0 Safari/537.36"[39m
2025-10-23 23:53:43:5343 [35mhttp[39m: [35m::1 - - [23/Oct/2025:20:53:43 +0000] "GET /api/v1/campaigns?category=&status=&search=&page=1&limit=12 HTTP/1.1" 200 7990 "http://localhost:3000/" "Mozilla/5.0 (Macintosh; Intel Mac OS X 10_15_7) AppleWebKit/537.36 (KHTML, like Gecko) Chrome/141.0.0.0 Safari/537.36"[39m
2025-10-23 23:53:43:5343 [35mhttp[39m: [35m::1 - - [23/Oct/2025:20:53:43 +0000] "GET /api/v1/campaigns/featured?_t=1761252823235 HTTP/1.1" 304 - "http://localhost:3000/" "Mozilla/5.0 (Macintosh; Intel Mac OS X 10_15_7) AppleWebKit/537.36 (KHTML, like Gecko) Chrome/141.0.0.0 Safari/537.36"[39m
2025-10-23 23:53:43:5343 [35mhttp[39m: [35m::1 - - [23/Oct/2025:20:53:43 +0000] "GET /api/v1/campaigns?category=&status=&search=&page=1&limit=12 HTTP/1.1" 200 7990 "http://localhost:3000/" "Mozilla/5.0 (Macintosh; Intel Mac OS X 10_15_7) AppleWebKit/537.36 (KHTML, like Gecko) Chrome/141.0.0.0 Safari/537.36"[39m
2025-10-23 23:55:38:5538 [35mhttp[39m: [35m::1 - - [23/Oct/2025:20:55:38 +0000] "GET /api/v1/campaigns?category=&status=&search=&page=1&limit=12 HTTP/1.1" 304 - "http://localhost:3000/" "Mozilla/5.0 (Macintosh; Intel Mac OS X 10_15_7) AppleWebKit/537.36 (KHTML, like Gecko) Chrome/141.0.0.0 Safari/537.36"[39m
2025-10-23 23:55:38:5538 [35mhttp[39m: [35m::1 - - [23/Oct/2025:20:55:38 +0000] "GET /api/v1/campaigns/featured?_t=1761252938696 HTTP/1.1" 200 2889 "http://localhost:3000/" "Mozilla/5.0 (Macintosh; Intel Mac OS X 10_15_7) AppleWebKit/537.36 (KHTML, like Gecko) Chrome/141.0.0.0 Safari/537.36"[39m
2025-10-23 23:55:38:5538 [35mhttp[39m: [35m::1 - - [23/Oct/2025:20:55:38 +0000] "GET /api/v1/campaigns/featured?_t=1761252938697 HTTP/1.1" 200 2889 "http://localhost:3000/" "Mozilla/5.0 (Macintosh; Intel Mac OS X 10_15_7) AppleWebKit/537.36 (KHTML, like Gecko) Chrome/141.0.0.0 Safari/537.36"[39m
2025-10-23 23:55:38:5538 [35mhttp[39m: [35m::1 - - [23/Oct/2025:20:55:38 +0000] "GET /api/v1/campaigns?category=&status=&search=&page=1&limit=12 HTTP/1.1" 304 - "http://localhost:3000/" "Mozilla/5.0 (Macintosh; Intel Mac OS X 10_15_7) AppleWebKit/537.36 (KHTML, like Gecko) Chrome/141.0.0.0 Safari/537.36"[39m
2025-10-23 23:55:38:5538 [35mhttp[39m: [35m::1 - - [23/Oct/2025:20:55:38 +0000] "GET /api/v1/users/profile?_t=1761252938696 HTTP/1.1" 200 315 "http://localhost:3000/" "Mozilla/5.0 (Macintosh; Intel Mac OS X 10_15_7) AppleWebKit/537.36 (KHTML, like Gecko) Chrome/141.0.0.0 Safari/537.36"[39m
2025-10-23 23:55:38:5538 [35mhttp[39m: [35m::1 - - [23/Oct/2025:20:55:38 +0000] "GET /api/v1/users/profile?_t=1761252938697 HTTP/1.1" 200 315 "http://localhost:3000/" "Mozilla/5.0 (Macintosh; Intel Mac OS X 10_15_7) AppleWebKit/537.36 (KHTML, like Gecko) Chrome/141.0.0.0 Safari/537.36"[39m
2025-10-23 23:55:40:5540 [35mhttp[39m: [35m::1 - - [23/Oct/2025:20:55:40 +0000] "POST /api/v1/auth/login HTTP/1.1" 200 387 "http://localhost:3000/" "Mozilla/5.0 (Macintosh; Intel Mac OS X 10_15_7) AppleWebKit/537.36 (KHTML, like Gecko) Chrome/141.0.0.0 Safari/537.36"[39m
2025-10-23 23:55:40:5540 [35mhttp[39m: [35m::1 - - [23/Oct/2025:20:55:40 +0000] "GET /api/v1/campaigns/featured?_t=1761252940675 HTTP/1.1" 200 2889 "http://localhost:3000/" "Mozilla/5.0 (Macintosh; Intel Mac OS X 10_15_7) AppleWebKit/537.36 (KHTML, like Gecko) Chrome/141.0.0.0 Safari/537.36"[39m
2025-10-23 23:55:40:5540 [35mhttp[39m: [35m::1 - - [23/Oct/2025:20:55:40 +0000] "GET /api/v1/campaigns?category=&status=&search=&page=1&limit=12 HTTP/1.1" 304 - "http://localhost:3000/" "Mozilla/5.0 (Macintosh; Intel Mac OS X 10_15_7) AppleWebKit/537.36 (KHTML, like Gecko) Chrome/141.0.0.0 Safari/537.36"[39m
2025-10-23 23:55:40:5540 [35mhttp[39m: [35m::1 - - [23/Oct/2025:20:55:40 +0000] "GET /api/v1/campaigns/featured?_t=1761252940675 HTTP/1.1" 304 - "http://localhost:3000/" "Mozilla/5.0 (Macintosh; Intel Mac OS X 10_15_7) AppleWebKit/537.36 (KHTML, like Gecko) Chrome/141.0.0.0 Safari/537.36"[39m
2025-10-23 23:55:40:5540 [35mhttp[39m: [35m::1 - - [23/Oct/2025:20:55:40 +0000] "GET /api/v1/campaigns?category=&status=&search=&page=1&limit=12 HTTP/1.1" 200 7990 "http://localhost:3000/" "Mozilla/5.0 (Macintosh; Intel Mac OS X 10_15_7) AppleWebKit/537.36 (KHTML, like Gecko) Chrome/141.0.0.0 Safari/537.36"[39m
2025-10-23 23:55:51:5551 [35mhttp[39m: [35m::1 - - [23/Oct/2025:20:55:51 +0000] "POST /api/v1/auth/login HTTP/1.1" 200 376 "http://localhost:3000/" "Mozilla/5.0 (Macintosh; Intel Mac OS X 10_15_7) AppleWebKit/537.36 (KHTML, like Gecko) Chrome/141.0.0.0 Safari/537.36"[39m
2025-10-23 23:55:51:5551 [35mhttp[39m: [35m::1 - - [23/Oct/2025:20:55:51 +0000] "GET /api/v1/campaigns/featured?_t=1761252951834 HTTP/1.1" 200 2889 "http://localhost:3000/" "Mozilla/5.0 (Macintosh; Intel Mac OS X 10_15_7) AppleWebKit/537.36 (KHTML, like Gecko) Chrome/141.0.0.0 Safari/537.36"[39m
2025-10-23 23:55:51:5551 [35mhttp[39m: [35m::1 - - [23/Oct/2025:20:55:51 +0000] "GET /api/v1/campaigns?category=&status=&search=&page=1&limit=12 HTTP/1.1" 200 7990 "http://localhost:3000/" "Mozilla/5.0 (Macintosh; Intel Mac OS X 10_15_7) AppleWebKit/537.36 (KHTML, like Gecko) Chrome/141.0.0.0 Safari/537.36"[39m
2025-10-23 23:55:51:5551 [35mhttp[39m: [35m::1 - - [23/Oct/2025:20:55:51 +0000] "GET /api/v1/campaigns/featured?_t=1761252951834 HTTP/1.1" 304 - "http://localhost:3000/" "Mozilla/5.0 (Macintosh; Intel Mac OS X 10_15_7) AppleWebKit/537.36 (KHTML, like Gecko) Chrome/141.0.0.0 Safari/537.36"[39m
2025-10-23 23:55:51:5551 [35mhttp[39m: [35m::1 - - [23/Oct/2025:20:55:51 +0000] "GET /api/v1/campaigns?category=&status=&search=&page=1&limit=12 HTTP/1.1" 200 7990 "http://localhost:3000/" "Mozilla/5.0 (Macintosh; Intel Mac OS X 10_15_7) AppleWebKit/537.36 (KHTML, like Gecko) Chrome/141.0.0.0 Safari/537.36"[39m
2025-10-23 23:55:53:5553 [35mhttp[39m: [35m::1 - - [23/Oct/2025:20:55:53 +0000] "GET /api/v1/user-campaigns/my-campaigns?page=1&limit=12&_t=1761252953576 HTTP/1.1" 200 91 "http://localhost:3000/" "Mozilla/5.0 (Macintosh; Intel Mac OS X 10_15_7) AppleWebKit/537.36 (KHTML, like Gecko) Chrome/141.0.0.0 Safari/537.36"[39m
2025-10-23 23:55:53:5553 [35mhttp[39m: [35m::1 - - [23/Oct/2025:20:55:53 +0000] "GET /api/v1/user-campaigns/my-campaigns?page=1&limit=12&_t=1761252953577 HTTP/1.1" 200 91 "http://localhost:3000/" "Mozilla/5.0 (Macintosh; Intel Mac OS X 10_15_7) AppleWebKit/537.36 (KHTML, like Gecko) Chrome/141.0.0.0 Safari/537.36"[39m
2025-10-23 23:56:30:5630 [35mhttp[39m: [35m::1 - - [23/Oct/2025:20:56:30 +0000] "POST /api/v1/campaigns HTTP/1.1" 201 518 "http://localhost:3000/" "Mozilla/5.0 (Macintosh; Intel Mac OS X 10_15_7) AppleWebKit/537.36 (KHTML, like Gecko) Chrome/141.0.0.0 Safari/537.36"[39m
2025-10-23 23:56:30:5630 [35mhttp[39m: [35m::1 - - [23/Oct/2025:20:56:30 +0000] "GET /api/v1/campaigns/7017448b-6bd7-4eb4-a100-99432e8fea80?_t=1761252990864 HTTP/1.1" 200 764 "http://localhost:3000/" "Mozilla/5.0 (Macintosh; Intel Mac OS X 10_15_7) AppleWebKit/537.36 (KHTML, like Gecko) Chrome/141.0.0.0 Safari/537.36"[39m
2025-10-23 23:56:30:5630 [35mhttp[39m: [35m::1 - - [23/Oct/2025:20:56:30 +0000] "GET /api/v1/campaigns/7017448b-6bd7-4eb4-a100-99432e8fea80?_t=1761252990864 HTTP/1.1" 304 - "http://localhost:3000/" "Mozilla/5.0 (Macintosh; Intel Mac OS X 10_15_7) AppleWebKit/537.36 (KHTML, like Gecko) Chrome/141.0.0.0 Safari/537.36"[39m
2025-10-23 23:56:30:5630 [35mhttp[39m: [35m::1 - - [23/Oct/2025:20:56:30 +0000] "GET /api/v1/campaigns/7017448b-6bd7-4eb4-a100-99432e8fea80/donations?page=1&limit=10&_t=1761252990864 HTTP/1.1" 200 91 "http://localhost:3000/" "Mozilla/5.0 (Macintosh; Intel Mac OS X 10_15_7) AppleWebKit/537.36 (KHTML, like Gecko) Chrome/141.0.0.0 Safari/537.36"[39m
2025-10-23 23:56:30:5630 [35mhttp[39m: [35m::1 - - [23/Oct/2025:20:56:30 +0000] "GET /api/v1/campaigns/7017448b-6bd7-4eb4-a100-99432e8fea80/donations?page=1&limit=10&_t=1761252990864 HTTP/1.1" 304 - "http://localhost:3000/" "Mozilla/5.0 (Macintosh; Intel Mac OS X 10_15_7) AppleWebKit/537.36 (KHTML, like Gecko) Chrome/141.0.0.0 Safari/537.36"[39m
2025-10-23 23:56:33:5633 [35mhttp[39m: [35m::1 - - [23/Oct/2025:20:56:33 +0000] "GET /api/v1/user-campaigns/my-campaigns?page=1&limit=12&_t=1761252993017 HTTP/1.1" 200 687 "http://localhost:3000/" "Mozilla/5.0 (Macintosh; Intel Mac OS X 10_15_7) AppleWebKit/537.36 (KHTML, like Gecko) Chrome/141.0.0.0 Safari/537.36"[39m
2025-10-23 23:56:33:5633 [35mhttp[39m: [35m::1 - - [23/Oct/2025:20:56:33 +0000] "GET /api/v1/user-campaigns/my-campaigns?page=1&limit=12&_t=1761252993017 HTTP/1.1" 304 - "http://localhost:3000/" "Mozilla/5.0 (Macintosh; Intel Mac OS X 10_15_7) AppleWebKit/537.36 (KHTML, like Gecko) Chrome/141.0.0.0 Safari/537.36"[39m
2025-10-23 23:56:34:5634 [35mhttp[39m: [35m::1 - - [23/Oct/2025:20:56:34 +0000] "PUT /api/v1/campaigns/7017448b-6bd7-4eb4-a100-99432e8fea80 HTTP/1.1" 200 506 "http://localhost:3000/" "Mozilla/5.0 (Macintosh; Intel Mac OS X 10_15_7) AppleWebKit/537.36 (KHTML, like Gecko) Chrome/141.0.0.0 Safari/537.36"[39m
2025-10-23 23:56:34:5634 [35mhttp[39m: [35m::1 - - [23/Oct/2025:20:56:34 +0000] "GET /api/v1/user-campaigns/my-campaigns?page=1&limit=12&_t=1761252994230 HTTP/1.1" 200 688 "http://localhost:3000/" "Mozilla/5.0 (Macintosh; Intel Mac OS X 10_15_7) AppleWebKit/537.36 (KHTML, like Gecko) Chrome/141.0.0.0 Safari/537.36"[39m
2025-10-23 23:56:37:5637 [35mhttp[39m: [35m::1 - - [23/Oct/2025:20:56:37 +0000] "POST /api/v1/auth/login HTTP/1.1" 200 387 "http://localhost:3000/" "Mozilla/5.0 (Macintosh; Intel Mac OS X 10_15_7) AppleWebKit/537.36 (KHTML, like Gecko) Chrome/141.0.0.0 Safari/537.36"[39m
2025-10-23 23:56:37:5637 [35mhttp[39m: [35m::1 - - [23/Oct/2025:20:56:37 +0000] "GET /api/v1/campaigns?category=&status=&search=&page=1&limit=12 HTTP/1.1" 200 8125 "http://localhost:3000/" "Mozilla/5.0 (Macintosh; Intel Mac OS X 10_15_7) AppleWebKit/537.36 (KHTML, like Gecko) Chrome/141.0.0.0 Safari/537.36"[39m
2025-10-23 23:56:37:5637 [35mhttp[39m: [35m::1 - - [23/Oct/2025:20:56:37 +0000] "GET /api/v1/campaigns/featured?_t=1761252997863 HTTP/1.1" 200 3489 "http://localhost:3000/" "Mozilla/5.0 (Macintosh; Intel Mac OS X 10_15_7) AppleWebKit/537.36 (KHTML, like Gecko) Chrome/141.0.0.0 Safari/537.36"[39m
2025-10-23 23:56:37:5637 [35mhttp[39m: [35m::1 - - [23/Oct/2025:20:56:37 +0000] "GET /api/v1/campaigns?category=&status=&search=&page=1&limit=12 HTTP/1.1" 304 - "http://localhost:3000/" "Mozilla/5.0 (Macintosh; Intel Mac OS X 10_15_7) AppleWebKit/537.36 (KHTML, like Gecko) Chrome/141.0.0.0 Safari/537.36"[39m
2025-10-23 23:56:37:5637 [35mhttp[39m: [35m::1 - - [23/Oct/2025:20:56:37 +0000] "GET /api/v1/campaigns/featured?_t=1761252997863 HTTP/1.1" 304 - "http://localhost:3000/" "Mozilla/5.0 (Macintosh; Intel Mac OS X 10_15_7) AppleWebKit/537.36 (KHTML, like Gecko) Chrome/141.0.0.0 Safari/537.36"[39m
2025-10-23 23:56:44:5644 [35mhttp[39m: [35m::1 - - [23/Oct/2025:20:56:44 +0000] "GET /api/v1/campaigns/7017448b-6bd7-4eb4-a100-99432e8fea80/donations?page=1&limit=10&_t=1761253004740 HTTP/1.1" 200 91 "http://localhost:3000/" "Mozilla/5.0 (Macintosh; Intel Mac OS X 10_15_7) AppleWebKit/537.36 (KHTML, like Gecko) Chrome/141.0.0.0 Safari/537.36"[39m
2025-10-23 23:56:44:5644 [35mhttp[39m: [35m::1 - - [23/Oct/2025:20:56:44 +0000] "GET /api/v1/campaigns/7017448b-6bd7-4eb4-a100-99432e8fea80/donations?page=1&limit=10&_t=1761253004740 HTTP/1.1" 304 - "http://localhost:3000/" "Mozilla/5.0 (Macintosh; Intel Mac OS X 10_15_7) AppleWebKit/537.36 (KHTML, like Gecko) Chrome/141.0.0.0 Safari/537.36"[39m
2025-10-23 23:56:44:5644 [35mhttp[39m: [35m::1 - - [23/Oct/2025:20:56:44 +0000] "GET /api/v1/campaigns/7017448b-6bd7-4eb4-a100-99432e8fea80?_t=1761253004740 HTTP/1.1" 200 764 "http://localhost:3000/" "Mozilla/5.0 (Macintosh; Intel Mac OS X 10_15_7) AppleWebKit/537.36 (KHTML, like Gecko) Chrome/141.0.0.0 Safari/537.36"[39m
2025-10-23 23:56:44:5644 [35mhttp[39m: [35m::1 - - [23/Oct/2025:20:56:44 +0000] "GET /api/v1/campaigns/7017448b-6bd7-4eb4-a100-99432e8fea80?_t=1761253004740 HTTP/1.1" 304 - "http://localhost:3000/" "Mozilla/5.0 (Macintosh; Intel Mac OS X 10_15_7) AppleWebKit/537.36 (KHTML, like Gecko) Chrome/141.0.0.0 Safari/537.36"[39m
2025-10-23 23:57:01:571 [35mhttp[39m: [35m::1 - - [23/Oct/2025:20:57:01 +0000] "POST /api/v1/campaigns/7017448b-6bd7-4eb4-a100-99432e8fea80/donations HTTP/1.1" 201 1151 "http://localhost:3000/" "Mozilla/5.0 (Macintosh; Intel Mac OS X 10_15_7) AppleWebKit/537.36 (KHTML, like Gecko) Chrome/141.0.0.0 Safari/537.36"[39m
2025-10-23 23:57:01:571 [35mhttp[39m: [35m::1 - - [23/Oct/2025:20:57:01 +0000] "GET /api/v1/campaigns/7017448b-6bd7-4eb4-a100-99432e8fea80?_t=1761253021534 HTTP/1.1" 200 1179 "http://localhost:3000/" "Mozilla/5.0 (Macintosh; Intel Mac OS X 10_15_7) AppleWebKit/537.36 (KHTML, like Gecko) Chrome/141.0.0.0 Safari/537.36"[39m
2025-10-23 23:57:01:571 [35mhttp[39m: [35m::1 - - [23/Oct/2025:20:57:01 +0000] "GET /api/v1/campaigns/7017448b-6bd7-4eb4-a100-99432e8fea80/donations?page=1&limit=10&_t=1761253021542 HTTP/1.1" 200 500 "http://localhost:3000/" "Mozilla/5.0 (Macintosh; Intel Mac OS X 10_15_7) AppleWebKit/537.36 (KHTML, like Gecko) Chrome/141.0.0.0 Safari/537.36"[39m
2025-10-23 23:57:07:577 [35mhttp[39m: [35m::1 - - [23/Oct/2025:20:57:07 +0000] "GET /api/v1/campaigns/featured?_t=1761253027435 HTTP/1.1" 200 3493 "http://localhost:3000/" "Mozilla/5.0 (Macintosh; Intel Mac OS X 10_15_7) AppleWebKit/537.36 (KHTML, like Gecko) Chrome/141.0.0.0 Safari/537.36"[39m
2025-10-23 23:57:07:577 [35mhttp[39m: [35m::1 - - [23/Oct/2025:20:57:07 +0000] "GET /api/v1/campaigns?category=&status=&search=&page=1&limit=12 HTTP/1.1" 200 8129 "http://localhost:3000/" "Mozilla/5.0 (Macintosh; Intel Mac OS X 10_15_7) AppleWebKit/537.36 (KHTML, like Gecko) Chrome/141.0.0.0 Safari/537.36"[39m
2025-10-23 23:57:07:577 [35mhttp[39m: [35m::1 - - [23/Oct/2025:20:57:07 +0000] "GET /api/v1/campaigns/featured?_t=1761253027435 HTTP/1.1" 304 - "http://localhost:3000/" "Mozilla/5.0 (Macintosh; Intel Mac OS X 10_15_7) AppleWebKit/537.36 (KHTML, like Gecko) Chrome/141.0.0.0 Safari/537.36"[39m
2025-10-23 23:57:07:577 [35mhttp[39m: [35m::1 - - [23/Oct/2025:20:57:07 +0000] "GET /api/v1/campaigns?category=&status=&search=&page=1&limit=12 HTTP/1.1" 200 8129 "http://localhost:3000/" "Mozilla/5.0 (Macintosh; Intel Mac OS X 10_15_7) AppleWebKit/537.36 (KHTML, like Gecko) Chrome/141.0.0.0 Safari/537.36"[39m
2025-10-23 23:57:13:5713 [35mhttp[39m: [35m::1 - - [23/Oct/2025:20:57:13 +0000] "GET /api/v1/campaigns/7017448b-6bd7-4eb4-a100-99432e8fea80/donations?page=1&limit=10&_t=1761253033147 HTTP/1.1" 200 500 "http://localhost:3000/" "Mozilla/5.0 (Macintosh; Intel Mac OS X 10_15_7) AppleWebKit/537.36 (KHTML, like Gecko) Chrome/141.0.0.0 Safari/537.36"[39m
2025-10-23 23:57:13:5713 [35mhttp[39m: [35m::1 - - [23/Oct/2025:20:57:13 +0000] "GET /api/v1/campaigns/7017448b-6bd7-4eb4-a100-99432e8fea80?_t=1761253033147 HTTP/1.1" 200 1179 "http://localhost:3000/" "Mozilla/5.0 (Macintosh; Intel Mac OS X 10_15_7) AppleWebKit/537.36 (KHTML, like Gecko) Chrome/141.0.0.0 Safari/537.36"[39m
2025-10-23 23:57:13:5713 [35mhttp[39m: [35m::1 - - [23/Oct/2025:20:57:13 +0000] "GET /api/v1/campaigns/7017448b-6bd7-4eb4-a100-99432e8fea80/donations?page=1&limit=10&_t=1761253033147 HTTP/1.1" 304 - "http://localhost:3000/" "Mozilla/5.0 (Macintosh; Intel Mac OS X 10_15_7) AppleWebKit/537.36 (KHTML, like Gecko) Chrome/141.0.0.0 Safari/537.36"[39m
2025-10-23 23:57:13:5713 [35mhttp[39m: [35m::1 - - [23/Oct/2025:20:57:13 +0000] "GET /api/v1/campaigns/7017448b-6bd7-4eb4-a100-99432e8fea80?_t=1761253033147 HTTP/1.1" 304 - "http://localhost:3000/" "Mozilla/5.0 (Macintosh; Intel Mac OS X 10_15_7) AppleWebKit/537.36 (KHTML, like Gecko) Chrome/141.0.0.0 Safari/537.36"[39m
